gene_symbol,number_of_available_probes,number_of_reliable_probes,best_detection_rate
A1CF,2,0,0.008373851971907077
A3GALT2P,1,0,0.4027552674230146
A4GNT,2,0,0.007563479200432199
AADAC,2,0,0.00945434900054025
AADACL2,2,0,0.03349540788762831
AADACL4,2,0,0.02215018908698001
ABCA12,2,0,0.011885467314964884
ABCA13,2,0,0.010804970286331712
ABCA4,2,0,0.10480821177741761
ABCB11,2,0,0.005402485143165856
ABCB4,2,0,0.04321988114532685
ABCB5,2,0,0.011885467314964884
ABCC11,3,0,0.08508914100486224
ABCC13,4,0,0.011615343057806591
ABCC2,2,0,0.022420313344138302
ABCC3,4,0,0.15262020529443543
ABCC4,3,0,0.4394921663965424
ABCD1,2,0,0.3133441383036197
ABCG5,2,0,0.3835764451647758
ABHD15,3,0,0.4683954619124797
ABI3BP,3,0,0.27336574824419235
ABO,2,0,0.20394381415451107
ABP1,2,0,0.1542409508373852
ABRA,2,0,0.026472177201512695
AC002472.1,2,0,0.1469475958941113
AC002511.1,2,0,0.21177741761210156
AC003999.1,2,0,0.00945434900054025
AC004080.12,2,0,0.036196650459211235
AC004790.2,2,0,0.005132360886007563
AC004797.1,3,0,0.005132360886007563
AC005014.1,2,0,0.2622906537007023
AC005041.9,2,0,0.3835764451647758
AC005358.1,1,0,0.025391680172879523
AC005840.2,1,0,0.4559697460831983
AC005962.2,2,0,0.021339816315505133
AC006014.8,1,0,0.01728795245813074
AC006276.1,1,0,0.04213938411669368
AC006517.3,2,0,0.01053484602917342
AC007364.1,1,0,0.008914100486223663
AC008026.2,3,0,0.2101566720691518
AC008132.4,1,0,0.017017828200972446
AC008449.1,2,0,0.32901134521880065
AC008537.3,1,0,0.00945434900054025
AC008687.3,2,0,0.4208535926526202
AC009093.1,1,0,0.13992436520799567
AC009107.3,1,0,0.004862236628849271
AC009123.1,1,0,0.007023230686115613
AC009236.1,1,0,0.005132360886007563
AC009509.1,2,0,0.05375472717450027
AC011346.1,2,0,0.00675310642895732
AC011443.1,2,0,0.24284170718530523
AC011472.2,2,0,0.33684494867639114
AC011500.2,2,0,0.04376012965964344
AC012435.1,2,0,0.022420313344138302
AC013271.3,2,0,0.4011345218800648
AC013400.2,1,0,0.01917882225823879
AC013553.1,2,0,0.3187466234467855
AC017096.1,1,0,0.4168017287952458
AC018682.6,2,0,0.031064289573203674
AC018755.8,1,0,0.19340896812533764
AC022075.1,2,0,0.004321988114532685
AC023510.2,2,0,0.014856834143706105
AC023830.2,2,0,0.023230686115613183
AC024940.3,2,0,0.15153970826580226
AC034236.3,2,0,0.046731496488384656
AC055839.1,3,0,0.4135602377093463
AC066593.1,2,0,0.010804970286331712
AC068057.2,1,0,0.05294435440302539
AC068181.1,1,0,0.03079416531604538
AC068658.1,2,0,0.039978390059427334
AC069029.1,2,0,0.27633711507293357
AC069146.2,1,0,0.009994597514856833
AC069525.1,1,0,0.009724473257698542
AC073869.20,1,0,0.059967585089141004
AC078847.1,1,0,0.019989195029713667
AC087309.1,2,0,0.01539708265802269
AC090844.1,1,0,0.004051863857374392
AC091152.2,3,0,0.013236088600756347
AC092070.4,2,0,0.011075094543490005
AC092327.1,2,0,0.018098325229605618
AC092384.2,2,0,0.06212857914640735
AC093063.1,2,0,0.006212857914640735
AC093283.3,3,0,0.4886547811993517
AC093849.1,2,0,0.04754186925985954
AC094086.1,2,0,0.4900054024851432
AC096655.2,2,0,0.041599135602377095
AC098799.1,2,0,0.00864397622906537
AC099759.1,1,0,0.15451107509454348
AC099797.1,2,0,0.46677471636953
AC100756.1,3,0,0.12074554294975688
AC100793.2,3,0,0.004592112371690978
AC100793.3,2,0,0.4097784981091302
AC103540.1,2,0,0.11885467314964884
AC104819.1,2,0,0.01539708265802269
AC105337.1,1,0,0.051053484602917344
AC105391.2,2,0,0.050783360345759046
AC106739.1,1,0,0.32847109670448404
AC107212.1,2,0,0.03727714748784441
AC108938.1,1,0,0.48028092922744464
AC114273.1,2,0,0.02890329551593733
AC116334.1,2,0,0.004862236628849271
AC117392.3,2,0,0.12155591572123177
AC117460.2,2,0,0.02188006482982172
AC130416.1,2,0,0.3978930307941653
AC130416.2,2,0,0.20583468395461912
AC134982.1,2,0,0.4435440302539168
AC135050.2,3,0,0.3317125877903836
AC135457.2,2,0,0.026472177201512695
AC138894.3,2,0,0.12290653700702323
AC139768.2,2,0,0.4513776337115073
AC140481.7,1,0,0.04808211777417612
AC144830.1,1,0,0.0864397622906537
AC147055.1,3,0,0.1094003241491086
AC152006.2,1,0,0.04294975688816856
ACADS,1,0,0.40464613722312265
ACCN5,2,0,0.019989195029713667
ACCSL,2,0,0.16396542409508374
ACE,4,0,0.11075094543490005
ACE2,2,0,0.05348460291734198
ACER1,2,0,0.33522420313344137
ACMSD,2,0,0.007293354943273906
ACOT12,2,0,0.05672609400324149
ACOT6,1,0,0.10291734197730956
ACOXL,5,0,0.023500810372771474
ACPT,2,0,0.4521880064829822
ACRV1,7,0,0.20907617504051865
ACSBG2,2,0,0.14370610480821178
ACSL5,2,0,0.31415451107509457
ACSM2,2,0,0.09346299297676931
ACSM4,2,0,0.012155591572123177
ACTL7A,2,0,0.16018368449486764
ACTL7B,2,0,0.04835224203133441
ACTL9,2,0,0.47244732576985415
ACTN3,2,0,0.4219340896812534
ACTRT1,2,0,0.0675310642895732
ADAD1,2,0,0.006212857914640735
ADAM12,4,0,0.250945434900054
ADAM18,2,0,0.006482982171799027
ADAM2,2,0,0.020799567801188548
ADAM21,3,0,0.2863317125877904
ADAM30,2,0,0.011075094543490005
ADAM32,2,0,0.32603997839005944
ADAM5P,2,0,0.009994597514856833
ADAM6,2,0,0.2709346299297677
ADAMTS12,2,0,0.026472177201512695
ADAMTS15,2,0,0.035926526202052944
ADAMTS16,2,0,0.14208535926526203
ADAMTS17,2,0,0.03268503511615343
ADAMTS18,2,0,0.45786061588330634
ADAMTS20,3,0,0.010264721772015126
ADAMTS3,2,0,0.4705564559697461
ADAMTS6,2,0,0.024581307401404646
ADCY10,2,0,0.02377093462992977
ADH1B,1,0,0.0024311183144246355
ADH4,2,0,0.06374932468935711
ADH6,2,0,0.005132360886007563
ADH7,2,0,0.004592112371690978
ADIG,2,0,0.13992436520799567
ADIPOQ,2,0,0.011075094543490005
ADPRH,2,0,0.23635872501350622
ADRA2B,3,0,0.0940032414910859
ADRB3,2,0,0.2628309022150189
AFAP1-AS1,2,0,0.2522960561858455
AFM,2,0,0.010264721772015126
AFP,1,0,0.050783360345759046
AGPAT2,2,0,0.4821717990275527
AGR2,2,0,0.02215018908698001
AGR3,2,0,0.04321988114532685
AGTR1,2,0,0.025661804430037818
AGTR2,3,0,0.011615343057806591
AGXT2,2,0,0.011885467314964884
AICDA,2,0,0.013776337115072933
AIM1,2,0,0.10723933009184225
AIM1L,3,0,0.09886547811993517
AIPL1,2,0,0.002701242571582928
AK7,2,0,0.3017287952458131
AKAP14,5,0,0.44570502431118314
AKAP3,2,0,0.04267963263101027
AKAP4,3,0,0.012965964343598054
AKNA,2,0,0.1091301998919503
AKR1B10,3,0,0.07185305240410589
AKR1C2,1,0,0.020799567801188548
AKR1CL1,2,0,0.05753646677471637
AKR1D1,2,0,0.004051863857374392
AL109758.1,2,0,0.015667206915180983
AL109938.1,2,0,0.007833603457590491
AL136139.1,2,0,0.004051863857374392
AL139377.1,2,0,0.09454349000540249
AL355922.1,1,0,0.08670988654781199
AL355985.2,2,0,0.01917882225823879
AL358813.3,1,0,0.0024311183144246355
AL359392.2,2,0,0.2034035656401945
ALDH1A2,2,0,0.08130740140464614
ALDH3A1,3,0,0.2863317125877904
ALDH3B2,2,0,0.22042139384116693
ALDOB,2,0,0.2814694759589411
ALG1L2,1,0,0.0037817396002160996
ALLC,2,0,0.023500810372771474
ALOX12,2,0,0.07401404646137223
ALOX15,3,0,0.050783360345759046
ALPI,2,0,0.3333333333333333
ALPK2,2,0,0.007293354943273906
ALPK3,2,0,0.12695840086439764
ALX1,2,0,0.2517558076715289
ALX4,2,0,0.02404105888708806
AMBN,2,0,0.20205294435440302
AMBP,2,0,0.10669908157752567
AMELX,3,0,0.020799567801188548
AMELY,2,0,0.2809292274446245
AMHR2,2,0,0.2547271745002701
AMPD1,1,0,0.004862236628849271
AMTN,2,0,0.004051863857374392
ANGPTL1,2,0,0.4392220421393841
ANGPTL3,2,0,0.01431658562938952
ANGPTL5,2,0,0.020529443544030253
ANGPTL7,2,0,0.13263101026472177
ANKFN1,2,0,0.16315505132360886
ANKLE1,2,0,0.1720691518098325
ANKMY1,3,0,0.28038897893030795
ANKRD1,2,0,0.011615343057806591
ANKRD20A7P,1,0,0.2782279848730416
ANKRD22,3,0,0.3681793625067531
ANKRD30A,2,0,0.006212857914640735
ANKRD31,2,0,0.39384116693679094
ANKRD34B,2,0,0.2668827660723933
ANKRD36,2,0,0.005132360886007563
ANKRD5,2,0,0.29902755267423015
ANKRD55,3,0,0.4816315505132361
ANKRD60,1,0,0.012965964343598054
ANKRD62,1,0,0.41220961642355486
ANKRD7,2,0,0.4313884386817936
ANKS4B,2,0,0.007023230686115613
ANO1,2,0,0.3684494867639114
ANO4,3,0,0.01755807671528903
ANO9,2,0,0.1423554835224203
ANPEP,2,0,0.1580226904376013
ANXA10,2,0,0.008373851971907077
ANXA13,2,0,0.04835224203133441
ANXA2P3,2,0,0.43030794165316044
ANXA9,2,0,0.024311183144246355
AOC4,2,0,0.045921123716909776
AOX1,2,0,0.47811993517017826
AP000345.1,3,0,0.04267963263101027
AP000459.4,1,0,0.0010804970286331713
AP003170.1,2,0,0.02890329551593733
AP003355.2,2,0,0.42706645056726095
AP1M2,2,0,0.1053484602917342
APLF,2,0,0.12128579146407348
APOA2,1,0,0.014586709886547812
APOA4,2,0,0.38870880605078334
APOA5,2,0,0.08562938951917883
APOB,3,0,0.01620745542949757
APOBEC1,2,0,0.011885467314964884
APOBEC2,2,0,0.012155591572123177
APOBEC3A,1,0,0.005672609400324149
APOBEC3B,1,0,0.11804430037817396
APOBEC3C,1,0,0.050513236088600755
APOBEC3D,2,0,0.16531604538087522
APOBEC3G,3,0,0.3757428417071853
APOBEC3H,2,0,0.012155591572123177
APOBEC4,2,0,0.00864397622906537
APOC3,2,0,0.012965964343598054
APOF,2,0,0.007293354943273906
APOH,2,0,0.007023230686115613
AQP12A,2,0,0.018098325229605618
AQP3,2,0,0.391139924365208
AQP7P2,1,0,0.010804970286331712
AQP8,2,0,0.40437601296596437
AQP9,2,0,0.4584008643976229
AREG,3,0,0.13047001620745544
ARG1,2,0,0.29983792544570503
ARHGAP11A,4,0,0.10264721772015127
ARHGAP11B,2,0,0.1690977849810913
ARHGAP15,2,0,0.40437601296596437
ARHGAP30,2,0,0.09589411129119395
ARHGAP8,3,0,0.06699081577525662
ARHGEF5,3,0,0.3703403565640194
ARHGEF5L,1,0,0.27633711507293357
ARID3C,2,0,0.4343598055105348
ARL11,3,0,0.015667206915180983
ARL13A,2,0,0.008103727714748784
ARL14,2,0,0.014046461372231226
ARL5C,2,0,0.007293354943273906
ARMC3,2,0,0.09211237169097786
ARMC4,3,0,0.4313884386817936
ARMS2,2,0,0.09832522960561858
ARPC3P3,1,0,0.40707725553754726
ARR3,2,0,0.01431658562938952
ARRDC5,2,0,0.018368449486763912
ARSH,2,0,0.04024851431658563
ARSI,2,0,0.12263641274986493
ART1,2,0,0.025661804430037818
ART4,2,0,0.014046461372231226
ARVP6125,2,0,0.4141004862236629
ASB11,3,0,0.0337655321447866
ASB12,2,0,0.25823878984332793
ASB14,3,0,0.09859535386277687
ASB15,2,0,0.05375472717450027
ASB17,2,0,0.004592112371690978
ASB9,3,0,0.4327390599675851
ASCL3,2,0,0.010804970286331712
ASCL4,2,0,0.016477579686655863
ASF1B,2,0,0.21907077255537546
ASMT,2,0,0.22474338195569962
ASPG,2,0,0.17774176121015667
ASPM,3,0,0.08670988654781199
ASPN,2,0,0.43165856293895194
ASZ1,2,0,0.018098325229605618
ATAD5,2,0,0.49810913019989195
ATG9B,2,0,0.348730415991356
ATOH1,2,0,0.02485143165856294
ATP12A,2,0,0.03565640194489465
ATP13A5,2,0,0.3387358184764992
ATP1B4,3,0,0.09238249594813615
ATP2A3,2,0,0.1731496488384657
ATP4B,2,0,0.206645056726094
ATP6V0D2,2,0,0.006212857914640735
ATP6V1B1,2,0,0.37412209616423553
ATP6V1C2,1,0,0.2801188546731497
ATP6V1G3,2,0,0.009724473257698542
ATP8B4,2,0,0.2522960561858455
ATPAF1-AS1,2,0,0.11345218800648298
ATXN3,2,0,0.11534305780659103
ATXN3L,2,0,0.12236628849270664
AVPR1A,3,0,0.0750945434900054
AVPR1B,3,0,0.011885467314964884
AWAT1,2,0,0.0037817396002160996
AWAT2,2,0,0.026202052944354404
AZU1,2,0,0.3254997298757428
A_23_P10060,1,0,0.08670988654781199
A_23_P102071,1,0,0.4627228525121556
A_23_P103269,2,0,0.21582928146947597
A_23_P103743,1,0,0.16018368449486764
A_23_P104012,1,0,0.004592112371690978
A_23_P104484,1,0,0.3268503511615343
A_23_P104865,1,0,0.021609940572663425
A_23_P10525,1,0,0.0021609940572663426
A_23_P10561,3,0,0.18260399783900594
A_23_P106814,1,0,0.021339816315505133
A_23_P107578,1,0,0.09427336574824419
A_23_P108427,2,0,0.1012965964343598
A_23_P108970,1,0,0.1423554835224203
A_23_P108990,1,0,0.04403025391680173
A_23_P109720,1,0,0.0032414910858995136
A_23_P112957,1,0,0.3827660723933009
A_23_P113056,1,0,0.01242571582928147
A_23_P113549,1,0,0.002971366828741221
A_23_P113692,1,0,0.00945434900054025
A_23_P113738,1,0,0.004592112371690978
A_23_P113841,1,0,0.03862776877363587
A_23_P113952,1,0,0.004321988114532685
A_23_P116473,2,0,0.02106969205834684
A_23_P116523,3,0,0.06942193408968125
A_23_P117480,1,0,0.06807131280388978
A_23_P117828,1,0,0.007293354943273906
A_23_P118370,5,0,0.4900054024851432
A_23_P119152,1,0,0.007023230686115613
A_23_P11980,1,0,0.22042139384116693
A_23_P119850,2,0,0.039978390059427334
A_23_P120545,1,0,0.019448946515397084
A_23_P121,1,0,0.03538627768773636
A_23_P121573,1,0,0.2368989735278228
A_23_P122481,1,0,0.012965964343598054
A_23_P122688,1,0,0.021339816315505133
A_23_P123362,2,0,0.007293354943273906
A_23_P12373,1,0,0.004051863857374392
A_23_P123838,1,0,0.004051863857374392
A_23_P12386,1,0,0.005942733657482442
A_23_P124335,1,0,0.2909238249594814
A_23_P124343,1,0,0.006212857914640735
A_23_P124699,1,0,0.18584548892490546
A_23_P124934,1,0,0.33630470016207453
A_23_P124977,1,0,0.0032414910858995136
A_23_P125176,2,0,0.03268503511615343
A_23_P125844,1,0,0.006212857914640735
A_23_P12628,1,0,0.43814154511075093
A_23_P126560,1,0,0.005132360886007563
A_23_P127697,1,0,0.1318206374932469
A_23_P129754,1,0,0.07104267963263101
A_23_P131170,1,0,0.004051863857374392
A_23_P132606,1,0,0.008373851971907077
A_23_P13271,1,0,0.019448946515397084
A_23_P134405,1,0,0.3965424095083738
A_23_P134704,1,0,0.01431658562938952
A_23_P13535,1,0,0.45272825499729874
A_23_P135385,1,0,0.3371150729335494
A_23_P135589,1,0,0.12749864937871422
A_23_P135926,1,0,0.10453808752025932
A_23_P136026,1,0,0.17450027012425715
A_23_P136085,1,0,0.017017828200972446
A_23_P136392,1,0,0.32576985413290116
A_23_P136724,2,0,0.0032414910858995136
A_23_P136849,3,0,0.01431658562938952
A_23_P136959,1,0,0.0035116153430578066
A_23_P13789,1,0,0.02971366828741221
A_23_P140454,2,0,0.09292274446245273
A_23_P140654,3,0,0.37385197190707725
A_23_P140780,1,0,0.006482982171799027
A_23_P142395,1,0,0.27660723933009185
A_23_P142861,1,0,0.035926526202052944
A_23_P143288,1,0,0.017017828200972446
A_23_P143811,1,0,0.009994597514856833
A_23_P144208,1,0,0.001350621285791464
A_23_P144704,3,0,0.46326310102647217
A_23_P145930,1,0,0.004592112371690978
A_23_P146717,1,0,0.05483522420313344
A_23_P147224,1,0,0.0018908698001080498
A_23_P147970,1,0,0.0189086980010805
A_23_P156168,2,0,0.273095623987034
A_23_P157692,2,0,0.01350621285791464
A_23_P158176,1,0,0.002701242571582928
A_23_P158699,1,0,0.17504051863857376
A_23_P158868,1,0,0.010804970286331712
A_23_P158913,2,0,0.011345218800648298
A_23_P159163,1,0,0.02674230145867099
A_23_P159527,1,0,0.013776337115072933
A_23_P159595,1,0,0.0018908698001080498
A_23_P163200,1,0,0.029983792544570502
A_23_P163336,1,0,0.1507293354943274
A_23_P16370,1,0,0.01431658562938952
A_23_P164415,1,0,0.14019448946515398
A_23_P165513,1,0,0.0032414910858995136
A_23_P166467,1,0,0.19611021069692058
A_23_P166520,1,0,0.3465694219340897
A_23_P167051,1,0,0.04024851431658563
A_23_P169812,1,0,0.006212857914640735
A_23_P169944,1,0,0.00945434900054025
A_23_P169949,1,0,0.014586709886547812
A_23_P170110,2,0,0.3454889249054565
A_23_P170409,1,0,0.039978390059427334
A_23_P170427,1,0,0.26499189627228525
A_23_P170551,1,0,0.00945434900054025
A_23_P170830,1,0,0.23743922204213938
A_23_P171232,1,0,0.0035116153430578066
A_23_P17837,1,0,0.05807671528903296
A_23_P18173,1,0,0.09940572663425176
A_23_P1871,1,0,0.06645056726094004
A_23_P18871,2,0,0.1501890869800108
A_23_P1894,1,0,0.001350621285791464
A_23_P20017,1,0,0.09913560237709346
A_23_P201109,2,0,0.026202052944354404
A_23_P202667,1,0,0.09184224743381955
A_23_P203150,1,0,0.014856834143706105
A_23_P204170,1,0,0.4097784981091302
A_23_P205500,1,0,0.03808752025931929
A_23_P206068,2,0,0.17423014586709887
A_23_P206135,1,0,0.21501890869800108
A_23_P206741,1,0,0.021609940572663425
A_23_P207233,1,0,0.06131820637493247
A_23_P207557,1,0,0.05321447866018368
A_23_P207881,1,0,0.016477579686655863
A_23_P208393,1,0,0.37790383576445163
A_23_P208626,1,0,0.09751485683414371
A_23_P209116,1,0,0.0032414910858995136
A_23_P209527,1,0,0.009724473257698542
A_23_P209882,2,0,0.3192868719611021
A_23_P21045,1,0,0.04024851431658563
A_23_P210451,1,0,0.07077255537547272
A_23_P21120,1,0,0.0021609940572663426
A_23_P211699,1,0,0.0021609940572663426
A_23_P211711,1,0,0.1085899513776337
A_23_P211762,4,0,0.11885467314964884
A_23_P212149,1,0,0.014856834143706105
A_23_P21249,1,0,0.26121015667206915
A_23_P21260,1,0,0.04781199351701783
A_23_P21293,1,0,0.051053484602917344
A_23_P21393,1,0,0.025661804430037818
A_23_P215382,1,0,0.004592112371690978
A_23_P21587,1,0,0.004321988114532685
A_23_P216434,1,0,0.009184224743381956
A_23_P216581,1,0,0.004862236628849271
A_23_P216900,1,0,0.007293354943273906
A_23_P217187,1,0,0.005132360886007563
A_23_P217698,1,0,0.047271745002701246
A_23_P218569,1,0,0.47947055645596975
A_23_P22072,1,0,0.3092922744462453
A_23_P22254,1,0,0.381955699621826
A_23_P23564,1,0,0.028363047001620744
A_23_P23593,1,0,0.029443544030253916
A_23_P23698,2,0,0.0037817396002160996
A_23_P24507,1,0,0.2909238249594814
A_23_P250516,4,0,0.011075094543490005
A_23_P25086,1,0,0.10237709346299298
A_23_P252360,1,0,0.005402485143165856
A_23_P252501,2,0,0.20502431118314424
A_23_P253168,1,0,0.001350621285791464
A_23_P253689,1,0,0.002701242571582928
A_23_P253762,1,0,0.0021609940572663426
A_23_P254061,1,0,0.004051863857374392
A_23_P254330,1,0,0.008103727714748784
A_23_P255486,1,0,0.01053484602917342
A_23_P257396,1,0,0.0035116153430578066
A_23_P25755,1,0,0.02377093462992977
A_23_P258666,1,0,0.004321988114532685
A_23_P258734,1,0,0.002701242571582928
A_23_P26004,3,0,0.0902215018908698
A_23_P28201,1,0,0.20016207455429497
A_23_P28397,1,0,0.21339816315505133
A_23_P28514,1,0,0.015937331172339277
A_23_P28927,1,0,0.037007023230686116
A_23_P29411,1,0,0.25364667747163694
A_23_P300112,1,0,0.0037817396002160996
A_23_P300136,1,0,0.3187466234467855
A_23_P301484,1,0,0.05186385737439222
A_23_P30150,1,0,0.008373851971907077
A_23_P302078,1,0,0.004321988114532685
A_23_P302320,1,0,0.07779578606158834
A_23_P302386,1,0,0.07968665586169638
A_23_P302750,1,0,0.024581307401404646
A_23_P303145,1,0,0.1693679092382496
A_23_P303417,1,0,0.0010804970286331713
A_23_P304054,1,0,0.35467314964883845
A_23_P30411,1,0,0.30740140464613724
A_23_P305680,1,0,0.18881685575364668
A_23_P306240,2,0,0.20448406266882765
A_23_P30630,1,0,0.0823878984332793
A_23_P307042,1,0,0.005672609400324149
A_23_P30707,2,0,0.20961642355483523
A_23_P307161,1,0,0.005942733657482442
A_23_P309250,2,0,0.4916261480280929
A_23_P311246,1,0,0.00675310642895732
A_23_P313588,1,0,0.007293354943273906
A_23_P313993,1,0,0.2639113992436521
A_23_P315131,2,0,0.3603457590491626
A_23_P315651,1,0,0.004592112371690978
A_23_P316543,1,0,0.007833603457590491
A_23_P317413,1,0,0.32901134521880065
A_23_P317548,1,0,0.11912479740680713
A_23_P320190,1,0,0.14397622906537008
A_23_P320858,1,0,0.008103727714748784
A_23_P32583,1,0,0.023230686115613183
A_23_P327134,1,0,0.007563479200432199
A_23_P327183,1,0,0.01350621285791464
A_23_P327643,1,0,0.002971366828741221
A_23_P328174,2,0,0.0337655321447866
A_23_P32821,1,0,0.04538087520259319
A_23_P330708,1,0,0.004321988114532685
A_23_P33075,1,0,0.009184224743381956
A_23_P33207,1,0,0.15153970826580226
A_23_P33356,1,0,0.09697460831982713
A_23_P333998,1,0,0.2749864937871421
A_23_P336060,1,0,0.15505132360886006
A_23_P336239,1,0,0.075634792004322
A_23_P33642,1,0,0.006212857914640735
A_23_P33643,1,0,0.00675310642895732
A_23_P336838,1,0,0.013236088600756347
A_23_P337327,1,0,0.0032414910858995136
A_23_P339560,1,0,0.03079416531604538
A_23_P340010,1,0,0.0035116153430578066
A_23_P342165,2,0,0.4189627228525122
A_23_P342489,1,0,0.026202052944354404
A_23_P342585,1,0,0.29578606158833065
A_23_P343680,1,0,0.012965964343598054
A_23_P345068,1,0,0.004321988114532685
A_23_P346798,1,0,0.3346839546191248
A_23_P348304,1,0,0.004862236628849271
A_23_P348587,1,0,0.46029173419773095
A_23_P34897,1,0,0.0024311183144246355
A_23_P350155,1,0,0.0024311183144246355
A_23_P350658,1,0,0.019989195029713667
A_23_P351744,1,0,0.43814154511075093
A_23_P352648,1,0,0.008103727714748784
A_23_P353865,1,0,0.20475418692598596
A_23_P354326,1,0,0.02863317125877904
A_23_P354547,1,0,0.2901134521880065
A_23_P358244,1,0,0.4089681253376553
A_23_P359804,1,0,0.004862236628849271
A_23_P361074,1,0,0.00675310642895732
A_23_P361596,1,0,0.002701242571582928
A_23_P361614,1,0,0.27984873041599134
A_23_P361654,1,0,0.008373851971907077
A_23_P361679,1,0,0.3076715289032955
A_23_P36248,3,0,0.11399243652079957
A_23_P363414,2,0,0.021609940572663425
A_23_P36439,1,0,0.006482982171799027
A_23_P364487,2,0,0.025121555915721232
A_23_P365327,1,0,0.008373851971907077
A_23_P366890,1,0,0.04267963263101027
A_23_P369090,1,0,0.004592112371690978
A_23_P369150,1,0,0.4405726634251756
A_23_P370147,1,0,0.06212857914640735
A_23_P370408,1,0,0.2406807131280389
A_23_P370782,1,0,0.47811993517017826
A_23_P371463,1,0,0.031874662344678555
A_23_P373092,1,0,0.01053484602917342
A_23_P374664,1,0,0.004862236628849271
A_23_P374944,1,0,0.2441923284710967
A_23_P375121,1,0,0.059967585089141004
A_23_P375541,3,0,0.11210156672069152
A_23_P377191,2,0,0.11858454889249055
A_23_P377245,2,0,0.47784981091302
A_23_P377350,1,0,0.3787142085359265
A_23_P377411,1,0,0.4862236628849271
A_23_P377680,1,0,0.14370610480821178
A_23_P37785,1,0,0.2531064289573204
A_23_P377909,3,0,0.27039438141545113
A_23_P378458,1,0,0.005132360886007563
A_23_P378766,1,0,0.029983792544570502
A_23_P379634,2,0,0.2255537547271745
A_23_P383764,1,0,0.005132360886007563
A_23_P384127,1,0,0.025121555915721232
A_23_P387312,1,0,0.00945434900054025
A_23_P38978,1,0,0.06428957320367369
A_23_P390206,1,0,0.1580226904376013
A_23_P390209,1,0,0.01053484602917342
A_23_P390621,1,0,0.34035656401944897
A_23_P390876,1,0,0.45407887628309024
A_23_P391382,1,0,0.4543490005402485
A_23_P393495,1,0,0.19043760129659643
A_23_P394323,1,0,0.15235008103727715
A_23_P395054,1,0,0.020529443544030253
A_23_P395321,3,0,0.021609940572663425
A_23_P395705,1,0,0.09211237169097786
A_23_P396322,1,0,0.1582928146947596
A_23_P396832,1,0,0.005402485143165856
A_23_P399206,1,0,0.1501890869800108
A_23_P399604,1,0,0.33522420313344137
A_23_P400041,1,0,0.4159913560237709
A_23_P40225,1,0,0.018638573743922204
A_23_P402313,1,0,0.004592112371690978
A_23_P40290,1,0,0.23554835224203133
A_23_P403209,1,0,0.01755807671528903
A_23_P403836,1,0,0.4629929767693139
A_23_P405267,1,0,0.07428417071853052
A_23_P406644,1,0,0.011615343057806591
A_23_P407750,1,0,0.007293354943273906
A_23_P408363,1,0,0.05753646677471637
A_23_P408865,1,0,0.07374392220421394
A_23_P409648,1,0,0.002701242571582928
A_23_P409663,1,0,0.06428957320367369
A_23_P410456,1,0,0.03943814154511075
A_23_P410862,1,0,0.006212857914640735
A_23_P413043,1,0,0.004862236628849271
A_23_P413991,1,0,0.46434359805510533
A_23_P415806,1,0,0.06050783360345759
A_23_P415820,1,0,0.012965964343598054
A_23_P4179,1,0,0.016477579686655863
A_23_P419411,1,0,0.0032414910858995136
A_23_P42063,2,0,0.06915180983252296
A_23_P420732,2,0,0.06807131280388978
A_23_P421323,1,0,0.08860075634792004
A_23_P424793,1,0,0.008373851971907077
A_23_P42595,1,0,0.04538087520259319
A_23_P426528,1,0,0.12830902215018908
A_23_P426681,1,0,0.01755807671528903
A_23_P428465,1,0,0.0032414910858995136
A_23_P430852,1,0,0.3635872501350621
A_23_P431430,1,0,0.010264721772015126
A_23_P431900,1,0,0.0035116153430578066
A_23_P432758,1,0,0.08670988654781199
A_23_P433865,1,0,0.007833603457590491
A_23_P4341,1,0,0.4159913560237709
A_23_P434548,1,0,0.015937331172339277
A_23_P435390,1,0,0.013236088600756347
A_23_P43597,1,0,0.24932468935710428
A_23_P43630,1,0,0.31982712047541867
A_23_P43932,1,0,0.19502971366828742
A_23_P43977,1,0,0.02701242571582928
A_23_P44053,1,0,0.1982712047541869
A_23_P44534,1,0,0.007563479200432199
A_23_P44854,1,0,0.011075094543490005
A_23_P44857,6,0,0.3387358184764992
A_23_P45068,1,0,0.009994597514856833
A_23_P46499,1,0,0.2992976769313884
A_23_P47110,2,0,0.011075094543490005
A_23_P47396,1,0,0.04835224203133441
A_23_P48130,2,0,0.09157212317666126
A_23_P48278,1,0,0.06834143706104809
A_23_P48404,1,0,0.23635872501350622
A_23_P50597,1,0,0.40545650999459754
A_23_P51797,1,0,0.10642895732036736
A_23_P52951,1,0,0.406807131280389
A_23_P5512,1,0,0.0024311183144246355
A_23_P5626,1,0,0.20178282009724474
A_23_P57337,2,0,0.13209076175040518
A_23_P57983,1,0,0.0189086980010805
A_23_P58934,1,0,0.00945434900054025
A_23_P59869,1,0,0.26094003241491087
A_23_P59967,1,0,0.005942733657482442
A_23_P60106,2,0,0.1469475958941113
A_23_P60758,1,0,0.08427876823338736
A_23_P6101,1,0,0.007563479200432199
A_23_P61042,1,0,0.024581307401404646
A_23_P61068,1,0,0.002971366828741221
A_23_P61191,1,0,0.004862236628849271
A_23_P61676,1,0,0.002971366828741221
A_23_P61911,1,0,0.00864397622906537
A_23_P62779,1,0,0.004862236628849271
A_23_P62857,1,0,0.015937331172339277
A_23_P63447,1,0,0.0526742301458671
A_23_P63547,1,0,0.0032414910858995136
A_23_P64051,2,0,0.49648838465694217
A_23_P64313,1,0,0.0032414910858995136
A_23_P65041,1,0,0.2671528903295516
A_23_P6514,1,0,0.12614802809292275
A_23_P65845,1,0,0.02025931928687196
A_23_P68138,2,0,0.4389519178822258
A_23_P68190,1,0,0.0035116153430578066
A_23_P68691,1,0,0.04970286331712588
A_23_P68714,1,0,0.004321988114532685
A_23_P69089,2,0,0.2787682333873582
A_23_P69614,1,0,0.0032414910858995136
A_23_P70492,1,0,0.005942733657482442
A_23_P70813,3,0,0.1428957320367369
A_23_P71179,1,0,0.02863317125877904
A_23_P72014,1,0,0.14181523500810372
A_23_P72252,1,0,0.03079416531604538
A_23_P72434,1,0,0.01728795245813074
A_23_P73198,1,0,0.004321988114532685
A_23_P73328,1,0,0.19367909238249595
A_23_P74205,1,0,0.004862236628849271
A_23_P74471,1,0,0.006212857914640735
A_23_P75830,1,0,0.08427876823338736
A_23_P76298,2,0,0.471366828741221
A_23_P7719,1,0,0.42004321988114535
A_23_P77192,1,0,0.002971366828741221
A_23_P77389,1,0,0.05807671528903296
A_23_P79351,1,0,0.009994597514856833
A_23_P79383,1,0,0.09535386277687737
A_23_P8004,3,0,0.09724473257698542
A_23_P80583,1,0,0.0032414910858995136
A_23_P81327,1,0,0.0037817396002160996
A_23_P82795,1,0,0.008103727714748784
A_23_P8363,2,0,0.007833603457590491
A_23_P84272,1,0,0.3611561318206375
A_23_P84646,1,0,0.005672609400324149
A_23_P84791,1,0,0.00864397622906537
A_23_P84974,1,0,0.15099945975148568
A_23_P87041,1,0,0.23500810372771475
A_23_P87120,1,0,0.004862236628849271
A_23_P88067,1,0,0.011075094543490005
A_23_P88554,1,0,0.30740140464613724
A_23_P90470,1,0,0.03430578065910319
A_23_P91125,1,0,0.48973527822798485
A_23_P92809,1,0,0.16963803349540788
A_23_P93109,2,0,0.43490005402485143
A_23_P94656,1,0,0.19421934089681253
A_23_P95244,1,0,0.002971366828741221
A_23_P95486,1,0,0.007833603457590491
A_23_P95990,1,0,0.0750945434900054
A_23_P96173,1,0,0.016747703943814155
A_23_P96191,1,0,0.02890329551593733
A_23_P96262,1,0,0.0189086980010805
A_23_P9707,1,0,0.005132360886007563
A_23_P972,1,0,0.010264721772015126
A_23_P9744,1,0,0.029173419773095625
A_23_P98671,1,0,0.12911939492166397
A_23_P99653,1,0,0.0010804970286331713
A_23_P9997,1,0,0.007563479200432199
A_24_P101211,1,0,0.43030794165316044
A_24_P101282,1,0,0.10264721772015127
A_24_P101439,1,0,0.029173419773095625
A_24_P101541,1,0,0.04267963263101027
A_24_P101661,1,0,0.07698541329011345
A_24_P102198,1,0,0.1615343057806591
A_24_P102240,1,0,0.00945434900054025
A_24_P102249,1,0,0.020529443544030253
A_24_P103744,1,0,0.4135602377093463
A_24_P103944,1,0,0.005942733657482442
A_24_P10715,1,0,0.015126958400864398
A_24_P109703,1,0,0.4584008643976229
A_24_P109711,1,0,0.03511615343057806
A_24_P110094,1,0,0.0024311183144246355
A_24_P110172,1,0,0.005132360886007563
A_24_P110201,1,0,0.39546191247974066
A_24_P110239,1,0,0.010804970286331712
A_24_P110242,1,0,0.05321447866018368
A_24_P110487,1,0,0.0035116153430578066
A_24_P110618,1,0,0.008103727714748784
A_24_P110743,2,0,0.4721772015126958
A_24_P110770,2,0,0.07023230686115613
A_24_P110820,1,0,0.006482982171799027
A_24_P110827,1,0,0.4024851431658563
A_24_P110831,1,0,0.009184224743381956
A_24_P110926,2,0,0.11507293354943274
A_24_P111044,1,0,0.005942733657482442
A_24_P111147,1,0,0.02106969205834684
A_24_P111191,1,0,0.05753646677471637
A_24_P111229,1,0,0.009184224743381956
A_24_P112542,1,0,0.030524041058887088
A_24_P112730,1,0,0.0018908698001080498
A_24_P117837,1,0,0.13344138303619665
A_24_P118336,1,0,0.07455429497568881
A_24_P118361,1,0,0.028363047001620744
A_24_P118411,1,0,0.13614262560777957
A_24_P118512,1,0,0.0904916261480281
A_24_P118719,2,0,0.3273905996758509
A_24_P118813,1,0,0.43030794165316044
A_24_P119115,1,0,0.43462992976769316
A_24_P119246,1,0,0.0748244192328471
A_24_P119331,1,0,0.15316045380875204
A_24_P119337,1,0,0.02188006482982172
A_24_P119505,1,0,0.005942733657482442
A_24_P119545,1,0,0.10886007563479201
A_24_P119617,1,0,0.011075094543490005
A_24_P119627,1,0,0.011345218800648298
A_24_P11980,1,0,0.03241491085899514
A_24_P126246,1,0,0.0021609940572663426
A_24_P126294,1,0,0.01917882225823879
A_24_P126484,2,0,0.4427336574824419
A_24_P126892,1,0,0.27336574824419235
A_24_P127042,3,0,0.32982171799027554
A_24_P127098,1,0,0.07050243111831442
A_24_P127425,1,0,0.1847649918962723
A_24_P127543,1,0,0.2406807131280389
A_24_P127602,1,0,0.05915721231766612
A_24_P127661,1,0,0.2298757428417072
A_24_P127954,1,0,0.11453268503511616
A_24_P128020,1,0,0.1050783360345759
A_24_P128098,1,0,0.011615343057806591
A_24_P128163,1,0,0.2965964343598055
A_24_P128308,1,0,0.02404105888708806
A_24_P128337,3,0,0.4997298757428417
A_24_P128341,2,0,0.0035116153430578066
A_24_P135830,1,0,0.18071312803889789
A_24_P136124,1,0,0.2847109670448406
A_24_P136299,3,0,0.23122636412749864
A_24_P136365,1,0,0.0024311183144246355
A_24_P136379,1,0,0.03538627768773636
A_24_P136441,1,0,0.055105348460291734
A_24_P136522,2,0,0.3687196110210697
A_24_P136838,2,0,0.18503511615343057
A_24_P136911,1,0,0.04403025391680173
A_24_P144054,1,0,0.4330091842247434
A_24_P144149,1,0,0.1053484602917342
A_24_P144254,1,0,0.39627228525121555
A_24_P144680,1,0,0.08481901674770394
A_24_P144770,2,0,0.44624527282549975
A_24_P144961,1,0,0.004862236628849271
A_24_P144963,1,0,0.02782279848730416
A_24_P145019,1,0,0.075634792004322
A_24_P145124,1,0,0.47487844408427876
A_24_P145163,1,0,0.15883306320907617
A_24_P145184,1,0,0.14019448946515398
A_24_P145216,1,0,0.03970826580226904
A_24_P145242,2,0,0.00945434900054025
A_24_P145249,1,0,0.09265262020529444
A_24_P145307,1,0,0.13695299837925445
A_24_P145414,1,0,0.007023230686115613
A_24_P150149,2,0,0.21177741761210156
A_24_P152325,1,0,0.021609940572663425
A_24_P152566,1,0,0.24905456509994597
A_24_P152623,2,0,0.005132360886007563
A_24_P152974,1,0,0.06158833063209076
A_24_P153003,1,0,0.005132360886007563
A_24_P153215,1,0,0.08887088060507833
A_24_P153542,2,0,0.3017287952458131
A_24_P153611,1,0,0.09292274446245273
A_24_P15371,1,0,0.06212857914640735
A_24_P153763,1,0,0.46434359805510533
A_24_P154025,2,0,0.3157752566180443
A_24_P15550,2,0,0.473257698541329
A_24_P15702,1,0,0.08157752566180443
A_24_P15743,1,0,0.007023230686115613
A_24_P15870,1,0,0.12047541869259859
A_24_P15877,1,0,0.1358725013506213
A_24_P158881,1,0,0.26580226904376014
A_24_P15973,1,0,0.01728795245813074
A_24_P15980,1,0,0.004051863857374392
A_24_P160491,1,0,0.01350621285791464
A_24_P160586,1,0,0.0018908698001080498
A_24_P16071,1,0,0.2963263101026472
A_24_P160716,1,0,0.09265262020529444
A_24_P16090,1,0,0.027282549972987576
A_24_P161074,1,0,0.1393841166936791
A_24_P161184,1,0,0.007293354943273906
A_24_P161764,1,0,0.007293354943273906
A_24_P161773,1,0,0.157752566180443
A_24_P16184,1,0,0.002971366828741221
A_24_P162140,1,0,0.004862236628849271
A_24_P162190,1,0,0.18908698001080498
A_24_P162254,1,0,0.20907617504051865
A_24_P16230,1,0,0.1539708265802269
A_24_P162393,1,0,0.002971366828741221
A_24_P162515,1,0,0.12857914640734738
A_24_P162532,1,0,0.3687196110210697
A_24_P162597,1,0,0.007293354943273906
A_24_P16273,1,0,0.007833603457590491
A_24_P16361,1,0,0.38303619665045924
A_24_P16470,1,0,0.0035116153430578066
A_24_P166045,2,0,0.47622906537007026
A_24_P16678,1,0,0.1836844948676391
A_24_P16686,1,0,0.002701242571582928
A_24_P167059,1,0,0.02404105888708806
A_24_P16740,1,0,0.0035116153430578066
A_24_P169503,1,0,0.05294435440302539
A_24_P169807,1,0,0.007563479200432199
A_24_P169903,1,0,0.19502971366828742
A_24_P170067,2,0,0.008914100486223663
A_24_P170119,1,0,0.005672609400324149
A_24_P170186,1,0,0.3163155051323609
A_24_P170247,1,0,0.0032414910858995136
A_24_P17031,2,0,0.024581307401404646
A_24_P170384,1,0,0.18557536466774716
A_24_P170395,2,0,0.0564559697460832
A_24_P170707,1,0,0.012155591572123177
A_24_P170747,1,0,0.10318746623446785
A_24_P17085,1,0,0.2531064289573204
A_24_P170902,1,0,0.02377093462992977
A_24_P171043,1,0,0.29281469475958943
A_24_P173566,2,0,0.23068611561318206
A_24_P173895,1,0,0.008914100486223663
A_24_P174775,1,0,0.20853592652620206
A_24_P178065,1,0,0.21934089681253377
A_24_P179107,1,0,0.008373851971907077
A_24_P179203,1,0,0.002971366828741221
A_24_P179253,1,0,0.005132360886007563
A_24_P179416,2,0,0.008373851971907077
A_24_P179479,2,0,0.005402485143165856
A_24_P179516,2,0,0.08968125337655321
A_24_P183544,1,0,0.0037817396002160996
A_24_P185516,1,0,0.008914100486223663
A_24_P186141,1,0,0.03862776877363587
A_24_P186664,1,0,0.4497568881685575
A_24_P187094,1,0,0.3914100486223663
A_24_P187284,1,0,0.025661804430037818
A_24_P1873,1,0,0.0451107509454349
A_24_P187340,1,0,0.0032414910858995136
A_24_P187355,2,0,0.3649378714208536
A_24_P187365,1,0,0.4305780659103187
A_24_P187539,1,0,0.015667206915180983
A_24_P187614,1,0,0.1620745542949757
A_24_P187671,2,0,0.1129119394921664
A_24_P187859,1,0,0.004592112371690978
A_24_P187871,1,0,0.005132360886007563
A_24_P187938,1,0,0.002971366828741221
A_24_P188246,1,0,0.004862236628849271
A_24_P192860,1,0,0.17044840626688276
A_24_P195240,1,0,0.012155591572123177
A_24_P195253,1,0,0.06834143706104809
A_24_P195276,1,0,0.1129119394921664
A_24_P195400,1,0,0.005672609400324149
A_24_P196134,1,0,0.146677471636953
A_24_P196307,1,0,0.1917882225823879
A_24_P196428,1,0,0.40329551593733115
A_24_P196469,1,0,0.11939492166396543
A_24_P196478,1,0,0.08454889249054565
A_24_P196499,1,0,0.39303079416531606
A_24_P196839,1,0,0.006212857914640735
A_24_P196867,1,0,0.02025931928687196
A_24_P197794,1,0,0.032955159373311727
A_24_P202857,1,0,0.005942733657482442
A_24_P203442,2,0,0.02485143165856294
A_24_P203882,1,0,0.2404105888708806
A_24_P203886,1,0,0.040788762830902214
A_24_P204654,1,0,0.2063749324689357
A_24_P204727,1,0,0.04943273905996758
A_24_P204860,1,0,0.011075094543490005
A_24_P204870,1,0,0.002971366828741221
A_24_P205100,1,0,0.1774716369529984
A_24_P205105,1,0,0.004051863857374392
A_24_P205195,1,0,0.011885467314964884
A_24_P205242,1,0,0.24014046461372232
A_24_P205406,2,0,0.047271745002701246
A_24_P209428,1,0,0.030253916801728797
A_24_P211106,1,0,0.4937871420853593
A_24_P211906,1,0,0.007023230686115613
A_24_P212281,1,0,0.277687736358725
A_24_P212409,1,0,0.008103727714748784
A_24_P212949,1,0,0.005942733657482442
A_24_P213134,1,0,0.11912479740680713
A_24_P213187,1,0,0.012965964343598054
A_24_P213256,1,0,0.2547271745002701
A_24_P213296,1,0,0.010264721772015126
A_24_P213566,1,0,0.35224203133441384
A_24_P213622,1,0,0.23824959481361427
A_24_P213856,1,0,0.0750945434900054
A_24_P217063,1,0,0.4916261480280929
A_24_P218259,1,0,0.015126958400864398
A_24_P219757,1,0,0.030253916801728797
A_24_P220435,1,0,0.1774716369529984
A_24_P221105,1,0,0.46785521339816316
A_24_P221285,1,0,0.013776337115072933
A_24_P221475,1,0,0.007293354943273906
A_24_P221485,1,0,0.35224203133441384
A_24_P221615,2,0,0.2857914640734738
A_24_P221724,1,0,0.03322528363047002
A_24_P221778,1,0,0.025391680172879523
A_24_P221869,1,0,0.004592112371690978
A_24_P221974,1,0,0.12911939492166397
A_24_P222059,1,0,0.0021609940572663426
A_24_P222213,1,0,0.004051863857374392
A_24_P222420,1,0,0.007293354943273906
A_24_P222441,2,0,0.014046461372231226
A_24_P224998,2,0,0.4746083198271205
A_24_P225845,1,0,0.3063209076175041
A_24_P22821,1,0,0.031874662344678555
A_24_P228700,1,0,0.3765532144786602
A_24_P228796,1,0,0.12317666126418152
A_24_P229250,1,0,0.4497568881685575
A_24_P229447,1,0,0.06185845488924906
A_24_P229807,1,0,0.2830902215018909
A_24_P229936,1,0,0.4783900594273366
A_24_P230057,2,0,0.41572123176661263
A_24_P230136,1,0,0.007833603457590491
A_24_P230313,1,0,0.01053484602917342
A_24_P230358,1,0,0.03079416531604538
A_24_P230388,1,0,0.1615343057806591
A_24_P230486,1,0,0.48028092922744464
A_24_P230514,1,0,0.01917882225823879
A_24_P230521,1,0,0.20853592652620206
A_24_P230576,1,0,0.0037817396002160996
A_24_P230767,1,0,0.01053484602917342
A_24_P230972,1,0,0.028363047001620744
A_24_P230981,1,0,0.1728795245813074
A_24_P231120,1,0,0.0035116153430578066
A_24_P231162,1,0,0.10291734197730956
A_24_P23327,1,0,0.004321988114532685
A_24_P23482,1,0,0.3824959481361426
A_24_P235360,1,0,0.32225823878984333
A_24_P23740,1,0,0.03835764451647758
A_24_P237820,1,0,0.3857374392220421
A_24_P237896,1,0,0.49270664505672607
A_24_P238225,1,0,0.0021609940572663426
A_24_P238386,1,0,0.2106969205834684
A_24_P238412,1,0,0.004592112371690978
A_24_P238649,1,0,0.19448946515397084
A_24_P238896,1,0,0.2922744462452728
A_24_P239049,1,0,0.1312803889789303
A_24_P239219,1,0,0.13452188006482982
A_24_P239234,1,0,0.4438141545110751
A_24_P239266,1,0,0.0021609940572663426
A_24_P239302,1,0,0.2714748784440843
A_24_P239385,1,0,0.20907617504051865
A_24_P239407,1,0,0.027282549972987576
A_24_P239451,2,0,0.473257698541329
A_24_P239515,1,0,0.03268503511615343
A_24_P239553,1,0,0.017828200972447326
A_24_P239902,1,0,0.0035116153430578066
A_24_P24002,2,0,0.4689357104267963
A_24_P241996,1,0,0.4035656401944895
A_24_P242319,2,0,0.01728795245813074
A_24_P24256,3,0,0.04538087520259319
A_24_P24281,1,0,0.02863317125877904
A_24_P243560,1,0,0.013236088600756347
A_24_P24387,1,0,0.005132360886007563
A_24_P24415,1,0,0.01620745542949757
A_24_P24570,1,0,0.005942733657482442
A_24_P246148,1,0,0.002971366828741221
A_24_P246636,1,0,0.048892490545651
A_24_P247093,1,0,0.00675310642895732
A_24_P247303,1,0,0.0753646677471637
A_24_P247324,1,0,0.031334413830361965
A_24_P247454,1,0,0.2293354943273906
A_24_P247640,3,0,0.4357104267963263
A_24_P247738,1,0,0.0037817396002160996
A_24_P247772,1,0,0.005672609400324149
A_24_P247861,1,0,0.395732036736899
A_24_P247892,1,0,0.24311183144246354
A_24_P247987,1,0,0.12587790383576444
A_24_P248038,1,0,0.11021069692058347
A_24_P248079,2,0,0.18287412209616424
A_24_P248167,1,0,0.4805510534846029
A_24_P24867,1,0,0.0037817396002160996
A_24_P25229,1,0,0.007023230686115613
A_24_P25285,1,0,0.007833603457590491
A_24_P254106,1,0,0.40626688276607237
A_24_P25437,1,0,0.002971366828741221
A_24_P25452,1,0,0.06996218260399784
A_24_P254833,6,0,0.03943814154511075
A_24_P25498,1,0,0.03538627768773636
A_24_P255114,1,0,0.013236088600756347
A_24_P255324,1,0,0.020529443544030253
A_24_P255763,1,0,0.47866018368449487
A_24_P255914,1,0,0.4394921663965424
A_24_P256073,1,0,0.4327390599675851
A_24_P256230,2,0,0.20772555375472718
A_24_P256253,1,0,0.34359805510534847
A_24_P256365,1,0,0.030524041058887088
A_24_P256390,1,0,0.007563479200432199
A_24_P256434,1,0,0.22798487304159915
A_24_P256626,1,0,0.0037817396002160996
A_24_P25679,2,0,0.007833603457590491
A_24_P256817,2,0,0.004592112371690978
A_24_P256840,1,0,0.007023230686115613
A_24_P25687,1,0,0.004321988114532685
A_24_P263384,2,0,0.44489465153970825
A_24_P263703,1,0,0.4189627228525122
A_24_P263786,1,0,0.004862236628849271
A_24_P263803,1,0,0.2884927066450567
A_24_P263910,1,0,0.3117233927606699
A_24_P263983,2,0,0.08887088060507833
A_24_P264293,1,0,0.17368989735278229
A_24_P264413,1,0,0.49783900594273367
A_24_P264573,1,0,0.08049702863317126
A_24_P264806,1,0,0.0037817396002160996
A_24_P264833,1,0,0.3249594813614263
A_24_P264956,1,0,0.001350621285791464
A_24_P264970,1,0,0.0037817396002160996
A_24_P264994,1,0,0.1839546191247974
A_24_P265003,1,0,0.2595894111291194
A_24_P265218,1,0,0.01431658562938952
A_24_P265383,2,0,0.07077255537547272
A_24_P269140,1,0,0.02025931928687196
A_24_P270279,1,0,0.002971366828741221
A_24_P271765,2,0,0.03889789303079417
A_24_P272099,1,0,0.004321988114532685
A_24_P272146,1,0,0.1947595894111291
A_24_P272381,1,0,0.005942733657482442
A_24_P272798,1,0,0.0032414910858995136
A_24_P273004,1,0,0.00864397622906537
A_24_P273033,1,0,0.011075094543490005
A_24_P273043,2,0,0.014046461372231226
A_24_P273074,1,0,0.4305780659103187
A_24_P273284,1,0,0.12641815235008103
A_24_P273360,1,0,0.05375472717450027
A_24_P273523,1,0,0.018098325229605618
A_24_P273694,2,0,0.10561858454889249
A_24_P273890,1,0,0.0021609940572663426
A_24_P273900,1,0,0.005132360886007563
A_24_P277855,2,0,0.29578606158833065
A_24_P281084,2,0,0.050513236088600755
A_24_P281128,1,0,0.02106969205834684
A_24_P281175,1,0,0.08752025931928688
A_24_P281285,1,0,0.08833063209076175
A_24_P281468,1,0,0.06672069151809833
A_24_P281514,1,0,0.27984873041599134
A_24_P281605,1,0,0.011615343057806591
A_24_P281643,1,0,0.4932468935710427
A_24_P281844,1,0,0.3462992976769314
A_24_P282227,1,0,0.00864397622906537
A_24_P282377,1,0,0.4394921663965424
A_24_P282454,2,0,0.00675310642895732
A_24_P286845,1,0,0.2901134521880065
A_24_P289043,1,0,0.01431658562938952
A_24_P289265,1,0,0.008103727714748784
A_24_P289854,1,0,0.005672609400324149
A_24_P289973,1,0,0.036196650459211235
A_24_P290006,1,0,0.44192328471096703
A_24_P290134,1,0,0.15964343598055106
A_24_P290459,2,0,0.01053484602917342
A_24_P290513,1,0,0.0032414910858995136
A_24_P290737,2,0,0.01431658562938952
A_24_P291074,1,0,0.004321988114532685
A_24_P292849,1,0,0.12236628849270664
A_24_P293158,1,0,0.09265262020529444
A_24_P297302,1,0,0.15694219340896812
A_24_P298495,1,0,0.03646677471636953
A_24_P298894,1,0,0.05942733657482442
A_24_P298986,1,0,0.0032414910858995136
A_24_P299210,1,0,0.03862776877363587
A_24_P299423,1,0,0.10075634792004322
A_24_P299489,1,0,0.016477579686655863
A_24_P299590,1,0,0.0008103727714748784
A_24_P301314,1,0,0.0035116153430578066
A_24_P306032,1,0,0.0035116153430578066
A_24_P306479,1,0,0.008914100486223663
A_24_P306644,1,0,0.46812533765532144
A_24_P306704,1,0,0.4130199891950297
A_24_P306845,2,0,0.4095083738519719
A_24_P306905,1,0,0.009994597514856833
A_24_P307042,1,0,0.007293354943273906
A_24_P307104,1,0,0.00864397622906537
A_24_P307339,2,0,0.009724473257698542
A_24_P307384,1,0,0.40788762830902214
A_24_P307395,1,0,0.1952998379254457
A_24_P307599,1,0,0.05375472717450027
A_24_P307714,1,0,0.17504051863857376
A_24_P307744,1,0,0.004862236628849271
A_24_P307816,1,0,0.09670448406266882
A_24_P307845,1,0,0.050783360345759046
A_24_P307885,1,0,0.02404105888708806
A_24_P308144,1,0,0.010264721772015126
A_24_P312578,1,0,0.30578065910318747
A_24_P313180,1,0,0.017017828200972446
A_24_P314571,1,0,0.19367909238249595
A_24_P315014,1,0,0.22339276066990815
A_24_P315212,1,0,0.0010804970286331713
A_24_P315594,1,0,0.004321988114532685
A_24_P315674,1,0,0.3687196110210697
A_24_P315774,1,0,0.1423554835224203
A_24_P315805,1,0,0.0035116153430578066
A_24_P315941,1,0,0.010804970286331712
A_24_P315954,2,0,0.18935710426796326
A_24_P316231,1,0,0.0024311183144246355
A_24_P316296,1,0,0.1880064829821718
A_24_P316335,1,0,0.025391680172879523
A_24_P316381,1,0,0.47271745002701243
A_24_P316387,1,0,0.012695840086439762
A_24_P316446,1,0,0.007293354943273906
A_24_P316475,3,0,0.0375472717450027
A_24_P316495,1,0,0.3419773095623987
A_24_P316506,1,0,0.009724473257698542
A_24_P316532,1,0,0.08860075634792004
A_24_P316555,1,0,0.021609940572663425
A_24_P316619,1,0,0.00945434900054025
A_24_P316680,1,0,0.22717450027012426
A_24_P316685,1,0,0.01053484602917342
A_24_P321715,1,0,0.12101566720691519
A_24_P32215,1,0,0.41139924365207997
A_24_P323754,1,0,0.06482982171799027
A_24_P323974,1,0,0.17855213398163156
A_24_P324084,1,0,0.4862236628849271
A_24_P324424,1,0,0.17423014586709887
A_24_P324538,1,0,0.007833603457590491
A_24_P324883,1,0,0.05915721231766612
A_24_P325264,2,0,0.022960561858454888
A_24_P32527,1,0,0.013236088600756347
A_24_P32708,1,0,0.3684494867639114
A_24_P328045,1,0,0.26175040518638576
A_24_P33115,1,0,0.029983792544570502
A_24_P332461,1,0,0.1547811993517018
A_24_P332504,1,0,0.45191788222582385
A_24_P332595,1,0,0.026202052944354404
A_24_P332721,1,0,0.17098865478119935
A_24_P332911,1,0,0.4473257698541329
A_24_P333191,2,0,0.0037817396002160996
A_24_P333383,1,0,0.19286871961102106
A_24_P333394,1,0,0.01350621285791464
A_24_P333420,1,0,0.009724473257698542
A_24_P333541,1,0,0.04024851431658563
A_24_P33403,1,0,0.1280388978930308
A_24_P334208,1,0,0.1085899513776337
A_24_P33429,1,0,0.4746083198271205
A_24_P33555,1,0,0.002701242571582928
A_24_P337143,1,0,0.09157212317666126
A_24_P338151,1,0,0.2063749324689357
A_24_P33965,1,0,0.10426796326310103
A_24_P34035,1,0,0.0018908698001080498
A_24_P34066,1,0,0.4057266342517558
A_24_P341078,2,0,0.4273365748244192
A_24_P341546,1,0,0.21745002701242572
A_24_P341646,1,0,0.05483522420313344
A_24_P342226,1,0,0.22096164235548352
A_24_P342236,1,0,0.0016207455429497568
A_24_P34231,2,0,0.004321988114532685
A_24_P343830,1,0,0.0451107509454349
A_24_P346269,1,0,0.027282549972987576
A_24_P346388,1,0,0.49891950297136684
A_24_P346725,1,0,0.036196650459211235
A_24_P346967,2,0,0.3760129659643436
A_24_P348173,1,0,0.05564559697460832
A_24_P348791,1,0,0.004592112371690978
A_24_P349539,1,0,0.3457590491626148
A_24_P349728,1,0,0.009994597514856833
A_24_P350261,1,0,0.01728795245813074
A_24_P350499,2,0,0.006212857914640735
A_24_P350514,1,0,0.244462452728255
A_24_P350557,1,0,0.005132360886007563
A_24_P350732,1,0,0.008373851971907077
A_24_P350838,1,0,0.013236088600756347
A_24_P350941,1,0,0.006212857914640735
A_24_P350959,2,0,0.005132360886007563
A_24_P357405,1,0,0.006212857914640735
A_24_P357836,1,0,0.05969746083198271
A_24_P357933,1,0,0.007833603457590491
A_24_P357936,1,0,0.46569421934089683
A_24_P358063,1,0,0.014856834143706105
A_24_P358400,1,0,0.35548352242031334
A_24_P358406,1,0,0.440032414910859
A_24_P358765,1,0,0.021609940572663425
A_24_P358805,1,0,0.015126958400864398
A_24_P358857,1,0,0.0189086980010805
A_24_P359050,1,0,0.02025931928687196
A_24_P359105,1,0,0.06564019448946515
A_24_P359401,2,0,0.31982712047541867
A_24_P359671,1,0,0.21204754186925986
A_24_P364221,1,0,0.13263101026472177
A_24_P366465,1,0,0.015126958400864398
A_24_P366555,1,0,0.04781199351701783
A_24_P366768,1,0,0.3873581847649919
A_24_P367249,1,0,0.4100486223662885
A_24_P367496,1,0,0.30983252296056185
A_24_P367762,1,0,0.2631010264721772
A_24_P367804,1,0,0.25337655321447866
A_24_P367840,2,0,0.008103727714748784
A_24_P367843,1,0,0.3760129659643436
A_24_P367994,1,0,0.0021609940572663426
A_24_P36898,1,0,0.0713128038897893
A_24_P37020,1,0,0.041869259859535386
A_24_P372189,1,0,0.04213938411669368
A_24_P374496,1,0,0.4459751485683414
A_24_P374572,1,0,0.027282549972987576
A_24_P374984,1,0,0.014586709886547812
A_24_P375358,1,0,0.006212857914640735
A_24_P375510,1,0,0.05969746083198271
A_24_P375550,1,0,0.004051863857374392
A_24_P375586,1,0,0.07212317666126418
A_24_P375751,1,0,0.005132360886007563
A_24_P375870,1,0,0.3433279308481902
A_24_P375962,1,0,0.051053484602917344
A_24_P376129,1,0,0.2925445705024311
A_24_P376199,1,0,0.005402485143165856
A_24_P376224,1,0,0.2625607779578606
A_24_P376589,2,0,0.006212857914640735
A_24_P37903,1,0,0.009724473257698542
A_24_P379521,1,0,0.007563479200432199
A_24_P383199,1,0,0.07320367368989736
A_24_P383598,1,0,0.3765532144786602
A_24_P383660,1,0,0.29578606158833065
A_24_P383704,1,0,0.05780659103187466
A_24_P383802,1,0,0.3687196110210697
A_24_P384029,1,0,0.07968665586169638
A_24_P384069,1,0,0.004592112371690978
A_24_P384200,2,0,0.23473797947055647
A_24_P384220,1,0,0.02025931928687196
A_24_P384379,1,0,0.05807671528903296
A_24_P384604,1,0,0.00945434900054025
A_24_P384674,1,0,0.0032414910858995136
A_24_P384867,1,0,0.05159373311723393
A_24_P384961,1,0,0.007833603457590491
A_24_P384969,1,0,0.004051863857374392
A_24_P384979,1,0,0.013776337115072933
A_24_P385000,1,0,0.00675310642895732
A_24_P390150,1,0,0.004051863857374392
A_24_P390315,1,0,0.19611021069692058
A_24_P390395,1,0,0.01053484602917342
A_24_P390974,1,0,0.013776337115072933
A_24_P392230,1,0,0.4675850891410049
A_24_P392731,1,0,0.007023230686115613
A_24_P392947,1,0,0.17693138843868178
A_24_P393051,1,0,0.02106969205834684
A_24_P393181,1,0,0.004862236628849271
A_24_P393212,1,0,0.12128579146407348
A_24_P393458,1,0,0.02025931928687196
A_24_P393502,1,0,0.006482982171799027
A_24_P393548,1,0,0.0032414910858995136
A_24_P393550,1,0,0.0748244192328471
A_24_P393582,1,0,0.0021609940572663426
A_24_P393756,1,0,0.20475418692598596
A_24_P395415,1,0,0.018098325229605618
A_24_P400412,1,0,0.052133981631550516
A_24_P400616,1,0,0.06347920043219882
A_24_P400690,1,0,0.1763911399243652
A_24_P401069,1,0,0.16396542409508374
A_24_P401090,1,0,0.3003781739600216
A_24_P401381,1,0,0.11642355483522421
A_24_P401916,1,0,0.05888708806050783
A_24_P401949,3,0,0.364397622906537
A_24_P402090,2,0,0.01053484602917342
A_24_P40737,1,0,0.002971366828741221
A_24_P408449,1,0,0.0021609940572663426
A_24_P408693,1,0,0.0035116153430578066
A_24_P409182,1,0,0.3573743922204214
A_24_P409250,2,0,0.06428957320367369
A_24_P409309,1,0,0.05159373311723393
A_24_P409353,1,0,0.004051863857374392
A_24_P409390,1,0,0.0713128038897893
A_24_P409440,1,0,0.35062128579146407
A_24_P409500,2,0,0.28687196110210694
A_24_P409650,1,0,0.08373851971907077
A_24_P409760,1,0,0.09508373851971907
A_24_P409772,1,0,0.012695840086439762
A_24_P409910,1,0,0.19665045921123717
A_24_P409933,1,0,0.004051863857374392
A_24_P40995,1,0,0.07806591031874663
A_24_P410100,2,0,0.06212857914640735
A_24_P410246,1,0,0.40410588870880604
A_24_P410286,1,0,0.052133981631550516
A_24_P410468,1,0,0.0010804970286331713
A_24_P410498,1,0,0.0035116153430578066
A_24_P410536,1,0,0.4367909238249595
A_24_P410900,2,0,0.005942733657482442
A_24_P41306,1,0,0.1690977849810913
A_24_P41309,1,0,0.457590491626148
A_24_P413286,1,0,0.035926526202052944
A_24_P41408,1,0,0.49081577525661807
A_24_P41453,1,0,0.10777957860615883
A_24_P41540,1,0,0.4627228525121556
A_24_P417267,2,0,0.02485143165856294
A_24_P417439,2,0,0.008103727714748784
A_24_P417664,1,0,0.07347379794705565
A_24_P417751,1,0,0.2922744462452728
A_24_P417786,1,0,0.35170178282009723
A_24_P418216,1,0,0.013776337115072933
A_24_P418699,1,0,0.006212857914640735
A_24_P418786,1,0,0.039978390059427334
A_24_P419053,1,0,0.09319286871961102
A_24_P419058,1,0,0.01053484602917342
A_24_P419169,1,0,0.09454349000540249
A_24_P419220,1,0,0.0021609940572663426
A_24_P41936,1,0,0.0037817396002160996
A_24_P41939,1,0,0.022420313344138302
A_24_P42140,1,0,0.032144786601836846
A_24_P42285,2,0,0.028363047001620744
A_24_P42483,1,0,0.013236088600756347
A_24_P42564,2,0,0.1358725013506213
A_24_P42589,1,0,0.03889789303079417
A_24_P450092,2,0,0.17368989735278229
A_24_P450172,1,0,0.4921663965424095
A_24_P450398,1,0,0.46488384656942194
A_24_P450560,1,0,0.13992436520799567
A_24_P452024,1,0,0.03565640194489465
A_24_P452896,2,0,0.07239330091842247
A_24_P453819,1,0,0.031874662344678555
A_24_P453901,2,0,0.11804430037817396
A_24_P453970,1,0,0.007023230686115613
A_24_P455610,1,0,0.012695840086439762
A_24_P456043,1,0,0.018638573743922204
A_24_P456353,1,0,0.002701242571582928
A_24_P456407,1,0,0.016477579686655863
A_24_P456422,1,0,0.007293354943273906
A_24_P456446,2,0,0.08562938951917883
A_24_P456468,2,0,0.06509994597514857
A_24_P457021,1,0,0.002971366828741221
A_24_P457164,1,0,0.004321988114532685
A_24_P457345,1,0,0.002971366828741221
A_24_P457628,1,0,0.02782279848730416
A_24_P457751,1,0,0.0189086980010805
A_24_P458095,1,0,0.0018908698001080498
A_24_P458168,1,0,0.4600216099405727
A_24_P458252,1,0,0.014856834143706105
A_24_P459739,1,0,0.0032414910858995136
A_24_P459937,1,0,0.0021609940572663426
A_24_P460195,1,0,0.4470556455969746
A_24_P460309,1,0,0.037007023230686116
A_24_P460405,2,0,0.007833603457590491
A_24_P460529,1,0,0.005672609400324149
A_24_P460599,1,0,0.3236088600756348
A_24_P460887,1,0,0.0016207455429497568
A_24_P461001,1,0,0.2771474878444084
A_24_P461676,1,0,0.03916801728795246
A_24_P462553,2,0,0.019448946515397084
A_24_P462777,1,0,0.004321988114532685
A_24_P462939,1,0,0.007023230686115613
A_24_P463658,1,0,0.013776337115072933
A_24_P463779,1,0,0.0032414910858995136
A_24_P464118,1,0,0.4970286331712588
A_24_P464238,1,0,0.014586709886547812
A_24_P464273,1,0,0.0032414910858995136
A_24_P464349,1,0,0.004592112371690978
A_24_P464476,1,0,0.0021609940572663426
A_24_P464528,1,0,0.0032414910858995136
A_24_P464580,1,0,0.005672609400324149
A_24_P464963,1,0,0.011615343057806591
A_24_P465697,2,0,0.02890329551593733
A_24_P465799,1,0,0.025661804430037818
A_24_P466120,1,0,0.08427876823338736
A_24_P466231,1,0,0.002701242571582928
A_24_P466404,1,0,0.005672609400324149
A_24_P466435,2,0,0.1501890869800108
A_24_P466590,1,0,0.14181523500810372
A_24_P467568,1,0,0.008103727714748784
A_24_P467805,1,0,0.4600216099405727
A_24_P467871,1,0,0.00675310642895732
A_24_P469141,1,0,0.01755807671528903
A_24_P46927,1,0,0.037817396002161
A_24_P470794,1,0,0.1836844948676391
A_24_P471012,1,0,0.018638573743922204
A_24_P471242,1,0,0.0640194489465154
A_24_P472473,1,0,0.12209616423554835
A_24_P47329,1,0,0.019448946515397084
A_24_P473582,2,0,0.013236088600756347
A_24_P474384,1,0,0.19367909238249595
A_24_P475014,2,0,0.3562938951917882
A_24_P475753,2,0,0.12992976769313885
A_24_P476081,1,0,0.018098325229605618
A_24_P476247,1,0,0.005132360886007563
A_24_P477051,2,0,0.029443544030253916
A_24_P477516,1,0,0.11561318206374932
A_24_P478388,1,0,0.0018908698001080498
A_24_P478423,1,0,0.3114532685035116
A_24_P478617,2,0,0.08914100486223663
A_24_P478745,3,0,0.46407347379794706
A_24_P479167,1,0,0.06185845488924906
A_24_P479682,1,0,0.002701242571582928
A_24_P481263,1,0,0.007293354943273906
A_24_P481301,1,0,0.0021609940572663426
A_24_P481530,1,0,0.002701242571582928
A_24_P482202,1,0,0.05969746083198271
A_24_P482592,1,0,0.00675310642895732
A_24_P483096,1,0,0.036736898973527825
A_24_P483213,2,0,0.4816315505132361
A_24_P483283,1,0,0.3047001620745543
A_24_P483331,1,0,0.011345218800648298
A_24_P483871,1,0,0.2552674230145867
A_24_P483922,1,0,0.45786061588330634
A_24_P484196,1,0,0.005942733657482442
A_24_P484702,1,0,0.007563479200432199
A_24_P484791,1,0,0.11480280929227445
A_24_P484904,1,0,0.004862236628849271
A_24_P484965,1,0,0.005942733657482442
A_24_P485012,1,0,0.03457590491626148
A_24_P486173,1,0,0.0032414910858995136
A_24_P486216,1,0,0.18152350081037277
A_24_P48627,1,0,0.39005942733657484
A_24_P486462,1,0,0.002701242571582928
A_24_P486544,1,0,0.02890329551593733
A_24_P486659,1,0,0.2809292274446245
A_24_P487296,2,0,0.1461372231226364
A_24_P487877,1,0,0.0035116153430578066
A_24_P488202,2,0,0.009184224743381956
A_24_P488342,1,0,0.006482982171799027
A_24_P488510,2,0,0.19448946515397084
A_24_P488927,1,0,0.01917882225823879
A_24_P489105,1,0,0.15613182063749326
A_24_P489976,1,0,0.04754186925985954
A_24_P490011,1,0,0.019448946515397084
A_24_P490647,1,0,0.002701242571582928
A_24_P490877,1,0,0.007563479200432199
A_24_P491740,1,0,0.013236088600756347
A_24_P492083,3,0,0.004862236628849271
A_24_P492458,1,0,0.0021609940572663426
A_24_P49267,1,0,0.016477579686655863
A_24_P492865,1,0,0.24689357104267964
A_24_P492919,1,0,0.3835764451647758
A_24_P493005,1,0,0.08373851971907077
A_24_P493100,1,0,0.03511615343057806
A_24_P494425,1,0,0.10669908157752567
A_24_P494440,2,0,0.1318206374932469
A_24_P494600,1,0,0.46326310102647217
A_24_P494943,1,0,0.012965964343598054
A_24_P496089,1,0,0.00675310642895732
A_24_P496297,2,0,0.0337655321447866
A_24_P496720,1,0,0.007293354943273906
A_24_P496839,2,0,0.07293354943273905
A_24_P497524,1,0,0.009724473257698542
A_24_P49860,1,0,0.3841166936790924
A_24_P499152,1,0,0.14451647757968666
A_24_P500752,1,0,0.040788762830902214
A_24_P501350,1,0,0.42301458670988656
A_24_P50139,1,0,0.07293354943273905
A_24_P50208,1,0,0.49054565099945974
A_24_P502660,1,0,0.029443544030253916
A_24_P502724,1,0,0.2368989735278228
A_24_P502752,1,0,0.1012965964343598
A_24_P503492,1,0,0.4997298757428417
A_24_P503518,1,0,0.004862236628849271
A_24_P503588,1,0,0.056996218260399786
A_24_P503693,1,0,0.020529443544030253
A_24_P50390,1,0,0.02485143165856294
A_24_P504939,2,0,0.10804970286331712
A_24_P505255,1,0,0.2938951917882226
A_24_P506857,1,0,0.004051863857374392
A_24_P506893,1,0,0.005132360886007563
A_24_P50696,1,0,0.1547811993517018
A_24_P50707,1,0,0.4689357104267963
A_24_P50733,1,0,0.031874662344678555
A_24_P50738,1,0,0.016747703943814155
A_24_P507383,3,0,0.4027552674230146
A_24_P508391,1,0,0.004862236628849271
A_24_P509189,1,0,0.09427336574824419
A_24_P510515,1,0,0.012155591572123177
A_24_P510896,1,0,0.0021609940572663426
A_24_P51104,1,0,0.0021609940572663426
A_24_P51184,1,0,0.1358725013506213
A_24_P51201,1,0,0.047271745002701246
A_24_P51316,1,0,0.00945434900054025
A_24_P513498,1,0,0.059967585089141004
A_24_P51374,2,0,0.00945434900054025
A_24_P514814,1,0,0.0021609940572663426
A_24_P515866,1,0,0.04267963263101027
A_24_P516594,1,0,0.004592112371690978
A_24_P517355,1,0,0.1461372231226364
A_24_P518298,1,0,0.26904376012965964
A_24_P518580,1,0,0.18341437061048083
A_24_P518828,1,0,0.005672609400324149
A_24_P519504,1,0,0.022690437601296597
A_24_P519818,1,0,0.21393841166936792
A_24_P520201,2,0,0.08589951377633712
A_24_P520551,1,0,0.1385737439222042
A_24_P520799,1,0,0.0037817396002160996
A_24_P520935,2,0,0.015667206915180983
A_24_P521002,1,0,0.0021609940572663426
A_24_P521409,1,0,0.42706645056726095
A_24_P521662,1,0,0.2895732036736899
A_24_P522399,1,0,0.13101026472177202
A_24_P522585,1,0,0.023230686115613183
A_24_P522786,2,0,0.14775796866558616
A_24_P523242,1,0,0.004321988114532685
A_24_P523345,1,0,0.008103727714748784
A_24_P523530,1,0,0.019448946515397084
A_24_P524164,1,0,0.005672609400324149
A_24_P524588,2,0,0.23878984332793085
A_24_P525029,1,0,0.005132360886007563
A_24_P525144,1,0,0.34062668827660725
A_24_P525401,1,0,0.011885467314964884
A_24_P525588,1,0,0.0016207455429497568
A_24_P525877,1,0,0.02971366828741221
A_24_P525917,2,0,0.12884927066450566
A_24_P526638,1,0,0.0713128038897893
A_24_P527274,1,0,0.030253916801728797
A_24_P528586,2,0,0.019989195029713667
A_24_P528846,1,0,0.007023230686115613
A_24_P529039,1,0,0.20772555375472718
A_24_P529584,1,0,0.005942733657482442
A_24_P530690,1,0,0.28822258238789844
A_24_P530900,1,0,0.1839546191247974
A_24_P531074,1,0,0.16963803349540788
A_24_P531133,1,0,0.12317666126418152
A_24_P531720,1,0,0.011615343057806591
A_24_P531979,1,0,0.0021609940572663426
A_24_P532104,1,0,0.0021609940572663426
A_24_P532478,1,0,0.3857374392220421
A_24_P532864,2,0,0.0037817396002160996
A_24_P534243,1,0,0.002701242571582928
A_24_P535256,1,0,0.14208535926526203
A_24_P535380,1,0,0.4105888708806051
A_24_P535784,1,0,0.017828200972447326
A_24_P536311,1,0,0.0032414910858995136
A_24_P536974,1,0,0.0024311183144246355
A_24_P537149,1,0,0.022420313344138302
A_24_P538119,2,0,0.22123176661264182
A_24_P538459,1,0,0.31307401404646135
A_24_P538495,1,0,0.05753646677471637
A_24_P538543,2,0,0.017017828200972446
A_24_P538557,1,0,0.12047541869259859
A_24_P538590,1,0,0.2663425175580767
A_24_P538618,1,0,0.002971366828741221
A_24_P539039,1,0,0.005402485143165856
A_24_P541236,1,0,0.005402485143165856
A_24_P542364,1,0,0.1423554835224203
A_24_P542673,1,0,0.005672609400324149
A_24_P542797,1,0,0.002971366828741221
A_24_P543460,1,0,0.006482982171799027
A_24_P543779,1,0,0.0032414910858995136
A_24_P544230,1,0,0.004592112371690978
A_24_P544355,2,0,0.012965964343598054
A_24_P544872,1,0,0.04403025391680173
A_24_P544889,1,0,0.0037817396002160996
A_24_P545030,1,0,0.11480280929227445
A_24_P545091,1,0,0.0024311183144246355
A_24_P545807,1,0,0.018098325229605618
A_24_P547659,1,0,0.23203673689897353
A_24_P548060,1,0,0.0032414910858995136
A_24_P548274,1,0,0.22096164235548352
A_24_P548297,1,0,0.046191247974068074
A_24_P548307,1,0,0.004051863857374392
A_24_P548881,2,0,0.3722312263641275
A_24_P551758,1,0,0.0018908698001080498
A_24_P552131,1,0,0.0016207455429497568
A_24_P552374,1,0,0.0018908698001080498
A_24_P552450,2,0,0.020529443544030253
A_24_P552677,1,0,0.09076175040518639
A_24_P554324,2,0,0.024581307401404646
A_24_P554331,1,0,0.13749324689357104
A_24_P555252,1,0,0.050783360345759046
A_24_P556049,1,0,0.10804970286331712
A_24_P556503,1,0,0.010264721772015126
A_24_P557274,2,0,0.15153970826580226
A_24_P558147,1,0,0.004592112371690978
A_24_P560332,1,0,0.2747163695299838
A_24_P560346,1,0,0.006212857914640735
A_24_P560536,1,0,0.005132360886007563
A_24_P560992,1,0,0.12209616423554835
A_24_P561377,1,0,0.004051863857374392
A_24_P562692,1,0,0.04321988114532685
A_24_P562837,1,0,0.08454889249054565
A_24_P563656,1,0,0.010804970286331712
A_24_P563736,1,0,0.3209076175040519
A_24_P563745,1,0,0.002701242571582928
A_24_P563966,1,0,0.15451107509454348
A_24_P564009,1,0,0.00864397622906537
A_24_P564761,1,0,0.2590491626148028
A_24_P565080,1,0,0.002971366828741221
A_24_P565390,1,0,0.05915721231766612
A_24_P565430,1,0,0.04376012965964344
A_24_P565540,1,0,0.2871420853592653
A_24_P565626,1,0,0.014586709886547812
A_24_P565898,1,0,0.04943273905996758
A_24_P566027,1,0,0.01539708265802269
A_24_P566831,1,0,0.030253916801728797
A_24_P566853,1,0,0.0016207455429497568
A_24_P569812,2,0,0.0035116153430578066
A_24_P570378,1,0,0.02971366828741221
A_24_P570392,1,0,0.004321988114532685
A_24_P570454,2,0,0.29443544030253915
A_24_P570930,1,0,0.4473257698541329
A_24_P571984,1,0,0.0037817396002160996
A_24_P572974,1,0,0.42409508373851973
A_24_P573129,1,0,0.0024311183144246355
A_24_P57324,2,0,0.09616423554835224
A_24_P573834,1,0,0.22447325769854132
A_24_P574599,1,0,0.00864397622906537
A_24_P574914,1,0,0.027282549972987576
A_24_P579482,1,0,0.005132360886007563
A_24_P579524,1,0,0.009994597514856833
A_24_P58034,1,0,0.28444084278768234
A_24_P581311,1,0,0.0037817396002160996
A_24_P582056,2,0,0.16720691518098324
A_24_P58221,1,0,0.0024311183144246355
A_24_P58271,1,0,0.11048082117774176
A_24_P582889,1,0,0.08698001080497028
A_24_P585198,1,0,0.0035116153430578066
A_24_P585428,1,0,0.1318206374932469
A_24_P585430,1,0,0.005402485143165856
A_24_P585478,1,0,0.0021609940572663426
A_24_P58565,2,0,0.005402485143165856
A_24_P585659,1,0,0.014856834143706105
A_24_P585660,1,0,0.4597514856834144
A_24_P586072,1,0,0.1428957320367369
A_24_P586134,1,0,0.0037817396002160996
A_24_P586450,1,0,0.3449486763911399
A_24_P588505,1,0,0.004862236628849271
A_24_P588578,1,0,0.03646677471636953
A_24_P588633,1,0,0.0024311183144246355
A_24_P589044,1,0,0.41139924365207997
A_24_P589427,1,0,0.006212857914640735
A_24_P589736,1,0,0.00675310642895732
A_24_P589855,2,0,0.015937331172339277
A_24_P59111,1,0,0.11453268503511616
A_24_P591119,1,0,0.0032414910858995136
A_24_P592560,1,0,0.005402485143165856
A_24_P593724,1,0,0.10291734197730956
A_24_P59459,1,0,0.019448946515397084
A_24_P59506,1,0,0.007023230686115613
A_24_P595200,1,0,0.002701242571582928
A_24_P595296,1,0,0.004592112371690978
A_24_P59554,2,0,0.04781199351701783
A_24_P597242,1,0,0.026202052944354404
A_24_P59827,1,0,0.12290653700702323
A_24_P598514,1,0,0.004051863857374392
A_24_P59882,1,0,0.007833603457590491
A_24_P59899,1,0,0.015667206915180983
A_24_P599237,1,0,0.0035116153430578066
A_24_P600371,2,0,0.007293354943273906
A_24_P601915,1,0,0.01350621285791464
A_24_P602013,1,0,0.2485143165856294
A_24_P602255,1,0,0.0016207455429497568
A_24_P603453,1,0,0.002701242571582928
A_24_P604496,1,0,0.08130740140464614
A_24_P604665,1,0,0.0021609940572663426
A_24_P604784,1,0,0.037007023230686116
A_24_P604851,1,0,0.14910858995137763
A_24_P606835,1,0,0.03079416531604538
A_24_P607195,1,0,0.24122096164235549
A_24_P607306,1,0,0.2544570502431118
A_24_P607561,1,0,0.004862236628849271
A_24_P607645,1,0,0.035926526202052944
A_24_P607751,1,0,0.0018908698001080498
A_24_P607947,1,0,0.0018908698001080498
A_24_P608268,1,0,0.012965964343598054
A_24_P608270,1,0,0.008103727714748784
A_24_P608931,1,0,0.23824959481361427
A_24_P610618,1,0,0.05672609400324149
A_24_P610961,1,0,0.2801188546731497
A_24_P611139,1,0,0.0035116153430578066
A_24_P611380,2,0,0.04349000540248514
A_24_P611648,1,0,0.15505132360886006
A_24_P611965,1,0,0.15964343598055106
A_24_P612371,1,0,0.007563479200432199
A_24_P612890,1,0,0.011615343057806591
A_24_P614702,1,0,0.004051863857374392
A_24_P614962,1,0,0.005402485143165856
A_24_P615181,1,0,0.0564559697460832
A_24_P617455,2,0,0.08806050783360346
A_24_P618077,1,0,0.19421934089681253
A_24_P618247,1,0,0.00864397622906537
A_24_P618401,1,0,0.4259859535386278
A_24_P618476,3,0,0.06185845488924906
A_24_P619733,1,0,0.001350621285791464
A_24_P620241,1,0,0.4670448406266883
A_24_P620583,1,0,0.0021609940572663426
A_24_P620951,2,0,0.07374392220421394
A_24_P622375,1,0,0.0018908698001080498
A_24_P623553,2,0,0.2901134521880065
A_24_P623989,1,0,0.2136682874122096
A_24_P624522,1,0,0.01242571582928147
A_24_P624792,1,0,0.09805510534846029
A_24_P626470,1,0,0.019448946515397084
A_24_P626812,1,0,0.1507293354943274
A_24_P626951,1,0,0.12317666126418152
A_24_P627874,3,0,0.4967585089141005
A_24_P628514,1,0,0.004051863857374392
A_24_P628766,1,0,0.006482982171799027
A_24_P628797,1,0,0.021339816315505133
A_24_P629543,1,0,0.04916261480280929
A_24_P630994,1,0,0.0032414910858995136
A_24_P631594,1,0,0.4181523500810373
A_24_P631948,1,0,0.28822258238789844
A_24_P632846,1,0,0.02188006482982172
A_24_P633110,3,0,0.17504051863857376
A_24_P633283,1,0,0.09211237169097786
A_24_P634126,1,0,0.020799567801188548
A_24_P634602,4,0,0.03430578065910319
A_24_P634688,1,0,0.0032414910858995136
A_24_P634845,2,0,0.01242571582928147
A_24_P634911,1,0,0.4073473797947056
A_24_P635551,3,0,0.10642895732036736
A_24_P636179,1,0,0.097784981091302
A_24_P637226,1,0,0.018098325229605618
A_24_P637381,1,0,0.005402485143165856
A_24_P637651,1,0,0.4451647757968666
A_24_P639581,1,0,0.1166936790923825
A_24_P639701,1,0,0.04943273905996758
A_24_P640045,1,0,0.035926526202052944
A_24_P643601,2,0,0.07698541329011345
A_24_P643776,1,0,0.06131820637493247
A_24_P64442,2,0,0.26499189627228525
A_24_P644554,1,0,0.3457590491626148
A_24_P644556,1,0,0.005672609400324149
A_24_P645311,2,0,0.004051863857374392
A_24_P646150,1,0,0.0021609940572663426
A_24_P646172,1,0,0.013236088600756347
A_24_P646202,1,0,0.1877363587250135
A_24_P646573,1,0,0.2479740680713128
A_24_P647732,1,0,0.00675310642895732
A_24_P647965,1,0,0.19773095623987033
A_24_P648391,1,0,0.002701242571582928
A_24_P64895,1,0,0.047271745002701246
A_24_P649050,1,0,0.10048622366288493
A_24_P650425,1,0,0.1350621285791464
A_24_P650589,1,0,0.02593192868719611
A_24_P651859,1,0,0.002701242571582928
A_24_P653054,3,0,0.02106969205834684
A_24_P654255,1,0,0.004321988114532685
A_24_P654314,1,0,0.07644516477579687
A_24_P654792,1,0,0.0018908698001080498
A_24_P654951,2,0,0.009184224743381956
A_24_P655243,2,0,0.2860615883306321
A_24_P657629,1,0,0.04051863857374392
A_24_P657695,1,0,0.046191247974068074
A_24_P658193,1,0,0.004051863857374392
A_24_P658856,1,0,0.002971366828741221
A_24_P659393,2,0,0.3757428417071853
A_24_P66105,1,0,0.3003781739600216
A_24_P662057,1,0,0.16882766072393302
A_24_P66249,1,0,0.0024311183144246355
A_24_P664258,1,0,0.0037817396002160996
A_24_P664468,1,0,0.005402485143165856
A_24_P664576,1,0,0.004592112371690978
A_24_P664918,1,0,0.11885467314964884
A_24_P665105,1,0,0.037007023230686116
A_24_P665455,1,0,0.008914100486223663
A_24_P665621,1,0,0.05969746083198271
A_24_P666215,1,0,0.26958400864397625
A_24_P667583,1,0,0.20961642355483523
A_24_P668349,1,0,0.015937331172339277
A_24_P669088,1,0,0.0018908698001080498
A_24_P669271,1,0,0.09994597514856834
A_24_P669329,1,0,0.019719070772555376
A_24_P669443,1,0,0.27120475418692597
A_24_P669854,1,0,0.007563479200432199
A_24_P670475,1,0,0.004862236628849271
A_24_P671115,3,0,0.44327390599675853
A_24_P671490,1,0,0.4035656401944895
A_24_P672143,1,0,0.021339816315505133
A_24_P673119,1,0,0.007563479200432199
A_24_P673968,1,0,0.49081577525661807
A_24_P674207,1,0,0.016747703943814155
A_24_P67494,1,0,0.1650459211237169
A_24_P675778,1,0,0.07374392220421394
A_24_P676200,2,0,0.004051863857374392
A_24_P676259,1,0,0.028363047001620744
A_24_P676878,1,0,0.10210696920583469
A_24_P67741,2,0,0.04240950837385197
A_24_P67765,1,0,0.009994597514856833
A_24_P677712,1,0,0.4219340896812534
A_24_P677823,1,0,0.0035116153430578066
A_24_P678034,1,0,0.02782279848730416
A_24_P678056,1,0,0.255537547271745
A_24_P678295,1,0,0.0018908698001080498
A_24_P67881,1,0,0.002701242571582928
A_24_P680779,1,0,0.4313884386817936
A_24_P681250,2,0,0.0035116153430578066
A_24_P68249,1,0,0.1307401404646137
A_24_P682579,1,0,0.02674230145867099
A_24_P683553,1,0,0.023230686115613183
A_24_P683583,1,0,0.004592112371690978
A_24_P684274,1,0,0.4962182603997839
A_24_P6850,1,0,0.32198811453268505
A_24_P685442,1,0,0.026202052944354404
A_24_P685691,1,0,0.007563479200432199
A_24_P685995,1,0,0.010804970286331712
A_24_P686014,1,0,0.09940572663425176
A_24_P686243,1,0,0.03646677471636953
A_24_P6864,1,0,0.031874662344678555
A_24_P687372,1,0,0.12533765532144786
A_24_P687465,2,0,0.14019448946515398
A_24_P688744,1,0,0.005132360886007563
A_24_P688872,1,0,0.00864397622906537
A_24_P690076,1,0,0.01431658562938952
A_24_P690189,1,0,0.0008103727714748784
A_24_P690273,1,0,0.4505672609400324
A_24_P691604,1,0,0.47649918962722854
A_24_P692426,2,0,0.008373851971907077
A_24_P694738,1,0,0.32928146947595893
A_24_P694998,1,0,0.0037817396002160996
A_24_P695223,1,0,0.03322528363047002
A_24_P695691,1,0,0.01053484602917342
A_24_P696009,1,0,0.001350621285791464
A_24_P696546,1,0,0.013236088600756347
A_24_P696571,1,0,0.1280388978930308
A_24_P696924,1,0,0.3317125877903836
A_24_P698698,1,0,0.007023230686115613
A_24_P698816,1,0,0.33684494867639114
A_24_P699252,1,0,0.04267963263101027
A_24_P700052,1,0,0.18530524041058888
A_24_P700562,2,0,0.011885467314964884
A_24_P700941,1,0,0.00864397622906537
A_24_P701030,1,0,0.06185845488924906
A_24_P701582,1,0,0.04051863857374392
A_24_P701814,1,0,0.08049702863317126
A_24_P702020,1,0,0.37763371150729336
A_24_P7021,1,0,0.08860075634792004
A_24_P702842,1,0,0.02215018908698001
A_24_P703197,1,0,0.061048082117774176
A_24_P703674,1,0,0.29821717990275526
A_24_P704878,1,0,0.004862236628849271
A_24_P705980,1,0,0.014856834143706105
A_24_P706236,1,0,0.019719070772555376
A_24_P706327,1,0,0.0016207455429497568
A_24_P706873,1,0,0.005672609400324149
A_24_P708161,1,0,0.48892490545651
A_24_P709536,1,0,0.01620745542949757
A_24_P709949,2,0,0.40464613722312265
A_24_P710252,1,0,0.4613722312263641
A_24_P710868,1,0,0.005132360886007563
A_24_P711009,1,0,0.0016207455429497568
A_24_P7111,1,0,0.06293895191788222
A_24_P712193,1,0,0.12101566720691519
A_24_P712198,1,0,0.006482982171799027
A_24_P712385,1,0,0.004051863857374392
A_24_P712433,2,0,0.007833603457590491
A_24_P712798,1,0,0.007293354943273906
A_24_P712845,1,0,0.2298757428417072
A_24_P712882,1,0,0.002701242571582928
A_24_P713119,1,0,0.0035116153430578066
A_24_P714140,1,0,0.011885467314964884
A_24_P714984,1,0,0.050243111831442464
A_24_P715029,1,0,0.006212857914640735
A_24_P715602,1,0,0.009994597514856833
A_24_P715644,1,0,0.009184224743381956
A_24_P715719,1,0,0.19286871961102106
A_24_P715865,1,0,0.07320367368989736
A_24_P716349,1,0,0.0
A_24_P716394,1,0,0.07293354943273905
A_24_P717462,1,0,0.12533765532144786
A_24_P717824,1,0,0.011615343057806591
A_24_P718031,1,0,0.005942733657482442
A_24_P718223,1,0,0.0035116153430578066
A_24_P718947,1,0,0.04457050243111831
A_24_P720730,1,0,0.004592112371690978
A_24_P721638,1,0,0.0035116153430578066
A_24_P721815,1,0,0.33927606699081575
A_24_P722155,2,0,0.4538087520259319
A_24_P722360,1,0,0.1993517017828201
A_24_P723655,1,0,0.21231766612641814
A_24_P723735,1,0,0.4286871961102107
A_24_P724212,1,0,0.022960561858454888
A_24_P724321,2,0,0.013236088600756347
A_24_P725541,1,0,0.005672609400324149
A_24_P730088,1,0,0.014856834143706105
A_24_P731132,1,0,0.007023230686115613
A_24_P731255,1,0,0.041869259859535386
A_24_P731845,1,0,0.0032414910858995136
A_24_P732106,1,0,0.007293354943273906
A_24_P7322,1,0,0.0032414910858995136
A_24_P733223,1,0,0.025121555915721232
A_24_P733949,1,0,0.002701242571582928
A_24_P734406,1,0,0.0032414910858995136
A_24_P734764,1,0,0.10210696920583469
A_24_P734843,1,0,0.28336034575904917
A_24_P735072,2,0,0.031874662344678555
A_24_P735179,1,0,0.009994597514856833
A_24_P736853,1,0,0.001350621285791464
A_24_P737675,1,0,0.0024311183144246355
A_24_P738859,1,0,0.4586709886547812
A_24_P739582,1,0,0.3833063209076175
A_24_P739785,1,0,0.39681253376553216
A_24_P740244,2,0,0.4141004862236629
A_24_P740492,1,0,0.015937331172339277
A_24_P740906,1,0,0.09805510534846029
A_24_P740932,1,0,0.011345218800648298
A_24_P741142,1,0,0.018368449486763912
A_24_P741305,2,0,0.2179902755267423
A_24_P741450,1,0,0.004592112371690978
A_24_P742420,1,0,0.014046461372231226
A_24_P744297,1,0,0.02404105888708806
A_24_P744554,1,0,0.4708265802269044
A_24_P744872,1,0,0.0037817396002160996
A_24_P744957,1,0,0.004051863857374392
A_24_P745234,1,0,0.005942733657482442
A_24_P745342,1,0,0.13371150729335493
A_24_P745352,1,0,0.019719070772555376
A_24_P745635,1,0,0.004321988114532685
A_24_P746650,1,0,0.004592112371690978
A_24_P747168,1,0,0.006212857914640735
A_24_P747443,1,0,0.3338735818476499
A_24_P747662,1,0,0.1396542409508374
A_24_P749374,1,0,0.004321988114532685
A_24_P749904,1,0,0.09157212317666126
A_24_P750070,1,0,0.002701242571582928
A_24_P750164,1,0,0.011345218800648298
A_24_P750327,1,0,0.015126958400864398
A_24_P750992,1,0,0.06293895191788222
A_24_P751220,1,0,0.02674230145867099
A_24_P752416,1,0,0.24284170718530523
A_24_P752690,1,0,0.002971366828741221
A_24_P753110,1,0,0.037007023230686116
A_24_P753302,2,0,0.32847109670448404
A_24_P753414,1,0,0.005132360886007563
A_24_P753782,1,0,0.006482982171799027
A_24_P753849,2,0,0.028363047001620744
A_24_P7541,1,0,0.0021609940572663426
A_24_P754989,1,0,0.12560777957860617
A_24_P75558,1,0,0.34386817936250674
A_24_P756014,1,0,0.007023230686115613
A_24_P7565,1,0,0.30983252296056185
A_24_P756672,1,0,0.006212857914640735
A_24_P756682,1,0,0.009994597514856833
A_24_P7570,1,0,0.037817396002161
A_24_P757370,1,0,0.004592112371690978
A_24_P757638,1,0,0.2968665586169638
A_24_P75778,1,0,0.48676391139924363
A_24_P757790,1,0,0.0024311183144246355
A_24_P758010,1,0,0.007563479200432199
A_24_P75808,1,0,0.004051863857374392
A_24_P758256,1,0,0.019989195029713667
A_24_P75856,1,0,0.2544570502431118
A_24_P759241,1,0,0.04754186925985954
A_24_P759314,1,0,0.004051863857374392
A_24_P759647,1,0,0.22339276066990815
A_24_P759861,1,0,0.050783360345759046
A_24_P760368,1,0,0.009994597514856833
A_24_P760891,1,0,0.002701242571582928
A_24_P760945,1,0,0.031874662344678555
A_24_P761705,1,0,0.3757428417071853
A_24_P762409,1,0,0.002701242571582928
A_24_P762613,1,0,0.035926526202052944
A_24_P76319,1,0,0.05483522420313344
A_24_P763407,1,0,0.0035116153430578066
A_24_P764519,1,0,0.06618044300378174
A_24_P76489,1,0,0.047271745002701246
A_24_P765053,2,0,0.255537547271745
A_24_P765294,1,0,0.002701242571582928
A_24_P765552,1,0,0.30686115613182063
A_24_P76575,1,0,0.011615343057806591
A_24_P76586,1,0,0.005672609400324149
A_24_P765975,1,0,0.0037817396002160996
A_24_P76604,1,0,0.05672609400324149
A_24_P766177,1,0,0.0021609940572663426
A_24_P766228,1,0,0.2685035116153431
A_24_P76694,1,0,0.004051863857374392
A_24_P76707,1,0,0.075634792004322
A_24_P767222,1,0,0.022960561858454888
A_24_P76757,1,0,0.3943814154511075
A_24_P767699,1,0,0.004321988114532685
A_24_P768824,1,0,0.002971366828741221
A_24_P769588,1,0,0.4019448946515397
A_24_P769977,1,0,0.48946515397082657
A_24_P770405,1,0,0.09562398703403566
A_24_P771173,1,0,0.18530524041058888
A_24_P771821,1,0,0.01917882225823879
A_24_P771880,1,0,0.1458670988654781
A_24_P772004,3,0,0.10994057266342518
A_24_P772921,1,0,0.0035116153430578066
A_24_P773119,2,0,0.0937331172339276
A_24_P773149,1,0,0.002701242571582928
A_24_P773180,1,0,0.008914100486223663
A_24_P773539,1,0,0.097784981091302
A_24_P775063,1,0,0.0024311183144246355
A_24_P775812,1,0,0.005402485143165856
A_24_P776036,1,0,0.008103727714748784
A_24_P777388,1,0,0.0024311183144246355
A_24_P778529,1,0,0.029173419773095625
A_24_P780353,1,0,0.4538087520259319
A_24_P7807,1,0,0.00675310642895732
A_24_P781657,1,0,0.005672609400324149
A_24_P781825,1,0,0.38141545110750946
A_24_P7820,1,0,0.14775796866558616
A_24_P782102,1,0,0.06347920043219882
A_24_P783656,1,0,0.00945434900054025
A_24_P783810,1,0,0.27336574824419235
A_24_P784203,1,0,0.0024311183144246355
A_24_P784213,1,0,0.0032414910858995136
A_24_P784846,1,0,0.48676391139924363
A_24_P786713,1,0,0.16423554835224202
A_24_P788373,1,0,0.004051863857374392
A_24_P789471,2,0,0.009724473257698542
A_24_P790361,1,0,0.24824419232847109
A_24_P790836,1,0,0.03484602917341977
A_24_P791169,3,0,0.075634792004322
A_24_P791814,1,0,0.16342517558076716
A_24_P791862,1,0,0.004051863857374392
A_24_P791913,1,0,0.008103727714748784
A_24_P792075,1,0,0.041329011345218804
A_24_P792748,1,0,0.0037817396002160996
A_24_P792988,1,0,0.23500810372771475
A_24_P794189,1,0,0.008914100486223663
A_24_P794275,1,0,0.015667206915180983
A_24_P794529,1,0,0.011075094543490005
A_24_P794892,1,0,0.0024311183144246355
A_24_P795162,2,0,0.3114532685035116
A_24_P795230,1,0,0.0035116153430578066
A_24_P795662,1,0,0.010264721772015126
A_24_P798217,1,0,0.0037817396002160996
A_24_P798218,1,0,0.1650459211237169
A_24_P799048,1,0,0.011345218800648298
A_24_P799245,1,0,0.0008103727714748784
A_24_P799680,1,0,0.22798487304159915
A_24_P799858,1,0,0.0715829281469476
A_24_P800363,1,0,0.012695840086439762
A_24_P800698,1,0,0.3495407887628309
A_24_P800734,1,0,0.023230686115613183
A_24_P802963,1,0,0.0018908698001080498
A_24_P806389,1,0,0.06564019448946515
A_24_P806646,1,0,0.0018908698001080498
A_24_P807248,1,0,0.007833603457590491
A_24_P807445,1,0,0.31010264721772013
A_24_P809638,2,0,0.03538627768773636
A_24_P809786,1,0,0.004321988114532685
A_24_P809964,1,0,0.4773095623987034
A_24_P810074,1,0,0.005672609400324149
A_24_P811397,1,0,0.005672609400324149
A_24_P811954,1,0,0.3981631550513236
A_24_P81205,1,0,0.004592112371690978
A_24_P812172,1,0,0.222312263641275
A_24_P814749,1,0,0.02215018908698001
A_24_P815570,1,0,0.012155591572123177
A_24_P816073,1,0,0.061048082117774176
A_24_P8165,1,0,0.04457050243111831
A_24_P817610,1,0,0.07428417071853052
A_24_P818136,1,0,0.0035116153430578066
A_24_P818378,1,0,0.0024311183144246355
A_24_P818529,2,0,0.2830902215018909
A_24_P819419,1,0,0.01242571582928147
A_24_P821988,1,0,0.16612641815235007
A_24_P822869,1,0,0.02106969205834684
A_24_P823033,1,0,0.06645056726094004
A_24_P823951,1,0,0.002701242571582928
A_24_P824005,1,0,0.002701242571582928
A_24_P824453,1,0,0.0032414910858995136
A_24_P824578,2,0,0.04024851431658563
A_24_P824642,2,0,0.0035116153430578066
A_24_P825942,1,0,0.2560777957860616
A_24_P826325,1,0,0.1504592112371691
A_24_P828496,2,0,0.031604538087520256
A_24_P828764,1,0,0.011075094543490005
A_24_P828818,1,0,0.06942193408968125
A_24_P829111,1,0,0.011345218800648298
A_24_P830006,1,0,0.009994597514856833
A_24_P830315,1,0,0.051323608860075635
A_24_P830406,1,0,0.22312263641274988
A_24_P831005,1,0,0.4273365748244192
A_24_P831884,1,0,0.004051863857374392
A_24_P831925,1,0,0.007293354943273906
A_24_P832270,1,0,0.026202052944354404
A_24_P832831,1,0,0.032955159373311727
A_24_P833067,1,0,0.004862236628849271
A_24_P833097,1,0,0.2784981091301999
A_24_P833211,2,0,0.030524041058887088
A_24_P833256,1,0,0.011885467314964884
A_24_P8333,1,0,0.04916261480280929
A_24_P834066,1,0,0.1085899513776337
A_24_P834646,1,0,0.228795245813074
A_24_P835549,1,0,0.021339816315505133
A_24_P838261,1,0,0.004051863857374392
A_24_P839258,1,0,0.03430578065910319
A_24_P83928,1,0,0.019989195029713667
A_24_P839298,2,0,0.22420313344138304
A_24_P83952,1,0,0.16666666666666666
A_24_P839530,1,0,0.012965964343598054
A_24_P840343,1,0,0.0024311183144246355
A_24_P841704,1,0,0.01755807671528903
A_24_P84198,1,0,0.004321988114532685
A_24_P842016,1,0,0.009724473257698542
A_24_P84217,1,0,0.005672609400324149
A_24_P842536,1,0,0.00675310642895732
A_24_P843335,1,0,0.017017828200972446
A_24_P84401,1,0,0.3325229605618584
A_24_P844100,1,0,0.015126958400864398
A_24_P844470,1,0,0.1277687736358725
A_24_P844917,1,0,0.004862236628849271
A_24_P84498,1,0,0.21745002701242572
A_24_P845561,1,0,0.004321988114532685
A_24_P84738,3,0,0.029983792544570502
A_24_P84752,2,0,0.1842247433819557
A_24_P847956,1,0,0.004051863857374392
A_24_P848134,3,0,0.37763371150729336
A_24_P848379,1,0,0.002971366828741221
A_24_P848707,1,0,0.0010804970286331713
A_24_P849004,1,0,0.0864397622906537
A_24_P84924,1,0,0.20097244732576985
A_24_P849512,1,0,0.0021609940572663426
A_24_P850069,1,0,0.36277687736358727
A_24_P851254,1,0,0.1428957320367369
A_24_P852888,2,0,0.14181523500810372
A_24_P852983,1,0,0.19746083198271205
A_24_P853124,1,0,0.024311183144246355
A_24_P85322,1,0,0.35170178282009723
A_24_P853366,1,0,0.04700162074554295
A_24_P85348,1,0,0.0016207455429497568
A_24_P85375,1,0,0.009994597514856833
A_24_P85382,1,0,0.009184224743381956
A_24_P85391,1,0,0.24635332252836303
A_24_P85400,1,0,0.002971366828741221
A_24_P854440,1,0,0.13290113452188007
A_24_P854556,1,0,0.012965964343598054
A_24_P855508,1,0,0.004592112371690978
A_24_P85606,1,0,0.0018908698001080498
A_24_P856164,1,0,0.019989195029713667
A_24_P857002,1,0,0.017017828200972446
A_24_P857823,1,0,0.34846029173419774
A_24_P857932,2,0,0.34440842787682335
A_24_P858192,1,0,0.018638573743922204
A_24_P858614,1,0,0.019448946515397084
A_24_P860248,1,0,0.012695840086439762
A_24_P860417,1,0,0.1431658562938952
A_24_P861869,1,0,0.4173419773095624
A_24_P861875,1,0,0.3525121555915721
A_24_P862083,1,0,0.004051863857374392
A_24_P863124,1,0,0.4692058346839546
A_24_P863363,1,0,0.018638573743922204
A_24_P865245,1,0,0.13425175580767154
A_24_P866323,1,0,0.0032414910858995136
A_24_P866484,1,0,0.020529443544030253
A_24_P867207,1,0,0.35872501350621283
A_24_P868313,1,0,0.06266882766072393
A_24_P868987,1,0,0.10777957860615883
A_24_P868992,1,0,0.0024311183144246355
A_24_P870176,1,0,0.022690437601296597
A_24_P870362,1,0,0.25661804430037816
A_24_P870779,1,0,0.0024311183144246355
A_24_P871208,1,0,0.3727714748784441
A_24_P871687,1,0,0.005672609400324149
A_24_P872967,1,0,0.4443544030253917
A_24_P873291,1,0,0.03322528363047002
A_24_P873598,1,0,0.1882766072393301
A_24_P874508,1,0,0.011345218800648298
A_24_P874630,1,0,0.004051863857374392
A_24_P876352,1,0,0.013236088600756347
A_24_P877411,1,0,0.2485143165856294
A_24_P878376,1,0,0.1982712047541869
A_24_P878472,1,0,0.02863317125877904
A_24_P878561,1,0,0.004051863857374392
A_24_P879729,1,0,0.012695840086439762
A_24_P879804,1,0,0.008103727714748784
A_24_P879895,1,0,0.0037817396002160996
A_24_P879933,1,0,0.011885467314964884
A_24_P880155,1,0,0.041058887088060506
A_24_P881562,1,0,0.008103727714748784
A_24_P883664,2,0,0.005672609400324149
A_24_P884690,1,0,0.05348460291734198
A_24_P885303,1,0,0.11615343057806592
A_24_P885873,1,0,0.29038357644516477
A_24_P886589,1,0,0.004862236628849271
A_24_P887239,1,0,0.01053484602917342
A_24_P887615,1,0,0.11993517017828201
A_24_P887805,1,0,0.04943273905996758
A_24_P887857,1,0,0.041599135602377095
A_24_P889070,1,0,0.060237709346299295
A_24_P889237,1,0,0.009994597514856833
A_24_P889419,1,0,0.002701242571582928
A_24_P889962,1,0,0.007833603457590491
A_24_P890357,1,0,0.023230686115613183
A_24_P890995,1,0,0.44408427876823336
A_24_P891042,1,0,0.01620745542949757
A_24_P891116,1,0,0.0021609940572663426
A_24_P891276,1,0,0.4581307401404646
A_24_P891472,1,0,0.2142085359265262
A_24_P892137,1,0,0.0035116153430578066
A_24_P892367,1,0,0.005402485143165856
A_24_P892542,1,0,0.004051863857374392
A_24_P893347,1,0,0.0016207455429497568
A_24_P893668,1,0,0.014586709886547812
A_24_P894132,1,0,0.008373851971907077
A_24_P894345,1,0,0.0016207455429497568
A_24_P894776,1,0,0.005672609400324149
A_24_P895687,1,0,0.47541869259859537
A_24_P896032,2,0,0.005402485143165856
A_24_P896188,1,0,0.014586709886547812
A_24_P896326,1,0,0.32820097244732577
A_24_P896944,1,0,0.16045380875202594
A_24_P899032,1,0,0.0021609940572663426
A_24_P899414,1,0,0.0035116153430578066
A_24_P900555,1,0,0.42409508373851973
A_24_P901778,1,0,0.006482982171799027
A_24_P902042,1,0,0.002701242571582928
A_24_P902073,1,0,0.41950297136682874
A_24_P902345,1,0,0.005942733657482442
A_24_P902764,1,0,0.11993517017828201
A_24_P903049,2,0,0.22663425175580768
A_24_P903460,1,0,0.08860075634792004
A_24_P903628,1,0,0.00864397622906537
A_24_P904723,1,0,0.002701242571582928
A_24_P910043,1,0,0.009184224743381956
A_24_P910060,1,0,0.22798487304159915
A_24_P910080,1,0,0.08562938951917883
A_24_P910130,1,0,0.006212857914640735
A_24_P910153,1,0,0.002701242571582928
A_24_P910230,1,0,0.004592112371690978
A_24_P910246,1,0,0.01539708265802269
A_24_P910277,1,0,0.031604538087520256
A_24_P910325,1,0,0.302539168017288
A_24_P910338,1,0,0.0035116153430578066
A_24_P910355,1,0,0.23149648838465695
A_24_P910360,1,0,0.014856834143706105
A_24_P910381,1,0,0.47784981091302
A_24_P910398,1,0,0.002971366828741221
A_24_P910471,1,0,0.00945434900054025
A_24_P910483,1,0,0.004051863857374392
A_24_P910504,1,0,0.029173419773095625
A_24_P910589,1,0,0.006212857914640735
A_24_P910605,1,0,0.02404105888708806
A_24_P910608,1,0,0.00675310642895732
A_24_P910644,1,0,0.19340896812533764
A_24_P910660,1,0,0.016747703943814155
A_24_P910703,1,0,0.08211777417612101
A_24_P910724,2,0,0.01620745542949757
A_24_P910818,1,0,0.3006482982171799
A_24_P910842,1,0,0.0024311183144246355
A_24_P910952,1,0,0.09265262020529444
A_24_P910963,1,0,0.005672609400324149
A_24_P911040,1,0,0.035926526202052944
A_24_P911051,1,0,0.004051863857374392
A_24_P911071,1,0,0.002701242571582928
A_24_P911132,1,0,0.005672609400324149
A_24_P911147,1,0,0.004592112371690978
A_24_P911161,1,0,0.0037817396002160996
A_24_P911171,1,0,0.00675310642895732
A_24_P911191,2,0,0.20502431118314424
A_24_P911255,1,0,0.004321988114532685
A_24_P911281,1,0,0.005132360886007563
A_24_P911348,1,0,0.059967585089141004
A_24_P911362,1,0,0.06861156131820638
A_24_P911395,1,0,0.01431658562938952
A_24_P911411,1,0,0.004592112371690978
A_24_P911482,1,0,0.018638573743922204
A_24_P911519,2,0,0.07644516477579687
A_24_P911621,1,0,0.0940032414910859
A_24_P911644,1,0,0.009994597514856833
A_24_P911734,1,0,0.09940572663425176
A_24_P911746,1,0,0.007023230686115613
A_24_P911754,1,0,0.039978390059427334
A_24_P911766,1,0,0.012695840086439762
A_24_P911788,1,0,0.14208535926526203
A_24_P911837,1,0,0.011885467314964884
A_24_P911950,1,0,0.0021609940572663426
A_24_P911973,1,0,0.35521339816315506
A_24_P912074,1,0,0.032144786601836846
A_24_P912079,1,0,0.007563479200432199
A_24_P912126,2,0,0.02674230145867099
A_24_P912186,1,0,0.0018908698001080498
A_24_P912258,1,0,0.0337655321447866
A_24_P912342,1,0,0.002971366828741221
A_24_P912396,1,0,0.001350621285791464
A_24_P912490,1,0,0.005132360886007563
A_24_P912617,2,0,0.006482982171799027
A_24_P912626,1,0,0.02106969205834684
A_24_P912765,1,0,0.004592112371690978
A_24_P912949,1,0,0.009994597514856833
A_24_P912968,1,0,0.005942733657482442
A_24_P912994,1,0,0.005402485143165856
A_24_P913078,1,0,0.0018908698001080498
A_24_P913156,1,0,0.018638573743922204
A_24_P913198,2,0,0.18341437061048083
A_24_P913249,1,0,0.0032414910858995136
A_24_P913292,1,0,0.006212857914640735
A_24_P913391,1,0,0.0024311183144246355
A_24_P913482,1,0,0.01431658562938952
A_24_P913489,1,0,0.40464613722312265
A_24_P913517,1,0,0.002971366828741221
A_24_P913576,2,0,0.03241491085899514
A_24_P913598,1,0,0.42382495948136145
A_24_P913847,1,0,0.3757428417071853
A_24_P913855,1,0,0.2290653700702323
A_24_P913930,1,0,0.1658562938951918
A_24_P914043,1,0,0.1129119394921664
A_24_P914075,1,0,0.02890329551593733
A_24_P914095,1,0,0.33657482441923287
A_24_P914161,1,0,0.39546191247974066
A_24_P914169,1,0,0.27984873041599134
A_24_P914282,1,0,0.02377093462992977
A_24_P914289,1,0,0.0002701242571582928
A_24_P914308,2,0,0.3346839546191248
A_24_P914326,1,0,0.004051863857374392
A_24_P914362,1,0,0.44570502431118314
A_24_P914448,1,0,0.05672609400324149
A_24_P914466,1,0,0.0032414910858995136
A_24_P914549,1,0,0.011615343057806591
A_24_P914711,1,0,0.020529443544030253
A_24_P914722,1,0,0.00675310642895732
A_24_P914744,1,0,0.001350621285791464
A_24_P914782,1,0,0.0018908698001080498
A_24_P914797,1,0,0.018638573743922204
A_24_P914859,1,0,0.007023230686115613
A_24_P914908,1,0,0.0189086980010805
A_24_P914922,1,0,0.19232847109670448
A_24_P914957,1,0,0.00675310642895732
A_24_P914981,1,0,0.029173419773095625
A_24_P915030,1,0,0.0024311183144246355
A_24_P915105,1,0,0.004051863857374392
A_24_P915107,1,0,0.002701242571582928
A_24_P915117,1,0,0.009184224743381956
A_24_P915189,1,0,0.0032414910858995136
A_24_P915225,1,0,0.0037817396002160996
A_24_P915245,1,0,0.009184224743381956
A_24_P915269,1,0,0.4735278227984873
A_24_P915276,1,0,0.0021609940572663426
A_24_P915307,1,0,0.004321988114532685
A_24_P915322,1,0,0.002971366828741221
A_24_P915326,1,0,0.49054565099945974
A_24_P915338,1,0,0.005672609400324149
A_24_P915464,1,0,0.04267963263101027
A_24_P915535,1,0,0.0032414910858995136
A_24_P915541,1,0,0.009724473257698542
A_24_P915634,1,0,0.35386277687736356
A_24_P915737,1,0,0.0024311183144246355
A_24_P915846,1,0,0.0037817396002160996
A_24_P915883,1,0,0.013236088600756347
A_24_P915894,1,0,0.0032414910858995136
A_24_P915904,1,0,0.3527822798487304
A_24_P915963,1,0,0.0032414910858995136
A_24_P916116,1,0,0.001350621285791464
A_24_P916182,1,0,0.05483522420313344
A_24_P916211,1,0,0.001350621285791464
A_24_P916223,1,0,0.008373851971907077
A_24_P916299,3,0,0.01539708265802269
A_24_P916331,1,0,0.035926526202052944
A_24_P916338,1,0,0.3549432739059968
A_24_P916435,1,0,0.008914100486223663
A_24_P916453,1,0,0.0018908698001080498
A_24_P916464,1,0,0.010804970286331712
A_24_P916515,1,0,0.03268503511615343
A_24_P916534,1,0,0.010264721772015126
A_24_P916631,1,0,0.0037817396002160996
A_24_P916743,1,0,0.20475418692598596
A_24_P916746,1,0,0.0018908698001080498
A_24_P916759,1,0,0.004862236628849271
A_24_P916782,1,0,0.007293354943273906
A_24_P916858,1,0,0.07293354943273905
A_24_P916876,2,0,0.25796866558616965
A_24_P916965,1,0,0.09940572663425176
A_24_P916979,1,0,0.030524041058887088
A_24_P916992,1,0,0.0037817396002160996
A_24_P917001,1,0,0.004321988114532685
A_24_P917103,2,0,0.006212857914640735
A_24_P917113,1,0,0.001350621285791464
A_24_P917154,1,0,0.001350621285791464
A_24_P917164,1,0,0.02215018908698001
A_24_P917178,1,0,0.04051863857374392
A_24_P917199,1,0,0.0035116153430578066
A_24_P917211,1,0,0.19340896812533764
A_24_P917254,1,0,0.015667206915180983
A_24_P917280,1,0,0.005402485143165856
A_24_P917306,1,0,0.05348460291734198
A_24_P917316,1,0,0.014046461372231226
A_24_P917344,1,0,0.06807131280388978
A_24_P917433,1,0,0.002971366828741221
A_24_P917519,1,0,0.0037817396002160996
A_24_P917556,2,0,0.004051863857374392
A_24_P917595,1,0,0.008373851971907077
A_24_P917668,1,0,0.005402485143165856
A_24_P917682,1,0,0.006482982171799027
A_24_P917686,1,0,0.02215018908698001
A_24_P917703,1,0,0.008103727714748784
A_24_P917744,1,0,0.019989195029713667
A_24_P917759,1,0,0.007563479200432199
A_24_P917766,1,0,0.011075094543490005
A_24_P917796,1,0,0.0037817396002160996
A_24_P917810,1,0,0.004051863857374392
A_24_P917882,1,0,0.2755267423014587
A_24_P917895,1,0,0.00864397622906537
A_24_P917897,1,0,0.08752025931928688
A_24_P917971,1,0,0.012155591572123177
A_24_P917987,1,0,0.005672609400324149
A_24_P918007,1,0,0.004051863857374392
A_24_P918090,1,0,0.0032414910858995136
A_24_P918106,1,0,0.005132360886007563
A_24_P918131,1,0,0.030524041058887088
A_24_P918242,1,0,0.0189086980010805
A_24_P918296,1,0,0.0189086980010805
A_24_P918339,1,0,0.012695840086439762
A_24_P918364,1,0,0.006212857914640735
A_24_P918454,1,0,0.006482982171799027
A_24_P918458,1,0,0.002701242571582928
A_24_P918473,1,0,0.06428957320367369
A_24_P918561,1,0,0.004321988114532685
A_24_P918693,2,0,0.004051863857374392
A_24_P918694,1,0,0.009724473257698542
A_24_P918739,1,0,0.020799567801188548
A_24_P918782,1,0,0.01620745542949757
A_24_P918792,1,0,0.004862236628849271
A_24_P918911,1,0,0.005132360886007563
A_24_P918926,1,0,0.005132360886007563
A_24_P918930,1,0,0.004592112371690978
A_24_P919008,1,0,0.007023230686115613
A_24_P919016,1,0,0.012695840086439762
A_24_P919020,1,0,0.3454889249054565
A_24_P919038,1,0,0.007563479200432199
A_24_P919044,1,0,0.09832522960561858
A_24_P919063,1,0,0.0032414910858995136
A_24_P919150,1,0,0.25391680172879527
A_24_P919178,1,0,0.04754186925985954
A_24_P919256,1,0,0.17368989735278229
A_24_P919265,1,0,0.004321988114532685
A_24_P919283,1,0,0.11345218800648298
A_24_P919293,1,0,0.0037817396002160996
A_24_P919311,1,0,0.49432739059967584
A_24_P919340,1,0,0.1350621285791464
A_24_P919358,2,0,0.019448946515397084
A_24_P919403,1,0,0.014856834143706105
A_24_P919488,1,0,0.002701242571582928
A_24_P919502,1,0,0.004862236628849271
A_24_P919538,2,0,0.027282549972987576
A_24_P919553,1,0,0.001350621285791464
A_24_P919567,1,0,0.2698541329011345
A_24_P919595,1,0,0.005132360886007563
A_24_P919683,1,0,0.021339816315505133
A_24_P919706,1,0,0.056185845488924906
A_24_P919717,1,0,0.01053484602917342
A_24_P919750,1,0,0.42787682333873583
A_24_P919805,1,0,0.0021609940572663426
A_24_P919812,1,0,0.0035116153430578066
A_24_P919825,1,0,0.002971366828741221
A_24_P919835,1,0,0.004051863857374392
A_24_P919863,1,0,0.0037817396002160996
A_24_P919931,1,0,0.07968665586169638
A_24_P919989,1,0,0.11372231226364128
A_24_P920038,1,0,0.00675310642895732
A_24_P920048,1,0,0.0024311183144246355
A_24_P920070,1,0,0.16018368449486764
A_24_P920148,1,0,0.005402485143165856
A_24_P920157,1,0,0.0032414910858995136
A_24_P920227,1,0,0.0021609940572663426
A_24_P920247,1,0,0.008103727714748784
A_24_P920264,1,0,0.0032414910858995136
A_24_P920271,1,0,0.22474338195569962
A_24_P920355,1,0,0.0035116153430578066
A_24_P920366,1,0,0.007293354943273906
A_24_P920381,1,0,0.01242571582928147
A_24_P920463,1,0,0.012155591572123177
A_24_P920468,1,0,0.004051863857374392
A_24_P920483,1,0,0.030253916801728797
A_24_P920573,1,0,0.09994597514856834
A_24_P920585,1,0,0.004592112371690978
A_24_P920610,1,0,0.012965964343598054
A_24_P920636,1,0,0.004862236628849271
A_24_P920662,1,0,0.005672609400324149
A_24_P920664,1,0,0.46461372231226367
A_24_P920677,1,0,0.4619124797406807
A_24_P920712,1,0,0.0037817396002160996
A_24_P920715,1,0,0.009184224743381956
A_24_P920742,1,0,0.006212857914640735
A_24_P920795,1,0,0.09832522960561858
A_24_P920812,1,0,0.0010804970286331713
A_24_P920826,1,0,0.022420313344138302
A_24_P920926,1,0,0.019448946515397084
A_24_P920949,1,0,0.012155591572123177
A_24_P920992,1,0,0.004051863857374392
A_24_P921036,1,0,0.3092922744462453
A_24_P921062,1,0,0.15153970826580226
A_24_P921069,1,0,0.005672609400324149
A_24_P921167,1,0,0.004051863857374392
A_24_P921174,1,0,0.08373851971907077
A_24_P921213,1,0,0.004592112371690978
A_24_P921285,1,0,0.001350621285791464
A_24_P921327,1,0,0.018098325229605618
A_24_P921376,1,0,0.004592112371690978
A_24_P921421,1,0,0.009184224743381956
A_24_P921426,1,0,0.005672609400324149
A_24_P921502,1,0,0.0032414910858995136
A_24_P921519,2,0,0.02485143165856294
A_24_P921623,1,0,0.44570502431118314
A_24_P921633,1,0,0.0018908698001080498
A_24_P921636,1,0,0.0021609940572663426
A_24_P921649,1,0,0.036196650459211235
A_24_P921660,2,0,0.14397622906537008
A_24_P921719,1,0,0.007023230686115613
A_24_P921794,1,0,0.16450567260940033
A_24_P921832,1,0,0.004862236628849271
A_24_P921857,1,0,0.023230686115613183
A_24_P921862,1,0,0.0032414910858995136
A_24_P921871,2,0,0.08562938951917883
A_24_P921906,1,0,0.43733117233927604
A_24_P921947,1,0,0.01242571582928147
A_24_P921957,2,0,0.26526202052944353
A_24_P921986,1,0,0.011345218800648298
A_24_P921991,1,0,0.0032414910858995136
A_24_P922005,1,0,0.03430578065910319
A_24_P922062,1,0,0.35845488924905455
A_24_P922084,1,0,0.014586709886547812
A_24_P922173,1,0,0.018368449486763912
A_24_P922182,1,0,0.23878984332793085
A_24_P922208,1,0,0.005132360886007563
A_24_P922252,2,0,0.27363587250135063
A_24_P922327,1,0,0.47568881685575365
A_24_P922331,1,0,0.0024311183144246355
A_24_P922349,1,0,0.12884927066450566
A_24_P922387,2,0,0.1385737439222042
A_24_P922401,1,0,0.03916801728795246
A_24_P922430,1,0,0.007293354943273906
A_24_P922440,1,0,0.008373851971907077
A_24_P922449,1,0,0.007023230686115613
A_24_P922511,1,0,0.001350621285791464
A_24_P922528,1,0,0.002971366828741221
A_24_P922613,1,0,0.026202052944354404
A_24_P922653,1,0,0.027282549972987576
A_24_P92267,1,0,0.2525661804430038
A_24_P922726,1,0,0.0037817396002160996
A_24_P922732,1,0,0.0032414910858995136
A_24_P922750,2,0,0.005132360886007563
A_24_P922758,1,0,0.0018908698001080498
A_24_P922770,1,0,0.005672609400324149
A_24_P922793,1,0,0.15505132360886006
A_24_P922808,1,0,0.4627228525121556
A_24_P922838,1,0,0.22447325769854132
A_24_P922862,1,0,0.0032414910858995136
A_24_P922893,1,0,0.25823878984332793
A_24_P922979,2,0,0.10480821177741761
A_24_P923056,1,0,0.018098325229605618
A_24_P923076,1,0,0.04808211777417612
A_24_P923215,1,0,0.0016207455429497568
A_24_P923225,1,0,0.0024311183144246355
A_24_P923271,1,0,0.35845488924905455
A_24_P923331,1,0,0.02215018908698001
A_24_P923439,1,0,0.0018908698001080498
A_24_P923478,1,0,0.012965964343598054
A_24_P923514,1,0,0.0035116153430578066
A_24_P923534,1,0,0.0016207455429497568
A_24_P923553,1,0,0.0024311183144246355
A_24_P923567,1,0,0.006212857914640735
A_24_P923654,1,0,0.24878444084278767
A_24_P923670,1,0,0.007023230686115613
A_24_P923676,1,0,0.0024311183144246355
A_24_P923695,1,0,0.01242571582928147
A_24_P923774,1,0,0.005402485143165856
A_24_P923789,1,0,0.008103727714748784
A_24_P923822,1,0,0.006212857914640735
A_24_P923839,1,0,0.0010804970286331713
A_24_P923854,1,0,0.446515397082658
A_24_P923882,1,0,0.00675310642895732
A_24_P923962,1,0,0.06834143706104809
A_24_P923984,1,0,0.0024311183144246355
A_24_P924016,1,0,0.004592112371690978
A_24_P924029,1,0,0.012155591572123177
A_24_P924104,1,0,0.006482982171799027
A_24_P924114,1,0,0.3371150729335494
A_24_P924118,1,0,0.012695840086439762
A_24_P924125,1,0,0.011885467314964884
A_24_P924143,1,0,0.004051863857374392
A_24_P924183,1,0,0.047271745002701246
A_24_P924217,1,0,0.03970826580226904
A_24_P924230,1,0,0.004862236628849271
A_24_P924247,3,0,0.15532144786601837
A_24_P924251,1,0,0.00864397622906537
A_24_P924452,1,0,0.002701242571582928
A_24_P924494,1,0,0.005672609400324149
A_24_P924504,1,0,0.017017828200972446
A_24_P924552,1,0,0.002701242571582928
A_24_P924567,1,0,0.15451107509454348
A_24_P924571,1,0,0.004321988114532685
A_24_P924611,1,0,0.0024311183144246355
A_24_P924764,1,0,0.004051863857374392
A_24_P924783,1,0,0.004321988114532685
A_24_P924791,1,0,0.005672609400324149
A_24_P92486,1,0,0.04294975688816856
A_24_P924890,1,0,0.007023230686115613
A_24_P924908,1,0,0.0018908698001080498
A_24_P924968,1,0,0.039978390059427334
A_24_P925010,1,0,0.36925985953538626
A_24_P925013,1,0,0.005942733657482442
A_24_P925052,1,0,0.015126958400864398
A_24_P925109,1,0,0.002701242571582928
A_24_P925124,1,0,0.06969205834683954
A_24_P925163,1,0,0.007563479200432199
A_24_P925201,1,0,0.0189086980010805
A_24_P925274,1,0,0.11480280929227445
A_24_P925310,1,0,0.06537007023230686
A_24_P925327,1,0,0.0032414910858995136
A_24_P925334,1,0,0.002971366828741221
A_24_P925442,1,0,0.005132360886007563
A_24_P925490,1,0,0.005402485143165856
A_24_P925505,1,0,0.06969205834683954
A_24_P925615,1,0,0.391139924365208
A_24_P925631,1,0,0.4773095623987034
A_24_P925647,1,0,0.00864397622906537
A_24_P925673,1,0,0.007563479200432199
A_24_P925779,1,0,0.018368449486763912
A_24_P925786,1,0,0.004051863857374392
A_24_P925808,1,0,0.26499189627228525
A_24_P925818,1,0,0.03322528363047002
A_24_P925913,1,0,0.002971366828741221
A_24_P925940,1,0,0.004862236628849271
A_24_P925966,1,0,0.07293354943273905
A_24_P926006,1,0,0.004862236628849271
A_24_P926044,1,0,0.004592112371690978
A_24_P926095,1,0,0.00675310642895732
A_24_P926155,1,0,0.0035116153430578066
A_24_P92624,1,0,0.018368449486763912
A_24_P926272,1,0,0.004862236628849271
A_24_P926284,1,0,0.0037817396002160996
A_24_P926285,1,0,0.010804970286331712
A_24_P926306,1,0,0.0035116153430578066
A_24_P926337,1,0,0.002971366828741221
A_24_P926347,1,0,0.017017828200972446
A_24_P926354,1,0,0.005402485143165856
A_24_P926462,1,0,0.004321988114532685
A_24_P926478,1,0,0.37142085359265264
A_24_P926543,1,0,0.0037817396002160996
A_24_P926554,1,0,0.09103187466234468
A_24_P926566,1,0,0.37466234467855214
A_24_P926594,1,0,0.01242571582928147
A_24_P926606,1,0,0.48406266882766075
A_24_P926617,1,0,0.3381955699621826
A_24_P926631,1,0,0.004051863857374392
A_24_P926648,1,0,0.4521880064829822
A_24_P926693,1,0,0.051053484602917344
A_24_P926709,1,0,0.277687736358725
A_24_P926719,1,0,0.002971366828741221
A_24_P926720,1,0,0.009994597514856833
A_24_P926734,1,0,0.0018908698001080498
A_24_P926755,1,0,0.03430578065910319
A_24_P926799,1,0,0.41626148028092924
A_24_P926806,1,0,0.0016207455429497568
A_24_P926915,1,0,0.005132360886007563
A_24_P926931,1,0,0.0016207455429497568
A_24_P927027,1,0,0.45948136142625606
A_24_P927054,1,0,0.004592112371690978
A_24_P927106,1,0,0.05942733657482442
A_24_P927116,1,0,0.0016207455429497568
A_24_P927134,1,0,0.0032414910858995136
A_24_P927142,1,0,0.04024851431658563
A_24_P927148,1,0,0.01350621285791464
A_24_P927166,1,0,0.04970286331712588
A_24_P927230,1,0,0.29821717990275526
A_24_P927254,1,0,0.007833603457590491
A_24_P927272,1,0,0.005132360886007563
A_24_P927287,1,0,0.0035116153430578066
A_24_P927451,1,0,0.0024311183144246355
A_24_P927500,1,0,0.002701242571582928
A_24_P927507,1,0,0.014586709886547812
A_24_P927534,1,0,0.04538087520259319
A_24_P927553,1,0,0.35224203133441384
A_24_P927569,1,0,0.017017828200972446
A_24_P927662,1,0,0.00675310642895732
A_24_P927679,1,0,0.21853052404105888
A_24_P927693,1,0,0.02404105888708806
A_24_P927770,2,0,0.47271745002701243
A_24_P927786,1,0,0.004321988114532685
A_24_P927840,1,0,0.0037817396002160996
A_24_P927996,1,0,0.018368449486763912
A_24_P928006,1,0,0.0010804970286331713
A_24_P928031,1,0,0.05888708806050783
A_24_P928086,1,0,0.004592112371690978
A_24_P928112,1,0,0.03565640194489465
A_24_P928133,2,0,0.0035116153430578066
A_24_P928142,1,0,0.11021069692058347
A_24_P928175,1,0,0.21745002701242572
A_24_P928208,1,0,0.23581847649918963
A_24_P92823,1,0,0.3876283090221502
A_24_P928235,1,0,0.0035116153430578066
A_24_P928306,1,0,0.039978390059427334
A_24_P928310,1,0,0.0035116153430578066
A_24_P928319,1,0,0.002971366828741221
A_24_P928333,1,0,0.0021609940572663426
A_24_P928357,1,0,0.004051863857374392
A_24_P928371,1,0,0.01242571582928147
A_24_P928436,1,0,0.4235548352242031
A_24_P928467,1,0,0.0035116153430578066
A_24_P928582,1,0,0.08887088060507833
A_24_P928662,1,0,0.018368449486763912
A_24_P928671,1,0,0.014046461372231226
A_24_P928705,1,0,0.009184224743381956
A_24_P928765,2,0,0.011615343057806591
A_24_P928772,1,0,0.13776337115072934
A_24_P928830,1,0,0.012695840086439762
A_24_P928862,1,0,0.0021609940572663426
A_24_P928888,1,0,0.0018908698001080498
A_24_P928920,1,0,0.007293354943273906
A_24_P928931,1,0,0.005132360886007563
A_24_P928949,1,0,0.006482982171799027
A_24_P928986,1,0,0.24932468935710428
A_24_P929051,1,0,0.004051863857374392
A_24_P929126,1,0,0.02890329551593733
A_24_P929158,1,0,0.08022690437601297
A_24_P929166,1,0,0.013236088600756347
A_24_P929231,1,0,0.0337655321447866
A_24_P929246,1,0,0.0016207455429497568
A_24_P929279,1,0,0.026202052944354404
A_24_P929289,1,0,0.001350621285791464
A_24_P929301,1,0,0.005942733657482442
A_24_P929413,1,0,0.005132360886007563
A_24_P929473,1,0,0.010264721772015126
A_24_P929499,1,0,0.014856834143706105
A_24_P929524,1,0,0.03862776877363587
A_24_P929533,1,0,0.0021609940572663426
A_24_P929640,1,0,0.2739059967585089
A_24_P929845,1,0,0.008373851971907077
A_24_P929867,1,0,0.06347920043219882
A_24_P929926,1,0,0.0032414910858995136
A_24_P930100,1,0,0.012695840086439762
A_24_P930134,1,0,0.3824959481361426
A_24_P930140,1,0,0.012695840086439762
A_24_P930148,1,0,0.0021609940572663426
A_24_P930180,1,0,0.001350621285791464
A_24_P930237,1,0,0.0016207455429497568
A_24_P930253,1,0,0.002971366828741221
A_24_P930283,1,0,0.001350621285791464
A_24_P930384,1,0,0.1280388978930308
A_24_P930391,1,0,0.40626688276607237
A_24_P930432,1,0,0.03646677471636953
A_24_P930487,1,0,0.07698541329011345
A_24_P930507,2,0,0.08670988654781199
A_24_P93051,1,0,0.06591031874662345
A_24_P930582,1,0,0.009994597514856833
A_24_P930596,2,0,0.009184224743381956
A_24_P930635,1,0,0.020529443544030253
A_24_P930677,1,0,0.01242571582928147
A_24_P930705,1,0,0.005132360886007563
A_24_P930799,1,0,0.011075094543490005
A_24_P930815,1,0,0.005672609400324149
A_24_P930822,1,0,0.14046461372231225
A_24_P930829,1,0,0.0024311183144246355
A_24_P930842,1,0,0.0032414910858995136
A_24_P930883,1,0,0.00945434900054025
A_24_P930905,1,0,0.005132360886007563
A_24_P931059,2,0,0.01431658562938952
A_24_P931079,1,0,0.009184224743381956
A_24_P931097,1,0,0.002971366828741221
A_24_P931157,1,0,0.0018908698001080498
A_24_P931175,1,0,0.05186385737439222
A_24_P931264,1,0,0.008103727714748784
A_24_P931272,1,0,0.0035116153430578066
A_24_P931306,1,0,0.00675310642895732
A_24_P931355,1,0,0.0021609940572663426
A_24_P931472,1,0,0.004862236628849271
A_24_P931568,1,0,0.004051863857374392
A_24_P931598,1,0,0.0037817396002160996
A_24_P931608,1,0,0.06185845488924906
A_24_P93162,1,0,0.014586709886547812
A_24_P931653,1,0,0.07617504051863858
A_24_P931673,1,0,0.004051863857374392
A_24_P931713,2,0,0.005132360886007563
A_24_P931736,1,0,0.11588330632090761
A_24_P931744,1,0,0.23851971907077255
A_24_P931768,1,0,0.005942733657482442
A_24_P931788,1,0,0.002701242571582928
A_24_P931804,1,0,0.0032414910858995136
A_24_P931817,1,0,0.0035116153430578066
A_24_P931874,1,0,0.02674230145867099
A_24_P931903,1,0,0.002971366828741221
A_24_P931905,1,0,0.005942733657482442
A_24_P931932,1,0,0.006212857914640735
A_24_P931939,1,0,0.1358725013506213
A_24_P932031,1,0,0.009184224743381956
A_24_P932083,1,0,0.233387358184765
A_24_P932125,1,0,0.0035116153430578066
A_24_P932193,1,0,0.0035116153430578066
A_24_P932238,1,0,0.002971366828741221
A_24_P932270,1,0,0.01539708265802269
A_24_P932339,1,0,0.002971366828741221
A_24_P932385,1,0,0.07023230686115613
A_24_P932405,1,0,0.031874662344678555
A_24_P932479,1,0,0.019448946515397084
A_24_P932488,1,0,0.005132360886007563
A_24_P932507,1,0,0.1580226904376013
A_24_P932547,1,0,0.004051863857374392
A_24_P932598,1,0,0.028092922744462453
A_24_P932614,1,0,0.331172339276067
A_24_P932648,1,0,0.05753646677471637
A_24_P932710,2,0,0.0035116153430578066
A_24_P932719,1,0,0.007023230686115613
A_24_P932757,1,0,0.005942733657482442
A_24_P932785,1,0,0.007563479200432199
A_24_P932810,1,0,0.005672609400324149
A_24_P932822,1,0,0.007563479200432199
A_24_P932833,1,0,0.005942733657482442
A_24_P932851,1,0,0.0021609940572663426
A_24_P932909,1,0,0.007563479200432199
A_24_P932934,1,0,0.01053484602917342
A_24_P932958,1,0,0.10696920583468396
A_24_P932973,1,0,0.004592112371690978
A_24_P932981,1,0,0.029173419773095625
A_24_P933043,1,0,0.0032414910858995136
A_24_P933059,1,0,0.06293895191788222
A_24_P933105,1,0,0.15694219340896812
A_24_P933108,1,0,0.012965964343598054
A_24_P933158,1,0,0.004592112371690978
A_24_P93321,1,0,0.06996218260399784
A_24_P933249,1,0,0.0016207455429497568
A_24_P933278,1,0,0.022690437601296597
A_24_P933291,1,0,0.004321988114532685
A_24_P933305,1,0,0.006482982171799027
A_24_P933378,1,0,0.16639654240950838
A_24_P93341,2,0,0.32468935710426794
A_24_P933410,2,0,0.43787142085359265
A_24_P933432,2,0,0.4783900594273366
A_24_P933448,1,0,0.007563479200432199
A_24_P933538,1,0,0.1507293354943274
A_24_P933618,1,0,0.1847649918962723
A_24_P933647,1,0,0.007833603457590491
A_24_P933655,1,0,0.4651539708265802
A_24_P933720,1,0,0.0032414910858995136
A_24_P933761,1,0,0.0018908698001080498
A_24_P933859,1,0,0.05159373311723393
A_24_P933902,1,0,0.0035116153430578066
A_24_P933908,1,0,0.006482982171799027
A_24_P933965,1,0,0.006482982171799027
A_24_P933994,1,0,0.011885467314964884
A_24_P934083,1,0,0.024311183144246355
A_24_P934096,1,0,0.009994597514856833
A_24_P934184,1,0,0.0035116153430578066
A_24_P934214,1,0,0.01053484602917342
A_24_P934284,1,0,0.001350621285791464
A_24_P934295,1,0,0.004862236628849271
A_24_P934306,1,0,0.055915721231766614
A_24_P934316,1,0,0.010804970286331712
A_24_P934376,1,0,0.0016207455429497568
A_24_P934434,1,0,0.002701242571582928
A_24_P934497,1,0,0.0035116153430578066
A_24_P934541,1,0,0.3408968125337655
A_24_P934565,1,0,0.14100486223662884
A_24_P934622,1,0,0.0018908698001080498
A_24_P934643,1,0,0.004321988114532685
A_24_P934656,1,0,0.005942733657482442
A_24_P934667,1,0,0.015667206915180983
A_24_P934729,1,0,0.005942733657482442
A_24_P934740,1,0,0.005672609400324149
A_24_P934842,1,0,0.00864397622906537
A_24_P934861,1,0,0.3427876823338736
A_24_P934939,1,0,0.002701242571582928
A_24_P934947,2,0,0.12587790383576444
A_24_P934952,1,0,0.3835764451647758
A_24_P934971,1,0,0.03349540788762831
A_24_P934975,1,0,0.0753646677471637
A_24_P93503,1,0,0.4203133441383036
A_24_P935045,1,0,0.010804970286331712
A_24_P935071,1,0,0.027552674230145867
A_24_P935082,1,0,0.007563479200432199
A_24_P935114,1,0,0.0032414910858995136
A_24_P935159,1,0,0.0021609940572663426
A_24_P935163,1,0,0.005132360886007563
A_24_P935199,1,0,0.005942733657482442
A_24_P935203,1,0,0.01755807671528903
A_24_P935235,1,0,0.06320907617504051
A_24_P935243,1,0,0.09940572663425176
A_24_P935407,2,0,0.11804430037817396
A_24_P935417,1,0,0.002701242571582928
A_24_P935454,1,0,0.00945434900054025
A_24_P935492,1,0,0.005132360886007563
A_24_P935531,1,0,0.0016207455429497568
A_24_P935535,1,0,0.004592112371690978
A_24_P935635,1,0,0.0021609940572663426
A_24_P935647,1,0,0.002971366828741221
A_24_P935755,2,0,0.30199891950297136
A_24_P935852,1,0,0.2955159373311723
A_24_P935864,1,0,0.0037817396002160996
A_24_P935952,1,0,0.00675310642895732
A_24_P935967,1,0,0.004321988114532685
A_24_P936010,1,0,0.044840626688276604
A_24_P936057,1,0,0.006482982171799027
A_24_P936067,1,0,0.007023230686115613
A_24_P936111,1,0,0.019989195029713667
A_24_P936141,1,0,0.08616963803349541
A_24_P936221,1,0,0.1358725013506213
A_24_P936298,1,0,0.0035116153430578066
A_24_P936327,1,0,0.004051863857374392
A_24_P93633,1,0,0.06591031874662345
A_24_P936373,1,0,0.046731496488384656
A_24_P936393,1,0,0.4251755807671529
A_24_P936470,1,0,0.0024311183144246355
A_24_P936488,1,0,0.0037817396002160996
A_24_P936556,1,0,0.007023230686115613
A_24_P936618,1,0,0.0035116153430578066
A_24_P936628,1,0,0.011345218800648298
A_24_P936637,1,0,0.00864397622906537
A_24_P936736,1,0,0.0018908698001080498
A_24_P93675,1,0,0.002971366828741221
A_24_P936779,1,0,0.4805510534846029
A_24_P936809,1,0,0.007563479200432199
A_24_P936820,1,0,0.014046461372231226
A_24_P936836,1,0,0.1129119394921664
A_24_P936849,1,0,0.0024311183144246355
A_24_P936924,1,0,0.002701242571582928
A_24_P936953,1,0,0.3868179362506753
A_24_P936963,1,0,0.005132360886007563
A_24_P936988,1,0,0.0037817396002160996
A_24_P936999,1,0,0.2968665586169638
A_24_P937039,1,0,0.004592112371690978
A_24_P937070,1,0,0.002701242571582928
A_24_P937084,1,0,0.0037817396002160996
A_24_P937107,1,0,0.007563479200432199
A_24_P937207,1,0,0.008373851971907077
A_24_P937231,1,0,0.03808752025931929
A_24_P937265,1,0,0.11426256077795786
A_24_P93728,1,0,0.00675310642895732
A_24_P937281,1,0,0.013776337115072933
A_24_P937366,1,0,0.012695840086439762
A_24_P937435,1,0,0.06239870340356564
A_24_P937468,1,0,0.006212857914640735
A_24_P937478,1,0,0.0032414910858995136
A_24_P937489,1,0,0.006482982171799027
A_24_P937506,1,0,0.0032414910858995136
A_24_P937546,1,0,0.47541869259859537
A_24_P937573,1,0,0.03079416531604538
A_24_P937588,2,0,0.2585089141004862
A_24_P937649,1,0,0.031874662344678555
A_24_P937656,1,0,0.006212857914640735
A_24_P937744,1,0,0.12209616423554835
A_24_P937817,1,0,0.045650999459751485
A_24_P937831,2,0,0.12182603997839006
A_24_P937842,1,0,0.11210156672069152
A_24_P937904,1,0,0.005132360886007563
A_24_P937952,1,0,0.0035116153430578066
A_24_P938015,1,0,0.007563479200432199
A_24_P938050,1,0,0.004321988114532685
A_24_P938243,1,0,0.030524041058887088
A_24_P938254,1,0,0.010264721772015126
A_24_P938263,1,0,0.006482982171799027
A_24_P93828,1,0,0.24122096164235549
A_24_P938284,1,0,0.40707725553754726
A_24_P938342,1,0,0.006212857914640735
A_24_P938357,1,0,0.036736898973527825
A_24_P938433,1,0,0.0037817396002160996
A_24_P938452,1,0,0.0016207455429497568
A_24_P938475,1,0,0.01053484602917342
A_24_P938572,1,0,0.0024311183144246355
A_24_P938597,1,0,0.01242571582928147
A_24_P93874,1,0,0.005402485143165856
A_24_P940079,1,0,0.47190707725553754
A_24_P940172,2,0,0.02593192868719611
A_24_P940209,1,0,0.005672609400324149
A_24_P940244,1,0,0.008914100486223663
A_24_P940290,1,0,0.0032414910858995136
A_24_P940327,1,0,0.0024311183144246355
A_24_P940354,1,0,0.05483522420313344
A_24_P940375,1,0,0.0037817396002160996
A_24_P940469,1,0,0.004321988114532685
A_24_P940477,1,0,0.015667206915180983
A_24_P940499,1,0,0.4330091842247434
A_24_P940509,1,0,0.03322528363047002
A_24_P940545,1,0,0.2506753106428957
A_24_P940605,1,0,0.00675310642895732
A_24_P940633,1,0,0.0016207455429497568
A_24_P940656,1,0,0.09238249594813615
A_24_P940738,1,0,0.008914100486223663
A_24_P940763,1,0,0.005402485143165856
A_24_P940857,1,0,0.008103727714748784
A_24_P940915,1,0,0.02106969205834684
A_24_P940952,1,0,0.031334413830361965
A_24_P940999,1,0,0.002701242571582928
A_24_P941012,1,0,0.005942733657482442
A_24_P941020,1,0,0.009724473257698542
A_24_P941040,1,0,0.005402485143165856
A_24_P941245,1,0,0.0035116153430578066
A_24_P941384,1,0,0.0024311183144246355
A_24_P941404,1,0,0.012695840086439762
A_24_P941723,1,0,0.004051863857374392
A_24_P941736,1,0,0.011345218800648298
A_24_P941845,1,0,0.13641274986493787
A_24_P941870,2,0,0.02106969205834684
A_24_P941880,1,0,0.0032414910858995136
A_24_P941977,1,0,0.006482982171799027
A_24_P942036,1,0,0.06699081577525662
A_24_P942199,1,0,0.08157752566180443
A_24_P942312,1,0,0.0018908698001080498
A_24_P942335,1,0,0.004592112371690978
A_24_P942560,1,0,0.0032414910858995136
A_24_P942630,1,0,0.17936250675310642
A_24_P942676,1,0,0.002971366828741221
A_24_P942760,1,0,0.00675310642895732
A_24_P942870,1,0,0.0037817396002160996
A_24_P942890,1,0,0.004051863857374392
A_24_P942933,1,0,0.039978390059427334
A_24_P942954,2,0,0.02215018908698001
A_24_P942974,3,0,0.005942733657482442
A_24_P943026,1,0,0.007293354943273906
A_24_P943129,1,0,0.004862236628849271
A_24_P943183,1,0,0.06996218260399784
A_24_P943205,1,0,0.06726094003241491
A_24_P943370,1,0,0.0010804970286331713
A_24_P943411,2,0,0.04294975688816856
A_24_P943507,1,0,0.0032414910858995136
A_24_P943612,1,0,0.03322528363047002
A_24_P943657,1,0,0.002701242571582928
A_24_P943740,1,0,0.002701242571582928
A_24_P943840,1,0,0.005672609400324149
A_24_P944054,1,0,0.15937331172339275
A_24_P944185,1,0,0.007023230686115613
A_24_P944275,1,0,0.0016207455429497568
A_24_P944378,2,0,0.023230686115613183
A_24_P944402,1,0,0.004051863857374392
A_24_P944472,1,0,0.014586709886547812
A_24_P944490,1,0,0.007833603457590491
A_24_P944502,1,0,0.009184224743381956
A_24_P944582,1,0,0.0035116153430578066
A_24_P944702,1,0,0.0037817396002160996
A_24_P944788,1,0,0.051053484602917344
A_24_P944810,1,0,0.02674230145867099
A_24_P944872,1,0,0.010804970286331712
A_24_P945036,1,0,0.0021609940572663426
A_24_P945069,1,0,0.02106969205834684
A_24_P945160,1,0,0.4584008643976229
A_24_P945188,1,0,0.0024311183144246355
A_24_P945262,1,0,0.009184224743381956
A_24_P945276,1,0,0.0018908698001080498
A_24_P945375,1,0,0.02188006482982172
A_24_P95070,3,0,0.05483522420313344
A_24_P97914,1,0,0.0018908698001080498
A_24_P99005,1,0,0.3843868179362507
A_24_P99984,1,0,0.11642355483522421
A_32_P100206,1,0,0.46569421934089683
A_32_P101019,1,0,0.2406807131280389
A_32_P101110,1,0,0.3511615343057807
A_32_P101264,1,0,0.02377093462992977
A_32_P101313,1,0,0.4481361426256078
A_32_P101775,1,0,0.02485143165856294
A_32_P102439,1,0,0.009724473257698542
A_32_P102653,2,0,0.009724473257698542
A_32_P103162,2,0,0.12128579146407348
A_32_P103955,1,0,0.05888708806050783
A_32_P103966,1,0,0.04403025391680173
A_32_P104023,1,0,0.2801188546731497
A_32_P104097,1,0,0.008373851971907077
A_32_P104417,1,0,0.031334413830361965
A_32_P104963,1,0,0.17558076715289034
A_32_P105228,1,0,0.025661804430037818
A_32_P1055,2,0,0.41166936790923825
A_32_P105517,1,0,0.002701242571582928
A_32_P105539,1,0,0.4035656401944895
A_32_P105578,2,0,0.33657482441923287
A_32_P106584,1,0,0.028363047001620744
A_32_P107454,1,0,0.031874662344678555
A_32_P107850,1,0,0.06915180983252296
A_32_P107859,1,0,0.06374932468935711
A_32_P108170,1,0,0.005672609400324149
A_32_P10831,1,0,0.26499189627228525
A_32_P108367,1,0,0.49648838465694217
A_32_P108516,1,0,0.304430037817396
A_32_P10856,1,0,0.28822258238789844
A_32_P108666,1,0,0.23176661264181522
A_32_P108748,1,0,0.037817396002161
A_32_P109181,1,0,0.25742841707185304
A_32_P109197,1,0,0.31064289573203674
A_32_P109584,1,0,0.05834683954619125
A_32_P109901,2,0,0.1053484602917342
A_32_P109933,2,0,0.006212857914640735
A_32_P110604,1,0,0.4219340896812534
A_32_P110655,1,0,0.03808752025931929
A_32_P110699,1,0,0.06564019448946515
A_32_P111293,1,0,0.016747703943814155
A_32_P111476,1,0,0.004592112371690978
A_32_P111492,1,0,0.032144786601836846
A_32_P1115,1,0,0.041599135602377095
A_32_P111844,1,0,0.01242571582928147
A_32_P112263,1,0,0.005132360886007563
A_32_P112401,1,0,0.47866018368449487
A_32_P112712,2,0,0.34440842787682335
A_32_P11276,1,0,0.007023230686115613
A_32_P113110,4,0,0.01539708265802269
A_32_P113146,1,0,0.01053484602917342
A_32_P113173,1,0,0.046191247974068074
A_32_P113190,2,0,0.00675310642895732
A_32_P113462,2,0,0.302539168017288
A_32_P113483,1,0,0.25121555915721233
A_32_P113603,1,0,0.09346299297676931
A_32_P113871,1,0,0.005942733657482442
A_32_P113954,1,0,0.005942733657482442
A_32_P113982,1,0,0.28903295515937333
A_32_P114726,2,0,0.0864397622906537
A_32_P114914,1,0,0.4143706104808212
A_32_P115421,1,0,0.02971366828741221
A_32_P115717,1,0,0.04403025391680173
A_32_P115840,1,0,0.45002701242571586
A_32_P11593,1,0,0.06591031874662345
A_32_P116176,1,0,0.33279308481901676
A_32_P116233,1,0,0.004592112371690978
A_32_P116285,1,0,0.03484602917341977
A_32_P116303,1,0,0.061048082117774176
A_32_P116391,1,0,0.014586709886547812
A_32_P116488,1,0,0.004051863857374392
A_32_P116538,1,0,0.446515397082658
A_32_P116816,1,0,0.06672069151809833
A_32_P116957,1,0,0.4759589411129119
A_32_P117273,1,0,0.00864397622906537
A_32_P117590,1,0,0.021609940572663425
A_32_P117804,1,0,0.00675310642895732
A_32_P117884,1,0,0.23824959481361427
A_32_P118675,1,0,0.30199891950297136
A_32_P118731,1,0,0.18665586169638035
A_32_P118811,1,0,0.02215018908698001
A_32_P118969,1,0,0.0016207455429497568
A_32_P119714,1,0,0.0018908698001080498
A_32_P119769,1,0,0.005942733657482442
A_32_P119869,1,0,0.17558076715289034
A_32_P119949,1,0,0.030253916801728797
A_32_P120183,1,0,0.0035116153430578066
A_32_P121140,1,0,0.002971366828741221
A_32_P12122,1,0,0.026202052944354404
A_32_P121362,1,0,0.015937331172339277
A_32_P12142,1,0,0.19692058346839547
A_32_P121737,1,0,0.3411669367909238
A_32_P12202,1,0,0.0021609940572663426
A_32_P122128,1,0,0.47893030794165314
A_32_P122492,1,0,0.011345218800648298
A_32_P122715,1,0,0.18854673149648837
A_32_P122860,1,0,0.08698001080497028
A_32_P12355,1,0,0.011615343057806591
A_32_P123852,1,0,0.007833603457590491
A_32_P124238,2,0,0.2331172339276067
A_32_P124266,2,0,0.4859535386277688
A_32_P124392,1,0,0.3095623987034036
A_32_P12494,1,0,0.19259859535386278
A_32_P125056,1,0,0.08887088060507833
A_32_P125185,1,0,0.1847649918962723
A_32_P125984,1,0,0.302539168017288
A_32_P126183,1,0,0.001350621285791464
A_32_P126214,1,0,0.011345218800648298
A_32_P12647,1,0,0.10048622366288493
A_32_P127339,1,0,0.18152350081037277
A_32_P127961,1,0,0.0021609940572663426
A_32_P128179,1,0,0.005402485143165856
A_32_P128349,1,0,0.08995137763371151
A_32_P128409,1,0,0.01620745542949757
A_32_P128656,1,0,0.2595894111291194
A_32_P128980,1,0,0.07590491626148028
A_32_P129265,1,0,0.39222042139384117
A_32_P129507,1,0,0.0024311183144246355
A_32_P129945,1,0,0.04403025391680173
A_32_P130083,1,0,0.2188006482982172
A_32_P130522,1,0,0.28768233387358183
A_32_P130536,2,0,0.03835764451647758
A_32_P130738,1,0,0.007293354943273906
A_32_P130872,1,0,0.31901674770394384
A_32_P131011,1,0,0.01755807671528903
A_32_P131100,1,0,0.1990815775256618
A_32_P131159,1,0,0.002701242571582928
A_32_P131342,1,0,0.3236088600756348
A_32_P131347,1,0,0.002701242571582928
A_32_P131583,1,0,0.16018368449486764
A_32_P131624,1,0,0.03538627768773636
A_32_P131633,1,0,0.0904916261480281
A_32_P13168,1,0,0.005402485143165856
A_32_P133384,1,0,0.013236088600756347
A_32_P133564,1,0,0.01053484602917342
A_32_P133980,1,0,0.23176661264181522
A_32_P134109,1,0,0.43868179362506754
A_32_P13417,2,0,0.37007023230686115
A_32_P135391,1,0,0.009184224743381956
A_32_P135469,1,0,0.3903295515937331
A_32_P135634,1,0,0.4600216099405727
A_32_P135733,1,0,0.10669908157752567
A_32_P135767,1,0,0.0021609940572663426
A_32_P135890,1,0,0.15559157212317667
A_32_P136063,1,0,0.059967585089141004
A_32_P136871,1,0,0.2368989735278228
A_32_P137382,2,0,0.42166396542409507
A_32_P137776,1,0,0.022960561858454888
A_32_P137812,1,0,0.07239330091842247
A_32_P137826,2,0,0.08373851971907077
A_32_P138396,1,0,0.00675310642895732
A_32_P13852,1,0,0.2625607779578606
A_32_P138628,1,0,0.017017828200972446
A_32_P138652,1,0,0.3063209076175041
A_32_P138939,2,0,0.17720151269584009
A_32_P138950,1,0,0.047271745002701246
A_32_P139123,1,0,0.001350621285791464
A_32_P139351,1,0,0.39681253376553216
A_32_P13936,1,0,0.012965964343598054
A_32_P139391,1,0,0.004862236628849271
A_32_P139420,1,0,0.0032414910858995136
A_32_P139815,1,0,0.11426256077795786
A_32_P139842,1,0,0.004862236628849271
A_32_P139898,1,0,0.3192868719611021
A_32_P140079,2,0,0.015126958400864398
A_32_P140122,1,0,0.0902215018908698
A_32_P140132,1,0,0.014046461372231226
A_32_P140179,1,0,0.43165856293895194
A_32_P140211,1,0,0.004051863857374392
A_32_P140454,1,0,0.20745542949756887
A_32_P141033,1,0,0.004862236628849271
A_32_P141211,1,0,0.4759589411129119
A_32_P141533,1,0,0.022690437601296597
A_32_P141546,1,0,0.012155591572123177
A_32_P141849,1,0,0.0032414910858995136
A_32_P142160,1,0,0.10264721772015127
A_32_P142195,1,0,0.0024311183144246355
A_32_P14222,1,0,0.011885467314964884
A_32_P142586,1,0,0.004862236628849271
A_32_P142836,1,0,0.005132360886007563
A_32_P143803,1,0,0.05726634251755808
A_32_P143931,1,0,0.004862236628849271
A_32_P144187,1,0,0.07050243111831442
A_32_P144281,1,0,0.035926526202052944
A_32_P144452,1,0,0.05375472717450027
A_32_P14457,1,0,0.056996218260399786
A_32_P14463,2,0,0.09859535386277687
A_32_P144887,1,0,0.015667206915180983
A_32_P145039,2,0,0.3806050783360346
A_32_P145639,1,0,0.21177741761210156
A_32_P146320,1,0,0.004051863857374392
A_32_P146382,1,0,0.007563479200432199
A_32_P146485,1,0,0.4151809832522961
A_32_P146587,1,0,0.004592112371690978
A_32_P146884,1,0,0.018368449486763912
A_32_P147001,1,0,0.007563479200432199
A_32_P147484,3,0,0.4697460831982712
A_32_P147514,1,0,0.0675310642895732
A_32_P147865,1,0,0.012695840086439762
A_32_P148683,1,0,0.016477579686655863
A_32_P148780,1,0,0.007293354943273906
A_32_P14881,1,0,0.331172339276067
A_32_P149254,1,0,0.06347920043219882
A_32_P149404,1,0,0.3049702863317126
A_32_P149461,1,0,0.014856834143706105
A_32_P149591,1,0,0.11075094543490005
A_32_P149625,1,0,0.10345759049162614
A_32_P149753,1,0,0.022960561858454888
A_32_P149806,1,0,0.012155591572123177
A_32_P150152,1,0,0.021609940572663425
A_32_P150645,1,0,0.029443544030253916
A_32_P150786,1,0,0.004051863857374392
A_32_P150836,1,0,0.0035116153430578066
A_32_P151378,1,0,0.019448946515397084
A_32_P151470,1,0,0.07671528903295516
A_32_P151851,1,0,0.373581847649919
A_32_P151909,1,0,0.009724473257698542
A_32_P152603,1,0,0.016477579686655863
A_32_P152952,1,0,0.019989195029713667
A_32_P152986,1,0,0.17477039438141545
A_32_P15328,2,0,0.025391680172879523
A_32_P153361,1,0,0.047271745002701246
A_32_P153781,1,0,0.1842247433819557
A_32_P154042,1,0,0.1318206374932469
A_32_P154467,1,0,0.030253916801728797
A_32_P154545,1,0,0.1428957320367369
A_32_P15466,1,0,0.13398163155051324
A_32_P154726,4,0,0.00945434900054025
A_32_P155169,1,0,0.09724473257698542
A_32_P155832,1,0,0.46326310102647217
A_32_P157124,1,0,0.0018908698001080498
A_32_P157213,2,0,0.4059967585089141
A_32_P157580,2,0,0.0189086980010805
A_32_P157927,1,0,0.02674230145867099
A_32_P158019,1,0,0.0021609940572663426
A_32_P158181,1,0,0.03808752025931929
A_32_P158311,1,0,0.15694219340896812
A_32_P158715,1,0,0.14181523500810372
A_32_P158988,2,0,0.2663425175580767
A_32_P159073,1,0,0.18989735278227984
A_32_P159083,1,0,0.009184224743381956
A_32_P159126,1,0,0.12479740680713128
A_32_P159254,1,0,0.03268503511615343
A_32_P159289,1,0,0.1094003241491086
A_32_P159528,1,0,0.07104267963263101
A_32_P159706,2,0,0.036736898973527825
A_32_P160025,1,0,0.007293354943273906
A_32_P160115,1,0,0.33225283630470015
A_32_P16018,1,0,0.05753646677471637
A_32_P160206,1,0,0.005942733657482442
A_32_P160388,1,0,0.010804970286331712
A_32_P160492,1,0,0.00945434900054025
A_32_P161033,1,0,0.32198811453268505
A_32_P161464,1,0,0.001350621285791464
A_32_P161667,1,0,0.09238249594813615
A_32_P161755,1,0,0.00945434900054025
A_32_P161836,1,0,0.031874662344678555
A_32_P162322,1,0,0.016477579686655863
A_32_P162443,2,0,0.04430037817396002
A_32_P162537,1,0,0.10777957860615883
A_32_P162639,1,0,0.26796326310102647
A_32_P162820,1,0,0.004862236628849271
A_32_P162880,1,0,0.004862236628849271
A_32_P163392,1,0,0.335764451647758
A_32_P163937,1,0,0.41491085899513774
A_32_P164351,1,0,0.17720151269584009
A_32_P164637,1,0,0.15180983252296057
A_32_P16493,1,0,0.026202052944354404
A_32_P165163,1,0,0.03268503511615343
A_32_P165363,1,0,0.41950297136682874
A_32_P165557,1,0,0.010264721772015126
A_32_P1657,1,0,0.17152890329551593
A_32_P165763,1,0,0.012695840086439762
A_32_P166422,1,0,0.47163695299837927
A_32_P166467,1,0,0.34062668827660725
A_32_P167017,1,0,0.20124257158292816
A_32_P167103,1,0,0.025391680172879523
A_32_P167111,1,0,0.34440842787682335
A_32_P167208,1,0,0.35143165856293895
A_32_P16736,1,0,0.06455969746083198
A_32_P167604,1,0,0.005402485143165856
A_32_P167825,1,0,0.0035116153430578066
A_32_P168053,1,0,0.04321988114532685
A_32_P168126,1,0,0.011615343057806591
A_32_P16816,1,0,0.12506753106428958
A_32_P169003,1,0,0.002701242571582928
A_32_P169500,1,0,0.007023230686115613
A_32_P16989,1,0,0.1685575364667747
A_32_P169915,1,0,0.002971366828741221
A_32_P170397,1,0,0.3449486763911399
A_32_P170436,1,0,0.060777957860615885
A_32_P170512,2,0,0.19367909238249595
A_32_P170564,1,0,0.0018908698001080498
A_32_P171124,1,0,0.29875742841707187
A_32_P171220,1,0,0.035926526202052944
A_32_P171309,1,0,0.39924365207995677
A_32_P17163,1,0,0.059967585089141004
A_32_P171903,1,0,0.2293354943273906
A_32_P172198,1,0,0.30659103187466236
A_32_P17253,1,0,0.0018908698001080498
A_32_P173447,1,0,0.0016207455429497568
A_32_P173571,1,0,0.05375472717450027
A_32_P173955,2,0,0.16342517558076716
A_32_P174110,1,0,0.21961102106969205
A_32_P174629,1,0,0.008103727714748784
A_32_P174790,2,0,0.014586709886547812
A_32_P175042,1,0,0.43003781739600216
A_32_P175077,1,0,0.4081577525661804
A_32_P175125,1,0,0.0021609940572663426
A_32_P175683,1,0,0.4481361426256078
A_32_P175751,1,0,0.01053484602917342
A_32_P177124,1,0,0.007023230686115613
A_32_P177667,1,0,0.01620745542949757
A_32_P177829,1,0,0.005942733657482442
A_32_P178017,1,0,0.01053484602917342
A_32_P178045,1,0,0.014046461372231226
A_32_P178879,1,0,0.42571582928146945
A_32_P179001,1,0,0.014856834143706105
A_32_P179370,1,0,0.05780659103187466
A_32_P179548,1,0,0.00864397622906537
A_32_P180078,3,0,0.32441923284710966
A_32_P180887,1,0,0.02863317125877904
A_32_P181008,1,0,0.02593192868719611
A_32_P181339,3,0,0.23446785521339816
A_32_P181593,1,0,0.06537007023230686
A_32_P181937,1,0,0.10237709346299298
A_32_P182055,2,0,0.006212857914640735
A_32_P182812,1,0,0.02593192868719611
A_32_P182968,1,0,0.002701242571582928
A_32_P183652,1,0,0.13776337115072934
A_32_P183656,1,0,0.31361426256077796
A_32_P1838,1,0,0.032955159373311727
A_32_P184268,1,0,0.10886007563479201
A_32_P184532,1,0,0.005132360886007563
A_32_P184558,1,0,0.06509994597514857
A_32_P185393,1,0,0.001350621285791464
A_32_P185741,1,0,0.04997298757428417
A_32_P185839,1,0,0.33225283630470015
A_32_P18617,1,0,0.04754186925985954
A_32_P186348,1,0,0.04781199351701783
A_32_P186382,1,0,0.09616423554835224
A_32_P187050,1,0,0.08995137763371151
A_32_P187277,1,0,0.4997298757428417
A_32_P187388,1,0,0.03511615343057806
A_32_P187949,1,0,0.002971366828741221
A_32_P188127,1,0,0.02106969205834684
A_32_P18838,1,0,0.13344138303619665
A_32_P188620,1,0,0.04024851431658563
A_32_P188850,1,0,0.06455969746083198
A_32_P189453,1,0,0.007293354943273906
A_32_P189566,1,0,0.011615343057806591
A_32_P189637,1,0,0.012695840086439762
A_32_P18968,1,0,0.0024311183144246355
A_32_P189952,1,0,0.30605078336034575
A_32_P190211,1,0,0.0035116153430578066
A_32_P190343,2,0,0.4854132901134522
A_32_P191290,1,0,0.23635872501350622
A_32_P191373,1,0,0.33144246353322526
A_32_P191551,2,0,0.3984332793084819
A_32_P191717,1,0,0.007023230686115613
A_32_P191746,1,0,0.004592112371690978
A_32_P192314,2,0,0.4773095623987034
A_32_P192667,1,0,0.03511615343057806
A_32_P192745,1,0,0.39249054565099945
A_32_P192765,1,0,0.005402485143165856
A_32_P192865,1,0,0.3619665045921124
A_32_P192881,1,0,0.0032414910858995136
A_32_P19311,1,0,0.004592112371690978
A_32_P193194,1,0,0.032144786601836846
A_32_P193262,1,0,0.06645056726094004
A_32_P193722,1,0,0.004862236628849271
A_32_P194102,1,0,0.15694219340896812
A_32_P194704,1,0,0.36709886547811993
A_32_P194740,1,0,0.007293354943273906
A_32_P194853,1,0,0.21934089681253377
A_32_P194974,1,0,0.0021609940572663426
A_32_P195055,1,0,0.05834683954619125
A_32_P195181,1,0,0.21934089681253377
A_32_P195225,1,0,0.23581847649918963
A_32_P195902,1,0,0.014586709886547812
A_32_P196615,1,0,0.046191247974068074
A_32_P196896,1,0,0.14424635332252836
A_32_P19724,1,0,0.011615343057806591
A_32_P197367,2,0,0.293354943273906
A_32_P197899,1,0,0.44246353322528365
A_32_P198071,1,0,0.11885467314964884
A_32_P198445,1,0,0.006212857914640735
A_32_P198601,1,0,0.40464613722312265
A_32_P198647,1,0,0.23203673689897353
A_32_P198706,1,0,0.38546731496488384
A_32_P198791,1,0,0.3881685575364668
A_32_P198807,2,0,0.016747703943814155
A_32_P198978,2,0,0.022690437601296597
A_32_P198990,1,0,0.3914100486223663
A_32_P199083,1,0,0.0035116153430578066
A_32_P199420,1,0,0.45245813074014046
A_32_P199607,1,0,0.3241491085899514
A_32_P20014,1,0,0.19665045921123717
A_32_P200153,1,0,0.00864397622906537
A_32_P200537,1,0,0.04862236628849271
A_32_P200724,1,0,0.03538627768773636
A_32_P200833,1,0,0.014046461372231226
A_32_P200934,2,0,0.07779578606158834
A_32_P201075,1,0,0.008914100486223663
A_32_P201118,1,0,0.031064289573203674
A_32_P201329,1,0,0.0024311183144246355
A_32_P201620,1,0,0.23203673689897353
A_32_P201754,1,0,0.029443544030253916
A_32_P202125,1,0,0.012695840086439762
A_32_P202719,1,0,0.2922744462452728
A_32_P202798,1,0,0.20394381415451107
A_32_P203046,1,0,0.10426796326310103
A_32_P203066,1,0,0.002701242571582928
A_32_P203280,1,0,0.0021609940572663426
A_32_P203408,1,0,0.08562938951917883
A_32_P203836,1,0,0.004321988114532685
A_32_P203979,1,0,0.01917882225823879
A_32_P204101,1,0,0.06212857914640735
A_32_P204740,1,0,0.2895732036736899
A_32_P205431,1,0,0.044840626688276604
A_32_P205913,1,0,0.26094003241491087
A_32_P205973,1,0,0.007023230686115613
A_32_P206104,1,0,0.031064289573203674
A_32_P206208,1,0,0.2955159373311723
A_32_P206344,1,0,0.05753646677471637
A_32_P206497,1,0,0.19773095623987033
A_32_P206758,1,0,0.008373851971907077
A_32_P206772,1,0,0.002971366828741221
A_32_P20686,1,0,0.004321988114532685
A_32_P206917,1,0,0.2768773635872501
A_32_P207147,1,0,0.03241491085899514
A_32_P20717,1,0,0.33306320907617504
A_32_P207414,2,0,0.007833603457590491
A_32_P207726,1,0,0.008914100486223663
A_32_P207767,1,0,0.03241491085899514
A_32_P207986,1,0,0.23122636412749864
A_32_P208173,1,0,0.0375472717450027
A_32_P20818,1,0,0.030253916801728797
A_32_P208654,1,0,0.47109670448406266
A_32_P208753,1,0,0.4049162614802809
A_32_P208964,1,0,0.008103727714748784
A_32_P209365,1,0,0.020799567801188548
A_32_P210106,1,0,0.4848730415991356
A_32_P210284,1,0,0.11156131820637494
A_32_P210622,1,0,0.10210696920583469
A_32_P210902,1,0,0.010804970286331712
A_32_P210982,1,0,0.07050243111831442
A_32_P211276,1,0,0.002971366828741221
A_32_P211301,1,0,0.017828200972447326
A_32_P211558,1,0,0.4970286331712588
A_32_P211752,1,0,0.015667206915180983
A_32_P211765,1,0,0.43354943273906
A_32_P211885,1,0,0.011345218800648298
A_32_P212294,1,0,0.23581847649918963
A_32_P212541,1,0,0.02377093462992977
A_32_P212566,1,0,0.0189086980010805
A_32_P212598,1,0,0.01755807671528903
A_32_P212685,1,0,0.03403565640194489
A_32_P212920,1,0,0.00864397622906537
A_32_P212958,1,0,0.35440302539168017
A_32_P213358,1,0,0.49108589951377635
A_32_P213418,1,0,0.06266882766072393
A_32_P213469,1,0,0.011615343057806591
A_32_P213650,1,0,0.005672609400324149
A_32_P213706,1,0,0.22393300918422473
A_32_P213965,1,0,0.13317125877903835
A_32_P214107,1,0,0.10156672069151809
A_32_P214807,1,0,0.2568881685575365
A_32_P215304,2,0,0.21663965424095083
A_32_P216030,1,0,0.10588870880605078
A_32_P216041,1,0,0.03079416531604538
A_32_P216175,1,0,0.03241491085899514
A_32_P216991,1,0,0.020529443544030253
A_32_P217100,1,0,0.007023230686115613
A_32_P217128,1,0,0.008373851971907077
A_32_P21742,1,0,0.4792004321988115
A_32_P217543,3,0,0.3249594813614263
A_32_P217561,1,0,0.01053484602917342
A_32_P217614,1,0,0.050243111831442464
A_32_P217911,1,0,0.017017828200972446
A_32_P218025,1,0,0.007833603457590491
A_32_P218046,1,0,0.004592112371690978
A_32_P218293,1,0,0.36925985953538626
A_32_P21848,1,0,0.48109130199891953
A_32_P218671,1,0,0.0024311183144246355
A_32_P21916,1,0,0.002971366828741221
A_32_P219704,1,0,0.3165856293895192
A_32_P219822,1,0,0.46677471636953
A_32_P219845,1,0,0.42409508373851973
A_32_P219970,1,0,0.02025931928687196
A_32_P22005,1,0,0.2768773635872501
A_32_P220245,1,0,0.02674230145867099
A_32_P220372,1,0,0.14883846569421935
A_32_P220591,1,0,0.16396542409508374
A_32_P220826,1,0,0.2660723933009184
A_32_P221000,1,0,0.07860615883306321
A_32_P221517,1,0,0.38141545110750946
A_32_P221579,1,0,0.028092922744462453
A_32_P221619,1,0,0.055105348460291734
A_32_P221723,1,0,0.35062128579146407
A_32_P222096,1,0,0.02404105888708806
A_32_P222106,1,0,0.03835764451647758
A_32_P222374,1,0,0.06482982171799027
A_32_P222398,1,0,0.002971366828741221
A_32_P222993,1,0,0.05375472717450027
A_32_P223245,1,0,0.40032414910858993
A_32_P223616,1,0,0.4916261480280929
A_32_P224157,1,0,0.3462992976769314
A_32_P224188,2,0,0.012695840086439762
A_32_P224358,1,0,0.046191247974068074
A_32_P224697,1,0,0.29200432198811455
A_32_P22578,1,0,0.004321988114532685
A_32_P226157,1,0,0.4875742841707185
A_32_P226169,1,0,0.002971366828741221
A_32_P22637,1,0,0.3549432739059968
A_32_P226449,1,0,0.37466234467855214
A_32_P226620,1,0,0.06888168557536467
A_32_P226768,1,0,0.18503511615343057
A_32_P226810,1,0,0.47190707725553754
A_32_P227158,1,0,0.041869259859535386
A_32_P227265,1,0,0.151269584008644
A_32_P227769,1,0,0.001350621285791464
A_32_P227910,1,0,0.012695840086439762
A_32_P227921,1,0,0.38384656942193407
A_32_P228356,1,0,0.0451107509454349
A_32_P228455,1,0,0.031604538087520256
A_32_P228521,1,0,0.006482982171799027
A_32_P228612,1,0,0.21123716909778498
A_32_P228804,1,0,0.38384656942193407
A_32_P229023,1,0,0.0032414910858995136
A_32_P229037,1,0,0.0018908698001080498
A_32_P229329,1,0,0.4800108049702863
A_32_P230253,1,0,0.005942733657482442
A_32_P230808,1,0,0.0035116153430578066
A_32_P231641,1,0,0.006482982171799027
A_32_P231810,2,0,0.37709346299297675
A_32_P232383,1,0,0.0032414910858995136
A_32_P233213,1,0,0.22285251215559157
A_32_P233581,1,0,0.036196650459211235
A_32_P23374,1,0,0.013236088600756347
A_32_P233780,1,0,0.006212857914640735
A_32_P233911,1,0,0.040788762830902214
A_32_P234132,1,0,0.0018908698001080498
A_32_P234336,1,0,0.004051863857374392
A_32_P234414,1,0,0.017017828200972446
A_32_P234637,1,0,0.036736898973527825
A_32_P23512,1,0,0.206645056726094
A_32_P235185,1,0,0.3390059427336575
A_32_P235289,1,0,0.12182603997839006
A_32_P235358,2,0,0.08616963803349541
A_32_P235540,1,0,0.14640734737979472
A_32_P235753,1,0,0.13047001620745544
A_32_P24068,1,0,0.26445164775796864
A_32_P24359,1,0,0.37061048082117776
A_32_P24450,1,0,0.01350621285791464
A_32_P24731,1,0,0.10102647217720151
A_32_P24950,1,0,0.015126958400864398
A_32_P25065,1,0,0.0037817396002160996
A_32_P25118,2,0,0.44921663965424097
A_32_P25428,1,0,0.051053484602917344
A_32_P25647,1,0,0.0035116153430578066
A_32_P25694,1,0,0.33144246353322526
A_32_P25889,1,0,0.0337655321447866
A_32_P25982,1,0,0.004321988114532685
A_32_P2605,1,0,0.2506753106428957
A_32_P26144,1,0,0.3725013506212858
A_32_P26483,1,0,0.2893030794165316
A_32_P26536,1,0,0.1804430037817396
A_32_P26621,1,0,0.15586169638033495
A_32_P27097,1,0,0.14343598055105347
A_32_P27144,1,0,0.097784981091302
A_32_P27240,1,0,0.1685575364667747
A_32_P2766,1,0,0.1280388978930308
A_32_P27948,1,0,0.01620745542949757
A_32_P27964,1,0,0.10318746623446785
A_32_P28151,1,0,0.2331172339276067
A_32_P28223,1,0,0.05483522420313344
A_32_P2844,1,0,0.2188006482982172
A_32_P28459,1,0,0.005942733657482442
A_32_P2863,1,0,0.01350621285791464
A_32_P28704,2,0,0.2371690977849811
A_32_P28712,1,0,0.38546731496488384
A_32_P29149,1,0,0.20502431118314424
A_32_P29618,1,0,0.05888708806050783
A_32_P29814,1,0,0.18962722852512157
A_32_P30330,1,0,0.14937871420853593
A_32_P30477,1,0,0.03241491085899514
A_32_P3048,1,0,0.4103187466234468
A_32_P30566,1,0,0.0032414910858995136
A_32_P305820,1,0,0.0024311183144246355
A_32_P30656,1,0,0.0018908698001080498
A_32_P307211,1,0,0.09265262020529444
A_32_P30730,1,0,0.018368449486763912
A_32_P31021,1,0,0.037817396002161
A_32_P310219,1,0,0.00945434900054025
A_32_P31144,1,0,0.01053484602917342
A_32_P31321,1,0,0.01350621285791464
A_32_P316545,1,0,0.007833603457590491
A_32_P32195,1,0,0.11426256077795786
A_32_P32343,1,0,0.032955159373311727
A_32_P32406,1,0,0.00864397622906537
A_32_P325710,1,0,0.3017287952458131
A_32_P32704,2,0,0.4405726634251756
A_32_P32716,1,0,0.004592112371690978
A_32_P32789,2,0,0.273095623987034
A_32_P33185,1,0,0.021339816315505133
A_32_P34167,1,0,0.27660723933009185
A_32_P341723,1,0,0.09913560237709346
A_32_P34696,1,0,0.21339816315505133
A_32_P34703,1,0,0.017017828200972446
A_32_P34868,1,0,0.4168017287952458
A_32_P34941,1,0,0.33738519719070775
A_32_P35047,2,0,0.222312263641275
A_32_P351037,1,0,0.007833603457590491
A_32_P35165,1,0,0.011345218800648298
A_32_P3518,1,0,0.005132360886007563
A_32_P35205,1,0,0.008103727714748784
A_32_P354945,1,0,0.07374392220421394
A_32_P35692,1,0,0.22798487304159915
A_32_P3572,2,0,0.010804970286331712
A_32_P35947,1,0,0.06320907617504051
A_32_P366909,1,0,0.37844408427876824
A_32_P36709,1,0,0.010804970286331712
A_32_P36767,1,0,0.08833063209076175
A_32_P370026,1,0,0.007563479200432199
A_32_P37076,1,0,0.008373851971907077
A_32_P37225,1,0,0.0032414910858995136
A_32_P37235,1,0,0.011345218800648298
A_32_P372878,1,0,0.06239870340356564
A_32_P375062,1,0,0.005132360886007563
A_32_P377880,1,0,0.15586169638033495
A_32_P3783,1,0,0.0021609940572663426
A_32_P378821,1,0,0.004592112371690978
A_32_P37903,1,0,0.005402485143165856
A_32_P37988,1,0,0.0032414910858995136
A_32_P380365,1,0,0.005942733657482442
A_32_P38125,1,0,0.015667206915180983
A_32_P38153,1,0,0.0032414910858995136
A_32_P38859,1,0,0.07644516477579687
A_32_P38894,1,0,0.09157212317666126
A_32_P392830,1,0,0.06158833063209076
A_32_P3932,1,0,0.3087520259319287
A_32_P394491,2,0,0.01053484602917342
A_32_P39526,1,0,0.21853052404105888
A_32_P39583,1,0,0.004862236628849271
A_32_P395992,1,0,0.03322528363047002
A_32_P39691,1,0,0.019989195029713667
A_32_P4018,1,0,0.22744462452728256
A_32_P40235,1,0,0.0010804970286331713
A_32_P40304,1,0,0.004862236628849271
A_32_P40348,1,0,0.002971366828741221
A_32_P40433,1,0,0.009724473257698542
A_32_P404896,1,0,0.0024311183144246355
A_32_P405010,2,0,0.15937331172339275
A_32_P405902,1,0,0.4543490005402485
A_32_P406186,1,0,0.17396002160994056
A_32_P4071,1,0,0.4700162074554295
A_32_P40946,1,0,0.006482982171799027
A_32_P409623,1,0,0.009994597514856833
A_32_P410272,1,0,0.4505672609400324
A_32_P41080,1,0,0.46677471636953
A_32_P41203,1,0,0.04213938411669368
A_32_P41295,1,0,0.31280388978930307
A_32_P41479,1,0,0.006212857914640735
A_32_P41884,1,0,0.007023230686115613
A_32_P420000,1,0,0.30307941653160453
A_32_P42018,1,0,0.00864397622906537
A_32_P420214,1,0,0.011885467314964884
A_32_P426675,1,0,0.009184224743381956
A_32_P42842,1,0,0.004592112371690978
A_32_P429083,1,0,0.005672609400324149
A_32_P4294,1,0,0.03727714748784441
A_32_P43320,1,0,0.011075094543490005
A_32_P43678,1,0,0.01755807671528903
A_32_P43769,1,0,0.001350621285791464
A_32_P437735,1,0,0.12533765532144786
A_32_P439561,1,0,0.10886007563479201
A_32_P43959,1,0,0.06509994597514857
A_32_P441689,1,0,0.006212857914640735
A_32_P44182,1,0,0.17071853052404107
A_32_P44328,1,0,0.04267963263101027
A_32_P4475,1,0,0.00945434900054025
A_32_P448975,1,0,0.05321447866018368
A_32_P450587,1,0,0.04835224203133441
A_32_P45152,1,0,0.019719070772555376
A_32_P45229,1,0,0.35521339816315506
A_32_P452382,1,0,0.005132360886007563
A_32_P45297,1,0,0.39681253376553216
A_32_P45309,1,0,0.004321988114532685
A_32_P45727,1,0,0.03646677471636953
A_32_P45780,1,0,0.010264721772015126
A_32_P459423,1,0,0.23284710967044842
A_32_P461386,1,0,0.002971366828741221
A_32_P46182,1,0,0.1428957320367369
A_32_P461976,1,0,0.006482982171799027
A_32_P4626,2,0,0.2782279848730416
A_32_P462766,1,0,0.09670448406266882
A_32_P463620,1,0,0.0016207455429497568
A_32_P464910,1,0,0.004321988114532685
A_32_P46544,1,0,0.024581307401404646
A_32_P46908,1,0,0.0008103727714748784
A_32_P469390,1,0,0.002971366828741221
A_32_P47121,1,0,0.0018908698001080498
A_32_P47316,1,0,0.04781199351701783
A_32_P47361,1,0,0.46434359805510533
A_32_P47426,1,0,0.013236088600756347
A_32_P47474,1,0,0.11831442463533225
A_32_P47510,1,0,0.28038897893030795
A_32_P47616,1,0,0.05348460291734198
A_32_P47767,1,0,0.38870880605078334
A_32_P47778,1,0,0.12047541869259859
A_32_P4778,1,0,0.2871420853592653
A_32_P477976,1,0,0.015667206915180983
A_32_P48006,2,0,0.42706645056726095
A_32_P48019,1,0,0.11831442463533225
A_32_P48054,1,0,0.006212857914640735
A_32_P48126,1,0,0.002701242571582928
A_32_P483999,1,0,0.021609940572663425
A_32_P48506,1,0,0.0016207455429497568
A_32_P4882,1,0,0.0037817396002160996
A_32_P489,1,0,0.002701242571582928
A_32_P489920,1,0,0.49891950297136684
A_32_P49054,1,0,0.007833603457590491
A_32_P491499,1,0,0.01242571582928147
A_32_P49516,1,0,0.014586709886547812
A_32_P49552,1,0,0.1091301998919503
A_32_P495952,1,0,0.02971366828741221
A_32_P49748,1,0,0.2595894111291194
A_32_P500996,1,0,0.016477579686655863
A_32_P501260,1,0,0.005132360886007563
A_32_P501366,1,0,0.24149108589951376
A_32_P50187,2,0,0.08616963803349541
A_32_P50264,1,0,0.45705024311183146
A_32_P506908,1,0,0.001350621285791464
A_32_P508098,1,0,0.03862776877363587
A_32_P51313,1,0,0.146677471636953
A_32_P5148,2,0,0.0037817396002160996
A_32_P515920,1,0,0.19259859535386278
A_32_P51855,1,0,0.0021609940572663426
A_32_P519670,1,0,0.15099945975148568
A_32_P51975,1,0,0.19665045921123717
A_32_P520,1,0,0.06347920043219882
A_32_P5205,1,0,0.0024311183144246355
A_32_P52101,1,0,0.02890329551593733
A_32_P52268,1,0,0.16531604538087522
A_32_P525226,1,0,0.02890329551593733
A_32_P52632,1,0,0.004051863857374392
A_32_P526344,1,0,0.005942733657482442
A_32_P52948,2,0,0.03403565640194489
A_32_P530185,1,0,0.002701242571582928
A_32_P53433,1,0,0.0037817396002160996
A_32_P5367,1,0,0.012695840086439762
A_32_P54128,1,0,0.010264721772015126
A_32_P54160,1,0,0.019448946515397084
A_32_P542060,1,0,0.0037817396002160996
A_32_P54346,1,0,0.006482982171799027
A_32_P54628,1,0,0.1391139924365208
A_32_P54746,1,0,0.10669908157752567
A_32_P55804,1,0,0.006212857914640735
A_32_P56037,1,0,0.4846029173419773
A_32_P56382,1,0,0.011615343057806591
A_32_P57486,1,0,0.00864397622906537
A_32_P57844,1,0,0.4475958941112912
A_32_P57989,1,0,0.2552674230145867
A_32_P58668,1,0,0.22015126958400866
A_32_P59086,1,0,0.004051863857374392
A_32_P59355,1,0,0.005132360886007563
A_32_P59648,1,0,0.11021069692058347
A_32_P59693,1,0,0.16369529983792544
A_32_P5995,1,0,0.006482982171799027
A_32_P60041,1,0,0.35899513776337116
A_32_P6045,1,0,0.007833603457590491
A_32_P60606,1,0,0.3241491085899514
A_32_P61179,1,0,0.007293354943273906
A_32_P61313,1,0,0.009724473257698542
A_32_P61567,1,0,0.04349000540248514
A_32_P61936,1,0,0.10075634792004322
A_32_P62248,1,0,0.09454349000540249
A_32_P62796,1,0,0.007023230686115613
A_32_P62983,1,0,0.010804970286331712
A_32_P63069,1,0,0.0032414910858995136
A_32_P63113,1,0,0.0829281469475959
A_32_P63236,1,0,0.009724473257698542
A_32_P63266,1,0,0.041869259859535386
A_32_P63284,1,0,0.0032414910858995136
A_32_P63426,1,0,0.021609940572663425
A_32_P63630,1,0,0.0032414910858995136
A_32_P63897,1,0,0.004862236628849271
A_32_P64004,1,0,0.011885467314964884
A_32_P64286,1,0,0.23473797947055647
A_32_P64668,1,0,0.010264721772015126
A_32_P65022,1,0,0.10345759049162614
A_32_P65195,1,0,0.17179902755267423
A_32_P65350,1,0,0.07050243111831442
A_32_P65691,1,0,0.3460291734197731
A_32_P65706,1,0,0.018098325229605618
A_32_P65824,1,0,0.021339816315505133
A_32_P65954,1,0,0.055375472717450025
A_32_P6628,1,0,0.0021609940572663426
A_32_P66684,1,0,0.029443544030253916
A_32_P67014,1,0,0.005402485143165856
A_32_P67266,1,0,0.015126958400864398
A_32_P67769,1,0,0.028092922744462453
A_32_P67888,1,0,0.032144786601836846
A_32_P68055,1,0,0.006482982171799027
A_32_P68350,1,0,0.027552674230145867
A_32_P68386,1,0,0.002701242571582928
A_32_P6841,1,0,0.34062668827660725
A_32_P68424,1,0,0.0032414910858995136
A_32_P68659,1,0,0.06618044300378174
A_32_P68773,1,0,0.2260940032414911
A_32_P69136,1,0,0.45245813074014046
A_32_P69333,1,0,0.39546191247974066
A_32_P69441,1,0,0.4854132901134522
A_32_P69639,1,0,0.004592112371690978
A_32_P70027,1,0,0.009184224743381956
A_32_P702236,1,0,0.03322528363047002
A_32_P705115,1,0,0.004051863857374392
A_32_P70626,1,0,0.2625607779578606
A_32_P71352,1,0,0.005132360886007563
A_32_P715038,1,0,0.005672609400324149
A_32_P71585,1,0,0.17368989735278229
A_32_P71623,1,0,0.011345218800648298
A_32_P71730,1,0,0.12533765532144786
A_32_P71876,1,0,0.0024311183144246355
A_32_P71888,1,0,0.13560237709346298
A_32_P720619,1,0,0.006482982171799027
A_32_P722809,1,0,0.37466234467855214
A_32_P72351,1,0,0.22744462452728256
A_32_P725839,1,0,0.2628309022150189
A_32_P72822,1,0,0.3319827120475419
A_32_P728662,1,0,0.17612101566720692
A_32_P72887,1,0,0.184494867639114
A_32_P731227,1,0,0.19881145326850352
A_32_P73143,1,0,0.1094003241491086
A_32_P735429,1,0,0.002701242571582928
A_32_P743731,1,0,0.02674230145867099
A_32_P74771,2,0,0.26499189627228525
A_32_P750514,1,0,0.008103727714748784
A_32_P75243,1,0,0.010804970286331712
A_32_P754872,1,0,0.017828200972447326
A_32_P75493,1,0,0.013236088600756347
A_32_P755377,1,0,0.24338195569962182
A_32_P75559,1,0,0.008373851971907077
A_32_P75681,1,0,0.00675310642895732
A_32_P76,1,0,0.09211237169097786
A_32_P76025,1,0,0.30902215018908696
A_32_P76084,1,0,0.012695840086439762
A_32_P7611,1,0,0.0037817396002160996
A_32_P76137,1,0,0.00675310642895732
A_32_P76356,1,0,0.004592112371690978
A_32_P77102,1,0,0.011885467314964884
A_32_P772230,1,0,0.014586709886547812
A_32_P77231,1,0,0.019719070772555376
A_32_P77328,1,0,0.12614802809292275
A_32_P77343,1,0,0.16747703943814155
A_32_P77571,1,0,0.055375472717450025
A_32_P77717,1,0,0.0035116153430578066
A_32_P77762,1,0,0.01620745542949757
A_32_P78036,1,0,0.0016207455429497568
A_32_P780623,1,0,0.01350621285791464
A_32_P781679,1,0,0.0010804970286331713
A_32_P79041,1,0,0.022960561858454888
A_32_P79103,1,0,0.3719611021069692
A_32_P7916,1,0,0.031334413830361965
A_32_P79334,1,0,0.0024311183144246355
A_32_P797019,1,0,0.036196650459211235
A_32_P804063,1,0,0.0021609940572663426
A_32_P80776,1,0,0.29119394921663966
A_32_P80951,1,0,0.002971366828741221
A_32_P809810,1,0,0.4135602377093463
A_32_P810302,1,0,0.005402485143165856
A_32_P81282,1,0,0.004862236628849271
A_32_P813412,1,0,0.004321988114532685
A_32_P81623,1,0,0.0032414910858995136
A_32_P81696,1,0,0.15883306320907617
A_32_P82119,1,0,0.21177741761210156
A_32_P822905,1,0,0.0024311183144246355
A_32_P8234,1,0,0.10318746623446785
A_32_P823874,1,0,0.4737979470556456
A_32_P824583,1,0,0.0016207455429497568
A_32_P82507,1,0,0.004321988114532685
A_32_P82530,1,0,0.06293895191788222
A_32_P82650,1,0,0.0037817396002160996
A_32_P826794,1,0,0.009724473257698542
A_32_P82701,1,0,0.026202052944354404
A_32_P82743,1,0,0.002701242571582928
A_32_P829,1,0,0.13803349540788762
A_32_P83047,1,0,0.03079416531604538
A_32_P83411,1,0,0.06780118854673149
A_32_P834726,1,0,0.16882766072393302
A_32_P83520,1,0,0.4138303619665046
A_32_P83579,1,0,0.11804430037817396
A_32_P83750,2,0,0.233387358184765
A_32_P83863,1,0,0.02106969205834684
A_32_P8396,1,0,0.06131820637493247
A_32_P83973,1,0,0.3095623987034036
A_32_P840235,1,0,0.12101566720691519
A_32_P842710,1,0,0.012155591572123177
A_32_P84333,1,0,0.08211777417612101
A_32_P843613,1,0,0.006482982171799027
A_32_P845308,1,0,0.03862776877363587
A_32_P849727,1,0,0.0021609940572663426
A_32_P85009,1,0,0.02782279848730416
A_32_P854438,1,0,0.001350621285791464
A_32_P855872,1,0,0.008103727714748784
A_32_P85774,1,0,0.13668287412209618
A_32_P85979,1,0,0.0021609940572663426
A_32_P8611,1,0,0.012155591572123177
A_32_P86369,1,0,0.022960561858454888
A_32_P864116,1,0,0.007833603457590491
A_32_P865343,1,0,0.029173419773095625
A_32_P86644,1,0,0.15883306320907617
A_32_P867953,1,0,0.006482982171799027
A_32_P87043,2,0,0.1839546191247974
A_32_P871061,1,0,0.00945434900054025
A_32_P87110,1,0,0.004051863857374392
A_32_P87191,1,0,0.02674230145867099
A_32_P875465,1,0,0.08725013506212857
A_32_P875758,1,0,0.49405726634251756
A_32_P87955,1,0,0.011345218800648298
A_32_P880454,1,0,0.07617504051863858
A_32_P885445,1,0,0.03943814154511075
A_32_P886243,1,0,0.3908698001080497
A_32_P88705,1,0,0.005672609400324149
A_32_P888644,1,0,0.005402485143165856
A_32_P89152,1,0,0.4351701782820097
A_32_P89441,1,0,0.060777957860615885
A_32_P89592,1,0,0.009994597514856833
A_32_P896811,1,0,0.005402485143165856
A_32_P90113,1,0,0.22015126958400866
A_32_P90450,1,0,0.012155591572123177
A_32_P9048,1,0,0.024311183144246355
A_32_P90740,1,0,0.23419773095623986
A_32_P90759,1,0,0.04267963263101027
A_32_P90935,1,0,0.013776337115072933
A_32_P91019,1,0,0.005402485143165856
A_32_P91051,1,0,0.0018908698001080498
A_32_P91468,1,0,0.06158833063209076
A_32_P91491,1,0,0.025661804430037818
A_32_P91507,1,0,0.2755267423014587
A_32_P91519,1,0,0.00675310642895732
A_32_P92101,1,0,0.32766072393300916
A_32_P921149,1,0,0.014856834143706105
A_32_P92274,1,0,0.036736898973527825
A_32_P923734,1,0,0.45029713668287413
A_32_P926007,2,0,0.0864397622906537
A_32_P926336,1,0,0.018638573743922204
A_32_P928190,1,0,0.00864397622906537
A_32_P930953,1,0,0.46569421934089683
A_32_P933041,1,0,0.055375472717450025
A_32_P93558,1,0,0.0021609940572663426
A_32_P936189,1,0,0.0035116153430578066
A_32_P93841,1,0,0.004051863857374392
A_32_P940187,1,0,0.11534305780659103
A_32_P942268,1,0,0.009724473257698542
A_32_P94468,1,0,0.024311183144246355
A_32_P94475,1,0,0.011075094543490005
A_32_P94631,1,0,0.22420313344138304
A_32_P9597,1,0,0.021339816315505133
A_32_P96085,1,0,0.30659103187466236
A_32_P96579,1,0,0.19259859535386278
A_32_P96748,1,0,0.2063749324689357
A_32_P97149,1,0,0.04430037817396002
A_32_P97243,1,0,0.08562938951917883
A_32_P97305,1,0,0.146677471636953
A_32_P97674,1,0,0.018638573743922204
A_32_P97878,1,0,0.010804970286331712
A_32_P97968,1,0,0.009184224743381956
A_32_P982,1,0,0.0018908698001080498
A_32_P98356,1,0,0.00945434900054025
A_32_P98391,1,0,0.002701242571582928
A_32_P99071,1,0,0.08130740140464614
A_32_P99183,1,0,0.0037817396002160996
A_32_P99399,1,0,0.25823878984332793
A_32_P99444,1,0,0.06672069151809833
A_32_P99744,1,0,0.004862236628849271
A_32_P99933,1,0,0.05969746083198271
A_32_P99942,1,0,0.009724473257698542
B3GALT5,2,0,0.036736898973527825
B3GNT3,2,0,0.11156131820637494
B4GALNT2,2,0,0.12290653700702323
B4GALNT3,2,0,0.08400864397622906
BAGE,1,0,0.27336574824419235
BAIAP2L1,3,0,0.0526742301458671
BANF2,3,0,0.0037817396002160996
BARHL1,3,0,0.3611561318206375
BARHL2,2,0,0.4105888708806051
BARX2,2,0,0.05807671528903296
BATF,2,0,0.37439222042139386
BCAR4,3,0,0.0189086980010805
BCL2L14,3,0,0.012155591572123177
BCL2L15,2,0,0.36980010804970287
BCMO1,2,0,0.022960561858454888
BDKRB1,2,0,0.42166396542409507
BEND2,2,0,0.007023230686115613
BEND4,2,0,0.07752566180443003
BET3L,2,0,0.09292274446245273
BFSP2,2,0,0.005132360886007563
BHLHA15,2,0,0.3379254457050243
BHMT,2,0,0.2595894111291194
BIK,2,0,0.010264721772015126
BIN2,2,0,0.15505132360886006
BIRC5,2,0,0.40437601296596437
BIRC7,2,0,0.3749324689357104
BLK,2,0,0.040788762830902214
BMP15,2,0,0.005402485143165856
BMP3,2,0,0.4057266342517558
BMP4,2,0,0.26661264181523503
BMP5,3,0,0.08400864397622906
BMP8A,1,0,0.424365207995678
BMX,2,0,0.02025931928687196
BNC1,2,0,0.007563479200432199
BNC2,4,0,0.13803349540788762
BOC,2,0,0.31901674770394384
BOLL,2,0,0.008373851971907077
BPESC1,2,0,0.010264721772015126
BPI,2,0,0.006212857914640735
BPIFA4P,2,0,0.03889789303079417
BPIL1,2,0,0.2965964343598055
BPIL2,2,0,0.005132360886007563
BPIL3,2,0,0.011345218800648298
BPY2,2,0,0.007563479200432199
BRCA2,2,0,0.01917882225823879
BRDT,2,0,0.005402485143165856
BREA2,1,0,0.0008103727714748784
BRIP1,1,0,0.04240950837385197
BRS3,2,0,0.031874662344678555
BSPH1,2,0,0.02863317125877904
BST1,2,0,0.21745002701242572
BSX,2,0,0.037007023230686116
BTG4,2,0,0.00864397622906537
BTK,1,0,0.03565640194489465
BTLA,3,0,0.01728795245813074
BTN1A1,2,0,0.011075094543490005
BTNL10,2,0,0.446515397082658
BTNL3,2,0,0.023500810372771474
BTNL8,4,0,0.4259859535386278
BUB1,2,0,0.007833603457590491
BUB1B,2,0,0.47163695299837927
BX255925.2,2,0,0.006482982171799027
C10ORF113,2,0,0.3300918422474338
C10ORF120,2,0,0.00675310642895732
C10ORF122,2,0,0.004592112371690978
C10ORF126,1,0,0.00675310642895732
C10ORF129,2,0,0.06699081577525662
C10ORF136,2,0,0.15991356023770933
C10ORF25,2,0,0.05294435440302539
C10ORF53,4,0,0.3465694219340897
C10ORF55,2,0,0.008103727714748784
C10ORF62,2,0,0.10021609940572664
C10ORF67,2,0,0.051053484602917344
C10ORF68,2,0,0.4481361426256078
C10ORF71,3,0,0.01539708265802269
C10ORF79,4,0,0.44462452728255
C10ORF81,3,0,0.00945434900054025
C10ORF91,2,0,0.0940032414910859
C10ORF92,2,0,0.3408968125337655
C10ORF96,2,0,0.01917882225823879
C11ORF34,2,0,0.026202052944354404
C11ORF35,2,0,0.37385197190707725
C11ORF40,2,0,0.01431658562938952
C11ORF44,1,0,0.11534305780659103
C11ORF45,2,0,0.09913560237709346
C11ORF52,2,0,0.30740140464613724
C11ORF53,2,0,0.026472177201512695
C11ORF70,2,0,0.35062128579146407
C11ORF82,2,0,0.045921123716909776
C11ORF85,3,0,0.2655321447866018
C11ORF86,4,0,0.2258238789843328
C11ORF88,2,0,0.09265262020529444
C12ORF12,2,0,0.009724473257698542
C12ORF32,3,0,0.48568341437061047
C12ORF33,2,0,0.037007023230686116
C12ORF36,1,0,0.037007023230686116
C12ORF37,3,0,0.13992436520799567
C12ORF40,3,0,0.012695840086439762
C12ORF42,3,0,0.2820097244732577
C12ORF50,2,0,0.007023230686115613
C12ORF56,2,0,0.16801728795245813
C12ORF59,2,0,0.03322528363047002
C12ORF61,2,0,0.013776337115072933
C12ORF63,2,0,0.1920583468395462
C12ORF64,2,0,0.17720151269584009
C12ORF67,2,0,0.010804970286331712
C12ORF71,2,0,0.07752566180443003
C12ORF74,3,0,0.00864397622906537
C13ORF28,2,0,0.011615343057806591
C13ORF3,2,0,0.38600756347920046
C13ORF30,2,0,0.21339816315505133
C13ORF33,2,0,0.4997298757428417
C13ORF34,2,0,0.46812533765532144
C13ORF35,2,0,0.005132360886007563
C13ORF39,2,0,0.3079416531604538
C13ORF44,1,0,0.027282549972987576
C14ORF105,2,0,0.036736898973527825
C14ORF115,2,0,0.08103727714748785
C14ORF148,3,0,0.014856834143706105
C14ORF166B,2,0,0.01431658562938952
C14ORF176,2,0,0.21339816315505133
C14ORF178,2,0,0.1720691518098325
C14ORF180,2,0,0.029443544030253916
C14ORF181,2,0,0.16045380875202594
C14ORF182,2,0,0.1658562938951918
C14ORF184,3,0,0.4246353322528363
C14ORF39,2,0,0.015667206915180983
C14ORF48,4,0,0.015126958400864398
C14ORF50,2,0,0.25715829281469477
C14ORF54,2,0,0.04213938411669368
C14ORF73,2,0,0.01620745542949757
C14ORF91,1,0,0.14451647757968666
C15ORF32,2,0,0.027552674230145867
C15ORF33,2,0,0.0189086980010805
C15ORF42,2,0,0.02701242571582928
C15ORF43,2,0,0.020799567801188548
C15ORF48,2,0,0.40005402485143166
C15ORF50,2,0,0.012155591572123177
C15ORF53,2,0,0.08103727714748785
C15ORF54,2,0,0.02593192868719611
C15ORF55,2,0,0.020529443544030253
C15ORF56,2,0,0.021339816315505133
C15ORF60,2,0,0.004051863857374392
C15ORF62,2,0,0.0748244192328471
C16ORF46,2,0,0.3965424095083738
C16ORF54,2,0,0.06482982171799027
C16ORF65,2,0,0.008914100486223663
C16ORF71,2,0,0.2884927066450567
C16ORF73,1,0,0.31361426256077796
C16ORF78,2,0,0.3843868179362507
C16ORF82,1,0,0.11642355483522421
C16ORF90,2,0,0.4770394381415451
C17ORF103,1,0,0.3379254457050243
C17ORF47,2,0,0.0024311183144246355
C17ORF53,2,0,0.15937331172339275
C17ORF57,2,0,0.21772015126958402
C17ORF64,2,0,0.031334413830361965
C17ORF66,2,0,0.04267963263101027
C17ORF78,2,0,0.07212317666126418
C17ORF98,2,0,0.00945434900054025
C17ORF99,1,0,0.016747703943814155
C18ORF15,1,0,0.1952998379254457
C18ORF24,2,0,0.031604538087520256
C18ORF26,2,0,0.05186385737439222
C18ORF34,3,0,0.05726634251755808
C18ORF62,2,0,0.022960561858454888
C19ORF15,3,0,0.23176661264181522
C19ORF21,2,0,0.09616423554835224
C19ORF26,2,0,0.29119394921663966
C19ORF31,1,0,0.03889789303079417
C19ORF34,2,0,0.020529443544030253
C19ORF41,2,0,0.21312803889789303
C19ORF45,2,0,0.022960561858454888
C19ORF51,2,0,0.1393841166936791
C19ORF59,2,0,0.03565640194489465
C19ORF67,2,0,0.016477579686655863
C19ORF69,2,0,0.14505672609400325
C19ORF71,2,0,0.051323608860075635
C19ORF75,2,0,0.005132360886007563
C1ORF105,2,0,0.008373851971907077
C1ORF106,2,0,0.03943814154511075
C1ORF110,2,0,0.075634792004322
C1ORF111,2,0,0.04970286331712588
C1ORF116,2,0,0.028092922744462453
C1ORF125,3,0,0.08400864397622906
C1ORF126,1,0,0.04294975688816856
C1ORF127,2,0,0.20151269584008644
C1ORF129,2,0,0.007293354943273906
C1ORF130,2,0,0.04538087520259319
C1ORF14,2,0,0.056185845488924906
C1ORF141,2,0,0.013236088600756347
C1ORF145,3,0,0.353322528363047
C1ORF146,2,0,0.004592112371690978
C1ORF150,2,0,0.07806591031874663
C1ORF157,2,0,0.02404105888708806
C1ORF168,2,0,0.15316045380875204
C1ORF177,2,0,0.4627228525121556
C1ORF180,2,0,0.011885467314964884
C1ORF185,2,0,0.018098325229605618
C1ORF186,2,0,0.04781199351701783
C1ORF189,2,0,0.030253916801728797
C1ORF192,2,0,0.2784981091301999
C1ORF203,4,0,0.3017287952458131
C1ORF227,3,0,0.04349000540248514
C1ORF49,2,0,0.018638573743922204
C1ORF62,3,0,0.01242571582928147
C1ORF65,2,0,0.4413830361966505
C1ORF68,2,0,0.0715829281469476
C1ORF81,2,0,0.02782279848730416
C1ORF87,2,0,0.0675310642895732
C1ORF89,2,0,0.33360345759049165
C1ORF92,2,0,0.04321988114532685
C1QL4,2,0,0.37412209616423553
C1QTNF1,2,0,0.37817396002160997
C1QTNF7,2,0,0.34764991896272285
C1QTNF8,2,0,0.17071853052404107
C1QTNF9,1,0,0.023500810372771474
C20ORF114,2,0,0.0037817396002160996
C20ORF118,2,0,0.03808752025931929
C20ORF123,2,0,0.010264721772015126
C20ORF151,2,0,0.15532144786601837
C20ORF152,2,0,0.00675310642895732
C20ORF166,2,0,0.15289032955159373
C20ORF173,2,0,0.050243111831442464
C20ORF175,3,0,0.35170178282009723
C20ORF185,2,0,0.23527822798487305
C20ORF186,2,0,0.006212857914640735
C20ORF197,2,0,0.13398163155051324
C20ORF200,2,0,0.2825499729875743
C20ORF203,2,0,0.1882766072393301
C20ORF70,2,0,0.007023230686115613
C20ORF71,3,0,0.005672609400324149
C20ORF78,2,0,0.16261480280929227
C20ORF79,2,0,0.007563479200432199
C20ORF85,2,0,0.293354943273906
C21ORF116,1,0,0.006482982171799027
C21ORF29,2,0,0.018638573743922204
C21ORF37,1,0,0.17693138843868178
C21ORF54,2,0,0.21312803889789303
C21ORF7,2,0,0.00675310642895732
C21ORF90,3,0,0.021609940572663425
C22ORF24,2,0,0.37385197190707725
C22ORF26,2,0,0.14910858995137763
C22ORF31,1,0,0.06807131280388978
C22ORF33,2,0,0.016477579686655863
C22ORF42,2,0,0.1458670988654781
C22ORF45,2,0,0.29065370070232305
C2ORF16,2,0,0.02593192868719611
C2ORF48,2,0,0.27903835764451645
C2ORF51,2,0,0.10021609940572664
C2ORF53,2,0,0.015667206915180983
C2ORF61,2,0,0.11237169097784981
C2ORF62,2,0,0.49081577525661807
C2ORF65,2,0,0.06509994597514857
C2ORF66,2,0,0.05969746083198271
C2ORF71,2,0,0.08698001080497028
C2ORF78,2,0,0.007563479200432199
C2ORF83,2,0,0.09157212317666126
C2ORF90,2,0,0.002971366828741221
C3ORF16,2,0,0.025121555915721232
C3ORF20,2,0,0.2855213398163155
C3ORF24,2,0,0.004862236628849271
C3ORF27,2,0,0.195569962182604
C3ORF30,2,0,0.0037817396002160996
C3ORF36,2,0,0.01350621285791464
C3ORF43,2,0,0.00864397622906537
C3ORF44,2,0,0.10886007563479201
C3ORF45,2,0,0.3241491085899514
C3ORF48,1,0,0.027552674230145867
C3ORF49,2,0,0.031064289573203674
C3ORF52,2,0,0.05375472717450027
C3ORF55,4,0,0.21961102106969205
C3ORF77,2,0,0.04403025391680173
C3P1,2,0,0.018638573743922204
C4BPA,2,0,0.10750945434900054
C4ORF17,2,0,0.022690437601296597
C4ORF26,2,0,0.24689357104267964
C4ORF35,2,0,0.023500810372771474
C4ORF36,2,0,0.42166396542409507
C4ORF37,2,0,0.41247974068071314
C4ORF38,3,0,0.2576985413290113
C4ORF40,2,0,0.039978390059427334
C4ORF45,2,0,0.47028633171258777
C4ORF46,2,0,0.06969205834683954
C4ORF6,2,0,0.19367909238249595
C4ORF7,2,0,0.04700162074554295
C5AR1,2,0,0.19611021069692058
C5ORF20,2,0,0.08346839546191248
C5ORF34,2,0,0.21474878444084278
C5ORF38,2,0,0.40329551593733115
C5ORF46,2,0,0.23797947055645596
C5ORF47,2,0,0.02971366828741221
C5ORF48,2,0,0.09184224743381955
C5ORF50,4,0,0.02025931928687196
C5ORF52,2,0,0.019989195029713667
C6,2,0,0.015667206915180983
C6ORF10,3,0,0.1620745542949757
C6ORF103,2,0,0.029173419773095625
C6ORF105,2,0,0.4848730415991356
C6ORF123,2,0,0.012965964343598054
C6ORF132,2,0,0.0937331172339276
C6ORF141,3,0,0.4929767693138844
C6ORF146,2,0,0.0526742301458671
C6ORF167,4,0,0.47163695299837927
C6ORF191,2,0,0.462182603997839
C6ORF195,2,0,0.03646677471636953
C6ORF205,2,0,0.011075094543490005
C6ORF208,2,0,0.41085899513776336
C6ORF221,2,0,0.1720691518098325
C6ORF222,2,0,0.17098865478119935
C6ORF223,2,0,0.025391680172879523
C6ORF227,2,0,0.030253916801728797
C6ORF25,3,0,0.10048622366288493
C6ORF58,2,0,0.015667206915180983
C6ORF61,2,0,0.33765532144786603
C6ORF81,2,0,0.03079416531604538
C6ORF91,2,0,0.029983792544570502
C6ORF94,2,0,0.007833603457590491
C7ORF31,2,0,0.3857374392220421
C7ORF33,2,0,0.012695840086439762
C7ORF45,2,0,0.025661804430037818
C7ORF58,3,0,0.12830902215018908
C7ORF62,2,0,0.48892490545651
C7ORF65,2,0,0.022960561858454888
C7ORF66,2,0,0.011075094543490005
C7ORF69,2,0,0.020529443544030253
C8A,2,0,0.03538627768773636
C8B,1,0,0.021339816315505133
C8ORF22,2,0,0.05564559697460832
C8ORF39,2,0,0.18908698001080498
C8ORF45,4,0,0.07320367368989736
C8ORF48,3,0,0.3797947055645597
C8ORF51,2,0,0.1012965964343598
C8ORF54,1,0,0.037007023230686116
C8ORF66,1,0,0.004051863857374392
C8ORF71,2,0,0.020799567801188548
C8ORF75,2,0,0.015667206915180983
C8ORF77,2,0,0.15153970826580226
C8ORF84,2,0,0.22366288492706646
C8ORF86,2,0,0.2144786601836845
C9,2,0,0.002971366828741221
C9ORF11,2,0,0.18557536466774716
C9ORF128,2,0,0.009184224743381956
C9ORF135,2,0,0.1396542409508374
C9ORF152,2,0,0.05348460291734198
C9ORF153,2,0,0.14748784440842788
C9ORF171,2,0,0.18935710426796326
C9ORF43,2,0,0.09805510534846029
C9ORF47,2,0,0.00945434900054025
C9ORF53,2,0,0.19421934089681253
C9ORF57,2,0,0.041058887088060506
C9ORF66,2,0,0.02593192868719611
C9ORF71,2,0,0.13452188006482982
C9ORF79,2,0,0.23230686115613183
C9ORF84,3,0,0.010264721772015126
C9ORF96,2,0,0.1315505132360886
CA3,2,0,0.06266882766072393
CA6,3,0,0.011075094543490005
CA9,2,0,0.10642895732036736
CACNA1S,3,0,0.04267963263101027
CACNA2D4,3,0,0.32225823878984333
CACNG5,3,0,0.30902215018908696
CAGE1,3,0,0.3082117774176121
CALCB,1,0,0.228795245813074
CALCR,2,0,0.22042139384116693
CALHM3,2,0,0.46866558616963805
CALR3,2,0,0.023500810372771474
CAMP,2,0,0.09346299297676931
CAPN11,2,0,0.008914100486223663
CAPN14,2,0,0.2839005942733657
CAPN6,2,0,0.007563479200432199
CAPN8,3,0,0.19962182603997838
CAPN9,3,0,0.10345759049162614
CAPSL,2,0,0.4024851431658563
CAPZA3,2,0,0.009994597514856833
CARD11,2,0,0.1647757968665586
CARD18,2,0,0.013236088600756347
CASC5,2,0,0.009724473257698542
CASP12,2,0,0.17017828200972449
CASP14,2,0,0.06131820637493247
CASQ2,2,0,0.3541329011345219
CASR,2,0,0.09832522960561858
CASS4,2,0,0.2717450027012426
CATSPER1,2,0,0.045650999459751485
CATSPER3,2,0,0.28417071853052406
CATSPER4,2,0,0.13992436520799567
CATSPERB,2,0,0.009184224743381956
CAV3,2,0,0.012965964343598054
CBLC,3,0,0.26823338735818475
CBLN3,2,0,0.19421934089681253
CBWD6,1,0,0.3684494867639114
CBX3P2,1,0,0.007023230686115613
CBX8,2,0,0.4319286871961102
CBY3,2,0,0.18665586169638035
CCBE1,2,0,0.3249594813614263
CCDC105,2,0,0.09211237169097786
CCDC116,2,0,0.06861156131820638
CCDC129,2,0,0.10642895732036736
CCDC13,3,0,0.1504592112371691
CCDC135,2,0,0.04997298757428417
CCDC140,2,0,0.016477579686655863
CCDC147,2,0,0.4567801188546731
CCDC150,2,0,0.3157752566180443
CCDC155,2,0,0.4627228525121556
CCDC168,2,0,0.056185845488924906
CCDC17,2,0,0.25796866558616965
CCDC18,2,0,0.4878444084278768
CCDC19,2,0,0.06807131280388978
CCDC27,2,0,0.027552674230145867
CCDC33,3,0,0.01431658562938952
CCDC36,2,0,0.046191247974068074
CCDC37,2,0,0.1312803889789303
CCDC38,2,0,0.011885467314964884
CCDC42,3,0,0.06428957320367369
CCDC42B,1,0,0.1542409508373852
CCDC54,2,0,0.009994597514856833
CCDC60,2,0,0.015937331172339277
CCDC62,2,0,0.26202052944354404
CCDC63,3,0,0.01431658562938952
CCDC67,3,0,0.07860615883306321
CCDC73,1,0,0.2101566720691518
CCDC79,3,0,0.008103727714748784
CCDC81,2,0,0.10696920583468396
CCDC83,2,0,0.014046461372231226
CCDC89,2,0,0.33279308481901676
CCKAR,3,0,0.02188006482982172
CCL1,2,0,0.10318746623446785
CCL11,2,0,0.04294975688816856
CCL13,2,0,0.023230686115613183
CCL14,2,0,0.13425175580767154
CCL15,2,0,0.1874662344678552
CCL16,2,0,0.09967585089141005
CCL18,2,0,0.05240410588870881
CCL20,2,0,0.007833603457590491
CCL23,2,0,0.005132360886007563
CCL26,2,0,0.04051863857374392
CCL3L1,2,0,0.4529983792544571
CCL5,1,0,0.14370610480821178
CCL7,2,0,0.009184224743381956
CCL8,2,0,0.005132360886007563
CCNA2,2,0,0.45002701242571586
CCNB2,2,0,0.0937331172339276
CCNI2,1,0,0.4211237169097785
CCNJL,2,0,0.3236088600756348
CCR2,4,0,0.014586709886547812
CCR4,2,0,0.02593192868719611
CCR6,3,0,0.04376012965964344
CCR8,2,0,0.010804970286331712
CCRL2,2,0,0.1952998379254457
CCT8P1,1,0,0.0018908698001080498
CD160,2,0,0.005132360886007563
CD177,3,0,0.1053484602917342
CD180,2,0,0.004592112371690978
CD1A,2,0,0.015126958400864398
CD1B,2,0,0.44192328471096703
CD1C,2,0,0.009724473257698542
CD1D,2,0,0.007293354943273906
CD1E,2,0,0.004592112371690978
CD200R1,4,0,0.09940572663425176
CD200R1L,1,0,0.006482982171799027
CD207,2,0,0.005942733657482442
CD244,2,0,0.3095623987034036
CD28,2,0,0.29119394921663966
CD300A,2,0,0.4945975148568341
CD300E,2,0,0.04321988114532685
CD300LD,1,0,0.008914100486223663
CD300LF,2,0,0.027552674230145867
CD300LG,2,0,0.029983792544570502
CD36,3,0,0.3095623987034036
CD3G,2,0,0.3454889249054565
CD40LG,2,0,0.01350621285791464
CD48,2,0,0.05240410588870881
CD5,2,0,0.17531064289573203
CD5L,2,0,0.0037817396002160996
CD69,2,0,0.41788222582387896
CD70,2,0,0.37844408427876824
CD72,2,0,0.06699081577525662
CD79B,3,0,0.006482982171799027
CD80,2,0,0.012695840086439762
CD93,2,0,0.17936250675310642
CD96,3,0,0.023500810372771474
CDC2,2,0,0.17233927606699082
CDC20B,2,0,0.002971366828741221
CDC25A,2,0,0.41464073473797947
CDC25C,2,0,0.018368449486763912
CDC42BPG,2,0,0.0564559697460832
CDC45L,2,0,0.39330091842247433
CDCA2,2,0,0.045921123716909776
CDCA4,3,0,0.04294975688816856
CDCA7,2,0,0.42247433819556995
CDCP1,4,0,0.07347379794705565
CDCP2,2,0,0.012695840086439762
CDH15,2,0,0.17450027012425715
CDH17,2,0,0.005672609400324149
CDH29,2,0,0.008373851971907077
CDH5,2,0,0.02404105888708806
CDK2,2,0,0.3179362506753106
CDKN2B,2,0,0.13560237709346298
CDNF,2,0,0.1658562938951918
CDRT1,2,0,0.3527822798487304
CDRT15,3,0,0.041599135602377095
CDX1,2,0,0.2768773635872501
CDX2,2,0,0.018368449486763912
CDX4,2,0,0.02674230145867099
CDY1,3,0,0.01431658562938952
CDY2A,1,0,0.009724473257698542
CEACAM16,2,0,0.14208535926526203
CEACAM18,2,0,0.004321988114532685
CEACAM3,2,0,0.008373851971907077
CEACAM4,2,0,0.35089141004862234
CEACAM5,2,0,0.008103727714748784
CEACAM6,2,0,0.011075094543490005
CEACAM7,2,0,0.3325229605618584
CEACAM8,2,0,0.013236088600756347
CEL,3,0,0.2714748784440843
CELA2A,2,0,0.37790383576445163
CELA3A,2,0,0.1012965964343598
CELA3B,1,0,0.01242571582928147
CELSR1,1,0,0.1582928146947596
CEMP1,1,0,0.004862236628849271
CENPA,3,0,0.016477579686655863
CENPE,2,0,0.4359805510534846
CENPH,2,0,0.44570502431118314
CENPI,2,0,0.030524041058887088
CENPL,3,0,0.22123176661264182
CEP55,2,0,0.005672609400324149
CER1,2,0,0.022960561858454888
CERKL,3,0,0.14019448946515398
CES3,2,0,0.419773095623987
CES4,1,0,0.006212857914640735
CES5AP1,1,0,0.0037817396002160996
CES7,2,0,0.47109670448406266
CETN1,2,0,0.015667206915180983
CETP,2,0,0.13614262560777957
CFHR1,1,0,0.004051863857374392
CFHR2,1,0,0.005402485143165856
CFHR4,2,0,0.06807131280388978
CFHR5,2,0,0.004592112371690978
CFI,2,0,0.29524581307401404
CFTR,3,0,0.2871420853592653
CGA,2,0,0.03241491085899514
CGB2,1,0,0.2479740680713128
CHEK1,4,0,0.4222042139384117
CHEK2P2,1,0,0.29578606158833065
CHI3L2,2,0,0.07968665586169638
CHIA,2,0,0.3652079956780119
CHIT1,2,0,0.12884927066450566
CHRDL2,2,0,0.17450027012425715
CHRNA1,2,0,0.05861696380334954
CHRNA5,3,0,0.2801188546731497
CHRNA9,3,0,0.1085899513776337
CHRNB3,3,0,0.23392760669908158
CHRNB4,3,0,0.029443544030253916
CHRND,3,0,0.16045380875202594
CHRNE,2,0,0.4159913560237709
CHRNG,3,0,0.05186385737439222
CHST9-AS1,2,0,0.08562938951917883
CIB4,2,0,0.01620745542949757
CICP8,1,0,0.0024311183144246355
CIITA,2,0,0.29119394921663966
CIRBP-AS1,2,0,0.47028633171258777
CKAP2L,2,0,0.008914100486223663
CLC,2,0,0.021609940572663425
CLCA1,3,0,0.15667206915180984
CLCA2,3,0,0.07077255537547272
CLCA3P,3,0,0.00675310642895732
CLCF1,2,0,0.4543490005402485
CLCNKB,2,0,0.2782279848730416
CLDN1,2,0,0.2034035656401945
CLDN16,2,0,0.39708265802269044
CLDN17,2,0,0.008373851971907077
CLDN18,2,0,0.1094003241491086
CLDN2,2,0,0.012695840086439762
CLDN20,2,0,0.15099945975148568
CLDN22,2,0,0.12344678552133982
CLDN23,2,0,0.055915721231766614
CLDN6,3,0,0.11507293354943274
CLDN7,2,0,0.3914100486223663
CLDN8,2,0,0.00675310642895732
CLEC10A,3,0,0.1874662344678552
CLEC12B,4,0,0.04349000540248514
CLEC17A,2,0,0.2485143165856294
CLEC18A,1,0,0.020529443544030253
CLEC1A,2,0,0.05321447866018368
CLEC1B,3,0,0.020529443544030253
CLEC2A,2,0,0.08211777417612101
CLEC3A,2,0,0.007023230686115613
CLEC4C,2,0,0.009724473257698542
CLEC4D,2,0,0.025121555915721232
CLEC4E,2,0,0.007023230686115613
CLEC4F,2,0,0.011075094543490005
CLEC5A,2,0,0.004862236628849271
CLEC6A,2,0,0.01053484602917342
CLEC7A,4,0,0.20772555375472718
CLECL1,2,0,0.03538627768773636
CLLU1,2,0,0.004321988114532685
CLLU1OS,2,0,0.027552674230145867
CLNK,2,0,0.03241491085899514
CLRN1,3,0,0.00945434900054025
CLRN2,2,0,0.42787682333873583
CLRN3,2,0,0.2252836304700162
CLSPN,2,0,0.3716909778498109
CMA1,2,0,0.009184224743381956
CMTM2,2,0,0.07806591031874663
CNBD1,2,0,0.009724473257698542
CNGA1,3,0,0.05159373311723393
CNGA2,3,0,0.008914100486223663
CNGA3,3,0,0.29443544030253915
CNGA4,3,0,0.028092922744462453
CNGB3,3,0,0.03457590491626148
CNKSR1,2,0,0.3225283630470016
CNTD1,1,0,0.014046461372231226
CNTD2,4,0,0.2142085359265262
CNTF,2,0,0.020529443544030253
CNTN5,2,0,0.3479200432198811
COL14A1,3,0,0.4913560237709346
COL15A1,2,0,0.06942193408968125
COL17A1,2,0,0.055915721231766614
COL1A1,3,0,0.3978930307941653
COL28A1,2,0,0.26958400864397625
COL29A1,3,0,0.16018368449486764
COL2A1,2,0,0.018098325229605618
COL3A1,4,0,0.2576985413290113
COL4A3,5,0,0.34305780659103186
COL4A6,3,0,0.03511615343057806
COLEC10,2,0,0.08049702863317126
CORIN,2,0,0.02971366828741221
COX7B2,2,0,0.007833603457590491
CPA1,2,0,0.017828200972447326
CPA2,2,0,0.027282549972987576
CPA3,2,0,0.12290653700702323
CPA4,2,0,0.4019448946515397
CPA6,2,0,0.011075094543490005
CPB1,2,0,0.05942733657482442
CPB2,3,0,0.009184224743381956
CPLX4,2,0,0.09832522960561858
CPN1,2,0,0.1323608860075635
CPN2,2,0,0.14991896272285252
CPO,2,0,0.47487844408427876
CPS1,3,0,0.41950297136682874
CPS1-IT1,2,0,0.13641274986493787
CPSF4L,2,0,0.014856834143706105
CPXCR1,2,0,0.013776337115072933
CPXM1,2,0,0.0337655321447866
CR1,3,0,0.27336574824419235
CR1L,2,0,0.007023230686115613
CRHR2,3,0,0.3149648838465694
CRISP1,3,0,0.008914100486223663
CRISP2,2,0,0.022960561858454888
CRISP3,2,0,0.004592112371690978
CRISPLD2,3,0,0.025391680172879523
CRNN,2,0,0.190977849810913
CRP,2,0,0.04294975688816856
CRTAM,2,0,0.1574824419232847
CRX,1,0,0.00675310642895732
CRYAA,2,0,0.02377093462992977
CRYBA1,2,0,0.04024851431658563
CRYBA4,2,0,0.02215018908698001
CRYBG3,1,0,0.33306320907617504
CRYGB,2,0,0.06428957320367369
CRYGC,2,0,0.019448946515397084
CRYGN,2,0,0.20853592652620206
CSF2,2,0,0.012965964343598054
CSF2RB,2,0,0.32766072393300916
CSF3,2,0,0.04240950837385197
CSH2,1,0,0.04213938411669368
CSHL1,2,0,0.1358725013506213
CSMD2,3,0,0.2563479200432199
CSN1S1,3,0,0.17044840626688276
CSN1S2A,2,0,0.005402485143165856
CSN2,2,0,0.002971366828741221
CSN3,2,0,0.028363047001620744
CSRP3,2,0,0.018638573743922204
CST1,3,0,0.009994597514856833
CST11,2,0,0.01728795245813074
CST2,2,0,0.0715829281469476
CST6,2,0,0.1507293354943274
CST7,2,0,0.2522960561858455
CST8,2,0,0.011345218800648298
CST9,2,0,0.004321988114532685
CST9L,2,0,0.010264721772015126
CSTA,2,0,0.03565640194489465
CSTL1,2,0,0.010264721772015126
CT45A3,1,0,0.206645056726094
CT47B1,1,0,0.0940032414910859
CTAG1B,2,0,0.32468935710426794
CTAG2,2,0,0.010804970286331712
CTAGE10P,3,0,0.13749324689357104
CTC-205M6.2,1,0,0.08373851971907077
CTC-463N11.3,1,0,0.0032414910858995136
CTCFL,2,0,0.005942733657482442
CTD-2303B20.1,2,0,0.018638573743922204
CTLA4,2,0,0.029443544030253916
CTSE,3,0,0.1396542409508374
CTSG,2,0,0.17477039438141545
CTSW,2,0,0.04294975688816856
CUBN,2,0,0.06482982171799027
CUST_104_PI416408490,1,0,0.0037817396002160996
CUST_107_PI417507815,1,0,0.14370610480821178
CUST_10853_PI416261804,1,0,0.02485143165856294
CUST_112_PI416408490,1,0,0.3903295515937331
CUST_122_PI416408490,1,0,0.3511615343057807
CUST_12341_PI416261804,1,0,0.08076715289032955
CUST_1323_PI416573500,1,0,0.03862776877363587
CUST_1365_PI416379584,1,0,0.0021609940572663426
CUST_14832_PI416261804,1,0,0.10210696920583469
CUST_16172_PI416261804,1,0,0.02485143165856294
CUST_16_PI417507815,1,0,0.004592112371690978
CUST_197_PI417507815,1,0,0.020799567801188548
CUST_1_PI416379584,1,0,0.022420313344138302
CUST_201_PI416379584,1,0,0.00864397622906537
CUST_235_PI417507815,1,0,0.37304159913560236
CUST_237_PI417507815,1,0,0.01053484602917342
CUST_2427_PI416261804,1,0,0.22015126958400866
CUST_2433_PI416261804,1,0,0.004592112371690978
CUST_2445_PI416261804,1,0,0.3049702863317126
CUST_2475_PI416261804,1,0,0.08698001080497028
CUST_2481_PI416261804,1,0,0.13344138303619665
CUST_2496_PI416261804,3,0,0.018368449486763912
CUST_2498_PI416261804,1,0,0.022420313344138302
CUST_2535_PI416261804,1,0,0.12182603997839006
CUST_2547_PI416261804,1,0,0.23554835224203133
CUST_2607_PI416261804,1,0,0.15883306320907617
CUST_260_PI416408490,1,0,0.021609940572663425
CUST_2636_PI416261804,1,0,0.27255537547271746
CUST_2637_PI416261804,1,0,0.004051863857374392
CUST_2638_PI416261804,1,0,0.03511615343057806
CUST_2639_PI416261804,1,0,0.0021609940572663426
CUST_2651_PI416261804,1,0,0.010804970286331712
CUST_2674_PI416261804,1,0,0.011075094543490005
CUST_2676_PI416261804,1,0,0.009724473257698542
CUST_2678_PI416261804,1,0,0.10453808752025932
CUST_2684_PI416261804,1,0,0.06996218260399784
CUST_2693_PI416261804,1,0,0.10075634792004322
CUST_2701_PI416261804,1,0,0.0037817396002160996
CUST_2710_PI416261804,1,0,0.004592112371690978
CUST_2716_PI416261804,1,0,0.002701242571582928
CUST_2732_PI416261804,1,0,0.05564559697460832
CUST_2739_PI416261804,1,0,0.011075094543490005
CUST_2741_PI416261804,1,0,0.014586709886547812
CUST_2772_PI416261804,1,0,0.01350621285791464
CUST_2783_PI416261804,1,0,0.18881685575364668
CUST_2805_PI416261804,1,0,0.13317125877903835
CUST_2815_PI416261804,1,0,0.004862236628849271
CUST_2827_PI416261804,1,0,0.016477579686655863
CUST_2830_PI416261804,1,0,0.032144786601836846
CUST_2835_PI416261804,1,0,0.015937331172339277
CUST_2839_PI416261804,1,0,0.1620745542949757
CUST_283_PI416566444,2,0,0.0189086980010805
CUST_2840_PI416261804,1,0,0.09751485683414371
CUST_2854_PI416261804,1,0,0.004862236628849271
CUST_2891_PI416261804,1,0,0.00864397622906537
CUST_2899_PI416261804,1,0,0.01728795245813074
CUST_2905_PI416261804,1,0,0.005672609400324149
CUST_2913_PI416261804,1,0,0.011615343057806591
CUST_2935_PI416261804,2,0,0.2717450027012426
CUST_2959_PI416261804,1,0,0.42544570502431117
CUST_2972_PI416261804,1,0,0.2839005942733657
CUST_2977_PI416261804,1,0,0.15991356023770933
CUST_2986_PI416261804,1,0,0.4551593733117234
CUST_298_PI417507815,1,0,0.05375472717450027
CUST_2995_PI416261804,1,0,0.007563479200432199
CUST_2997_PI416261804,1,0,0.011345218800648298
CUST_3009_PI416261804,1,0,0.007563479200432199
CUST_301_PI417507815,1,0,0.3878984332793085
CUST_3023_PI416261804,1,0,0.3309022150189087
CUST_3052_PI416261804,1,0,0.353322528363047
CUST_3053_PI416261804,1,0,0.07212317666126418
CUST_3078_PI416261804,1,0,0.005672609400324149
CUST_3080_PI416261804,1,0,0.04240950837385197
CUST_3109_PI416261804,1,0,0.004592112371690978
CUST_3123_PI416261804,1,0,0.10561858454889249
CUST_3125_PI416261804,1,0,0.16099405726634253
CUST_3166_PI416261804,1,0,0.00864397622906537
CUST_3214_PI416261804,1,0,0.44408427876823336
CUST_3221_PI416261804,1,0,0.01350621285791464
CUST_3222_PI416261804,1,0,0.35926526202052944
CUST_3226_PI416261804,1,0,0.009994597514856833
CUST_3235_PI416261804,1,0,0.04754186925985954
CUST_3236_PI416261804,1,0,0.26742301458670986
CUST_3282_PI416261804,1,0,0.004592112371690978
CUST_3314_PI416261804,1,0,0.2631010264721772
CUST_3321_PI416261804,1,0,0.27201512695840085
CUST_3323_PI416261804,1,0,0.1085899513776337
CUST_3331_PI416261804,1,0,0.0037817396002160996
CUST_3342_PI416261804,1,0,0.019448946515397084
CUST_3354_PI416261804,1,0,0.15343057806591032
CUST_3364_PI416261804,1,0,0.13371150729335493
CUST_3365_PI416261804,1,0,0.018368449486763912
CUST_3393_PI416261804,1,0,0.004321988114532685
CUST_3398_PI416261804,1,0,0.06888168557536467
CUST_3404_PI416261804,1,0,0.3390059427336575
CUST_3410_PI416261804,1,0,0.018368449486763912
CUST_3412_PI416261804,1,0,0.024311183144246355
CUST_3417_PI416261804,1,0,0.006482982171799027
CUST_3427_PI416261804,1,0,0.016477579686655863
CUST_3437_PI416261804,1,0,0.004862236628849271
CUST_343_PI417507815,1,0,0.08806050783360346
CUST_3442_PI416261804,1,0,0.002971366828741221
CUST_3452_PI416261804,1,0,0.006212857914640735
CUST_3456_PI416261804,1,0,0.03889789303079417
CUST_3457_PI416261804,1,0,0.021609940572663425
CUST_3459_PI416261804,1,0,0.02863317125877904
CUST_3469_PI416261804,1,0,0.11723392760669908
CUST_3474_PI416261804,1,0,0.10102647217720151
CUST_3485_PI416261804,1,0,0.023500810372771474
CUST_3506_PI416261804,1,0,0.02782279848730416
CUST_3508_PI416261804,1,0,0.07185305240410589
CUST_3509_PI416261804,1,0,0.055105348460291734
CUST_3515_PI416261804,1,0,0.17098865478119935
CUST_3516_PI416261804,1,0,0.0024311183144246355
CUST_3530_PI416261804,1,0,0.11507293354943274
CUST_3534_PI416261804,1,0,0.1018368449486764
CUST_3549_PI416261804,2,0,0.04997298757428417
CUST_3572_PI416261804,1,0,0.041329011345218804
CUST_3576_PI416261804,3,0,0.2752566180443004
CUST_3582_PI416261804,1,0,0.005132360886007563
CUST_3584_PI416261804,1,0,0.016477579686655863
CUST_3590_PI416261804,1,0,0.00945434900054025
CUST_3604_PI416261804,1,0,0.011075094543490005
CUST_3605_PI416261804,1,0,0.07320367368989736
CUST_3613_PI416261804,1,0,0.01350621285791464
CUST_3621_PI416261804,2,0,0.32144786601836844
CUST_3625_PI416261804,1,0,0.11885467314964884
CUST_3628_PI416261804,1,0,0.004862236628849271
CUST_3629_PI416261804,1,0,0.032144786601836846
CUST_3631_PI416261804,1,0,0.0010804970286331713
CUST_3632_PI416261804,1,0,0.09481361426256078
CUST_3664_PI416261804,1,0,0.011615343057806591
CUST_3687_PI416261804,1,0,0.0021609940572663426
CUST_3726_PI416261804,1,0,0.004051863857374392
CUST_3730_PI416261804,1,0,0.28498109130199895
CUST_3731_PI416261804,2,0,0.20097244732576985
CUST_3739_PI416261804,1,0,0.016747703943814155
CUST_3740_PI416261804,1,0,0.02971366828741221
CUST_3746_PI416261804,1,0,0.26445164775796864
CUST_3769_PI416261804,1,0,0.3479200432198811
CUST_3794_PI416261804,1,0,0.27633711507293357
CUST_3836_PI416261804,1,0,0.015937331172339277
CUST_3837_PI416261804,1,0,0.021339816315505133
CUST_3844_PI416261804,1,0,0.00945434900054025
CUST_3845_PI416261804,1,0,0.3981631550513236
CUST_3880_PI416261804,1,0,0.3765532144786602
CUST_3885_PI416261804,1,0,0.44948676391139925
CUST_3894_PI416261804,1,0,0.3006482982171799
CUST_3900_PI416261804,1,0,0.041329011345218804
CUST_3935_PI416261804,1,0,0.048892490545651
CUST_3976_PI416261804,1,0,0.020529443544030253
CUST_3988_PI416261804,1,0,0.1693679092382496
CUST_39_PI417507815,1,0,0.0032414910858995136
CUST_3_PI416573500,1,0,0.01431658562938952
CUST_4010_PI416261804,1,0,0.005132360886007563
CUST_4017_PI416261804,2,0,0.0189086980010805
CUST_4066_PI416261804,1,0,0.025391680172879523
CUST_4083_PI416261804,1,0,0.028363047001620744
CUST_4094_PI416261804,1,0,0.06131820637493247
CUST_4122_PI416261804,1,0,0.036736898973527825
CUST_4140_PI416261804,1,0,0.004321988114532685
CUST_4144_PI416261804,1,0,0.008103727714748784
CUST_4148_PI416261804,1,0,0.00675310642895732
CUST_4149_PI416261804,2,0,0.03268503511615343
CUST_4204_PI416261804,1,0,0.0010804970286331713
CUST_4207_PI416261804,1,0,0.35980551053484605
CUST_4210_PI416261804,1,0,0.1469475958941113
CUST_4217_PI416261804,1,0,0.4138303619665046
CUST_4231_PI416261804,1,0,0.2036736898973528
CUST_4242_PI416261804,1,0,0.008914100486223663
CUST_4245_PI416261804,1,0,0.03727714748784441
CUST_4257_PI416261804,1,0,0.14802809292274446
CUST_4272_PI416261804,1,0,0.40707725553754726
CUST_4274_PI416261804,1,0,0.005132360886007563
CUST_4304_PI416261804,1,0,0.004592112371690978
CUST_4310_PI416261804,1,0,0.001350621285791464
CUST_4314_PI416261804,1,0,0.3749324689357104
CUST_4316_PI416261804,1,0,0.005942733657482442
CUST_4323_PI416261804,1,0,0.44624527282549975
CUST_4338_PI416261804,1,0,0.2839005942733657
CUST_4341_PI416261804,1,0,0.07617504051863858
CUST_4358_PI416261804,1,0,0.004862236628849271
CUST_4368_PI416261804,1,0,0.09157212317666126
CUST_4393_PI416261804,1,0,0.039978390059427334
CUST_4399_PI416261804,1,0,0.0024311183144246355
CUST_4410_PI416261804,1,0,0.14073473797947056
CUST_4411_PI416261804,1,0,0.005402485143165856
CUST_4427_PI416261804,1,0,0.01917882225823879
CUST_4432_PI416261804,1,0,0.009994597514856833
CUST_4440_PI416261804,1,0,0.03403565640194489
CUST_444_PI416408490,1,0,0.005132360886007563
CUST_4462_PI416261804,1,0,0.12209616423554835
CUST_4463_PI416261804,1,0,0.31685575364667745
CUST_4465_PI416261804,1,0,0.0032414910858995136
CUST_4466_PI416261804,1,0,0.011615343057806591
CUST_446_PI417507815,1,0,0.004051863857374392
CUST_4484_PI416261804,1,0,0.07671528903295516
CUST_4505_PI416261804,1,0,0.0032414910858995136
CUST_4508_PI416261804,1,0,0.12533765532144786
CUST_4511_PI416261804,1,0,0.0715829281469476
CUST_4514_PI416261804,1,0,0.011615343057806591
CUST_4517_PI416261804,1,0,0.005402485143165856
CUST_4518_PI416261804,1,0,0.020799567801188548
CUST_4551_PI416261804,1,0,0.04808211777417612
CUST_4590_PI416261804,1,0,0.09994597514856834
CUST_4592_PI416261804,1,0,0.41572123176661263
CUST_4594_PI416261804,1,0,0.024581307401404646
CUST_4608_PI416261804,1,0,0.0035116153430578066
CUST_4611_PI416261804,1,0,0.03970826580226904
CUST_4620_PI416261804,1,0,0.024311183144246355
CUST_462_PI417507815,1,0,0.26958400864397625
CUST_4636_PI416261804,1,0,0.03538627768773636
CUST_468_PI417507815,1,0,0.10426796326310103
CUST_490_PI416566444,1,0,0.00864397622906537
CUST_4_PI417507815,1,0,0.006482982171799027
CUST_5144_PI416261804,1,0,0.11453268503511616
CUST_524_PI417507815,1,0,0.005942733657482442
CUST_527_PI417507815,1,0,0.09535386277687737
CUST_549_PI417507815,1,0,0.08265802269043761
CUST_558_PI416408490,1,0,0.21907077255537546
CUST_566_PI417507815,1,0,0.005942733657482442
CUST_573_PI417507815,1,0,0.01053484602917342
CUST_577_PI417507815,2,0,0.12533765532144786
CUST_598_PI417507815,1,0,0.10399783900594273
CUST_5_PI417511553,1,0,0.3649378714208536
CUST_617_PI417507815,1,0,0.08914100486223663
CUST_619_PI417507815,1,0,0.01242571582928147
CUST_633_PI417507815,1,0,0.0024311183144246355
CUST_639_PI417507815,1,0,0.09292274446245273
CUST_647_PI417507815,1,0,0.20475418692598596
CUST_650_PI417507815,1,0,0.0018908698001080498
CUST_657_PI417507815,1,0,0.1388438681793625
CUST_68_PI417507815,1,0,0.052133981631550516
CUST_7392_PI416261804,1,0,0.16531604538087522
CUST_8732_PI416261804,1,0,0.06131820637493247
CUST_881_PI416573500,1,0,0.014856834143706105
CUST_88_PI417507815,1,0,0.4551593733117234
CUST_8_PI417507815,1,0,0.05780659103187466
CWH43,2,0,0.00864397622906537
CXCL1,2,0,0.48973527822798485
CXCL10,2,0,0.00675310642895732
CXCL11,2,0,0.14937871420853593
CXCL13,2,0,0.1050783360345759
CXCL17,2,0,0.2701242571582928
CXCL9,2,0,0.10994057266342518
CXCR2P1,1,0,0.052133981631550516
CXCR5,2,0,0.05942733657482442
CXCR6,2,0,0.0035116153430578066
CXORF21,2,0,0.4365207995678012
CXORF22,2,0,0.032144786601836846
CXORF24,1,0,0.09211237169097786
CXORF27,2,0,0.01620745542949757
CXORF30,2,0,0.09184224743381955
CXORF41,2,0,0.01728795245813074
CXORF48,3,0,0.1728795245813074
CXORF51A,3,0,0.024581307401404646
CXORF58,2,0,0.004321988114532685
CXORF59,2,0,0.1350621285791464
CXORF61,3,0,0.014046461372231226
CXORF64,2,0,0.03565640194489465
CXORF65,2,0,0.03430578065910319
CXORF66,2,0,0.01053484602917342
CYAT1,1,0,0.08725013506212857
CYB5RL,2,0,0.052133981631550516
CYLC1,2,0,0.04349000540248514
CYLC2,2,0,0.007563479200432199
CYP11B2,2,0,0.09697460831982713
CYP19A1,2,0,0.07374392220421394
CYP1A1,2,0,0.2801188546731497
CYP24A1,2,0,0.22447325769854132
CYP27B1,2,0,0.01350621285791464
CYP27C1,2,0,0.09481361426256078
CYP2A6,2,0,0.04781199351701783
CYP2A7,3,0,0.007293354943273906
CYP2C18,1,0,0.06455969746083198
CYP2C19,2,0,0.027552674230145867
CYP2C8,2,0,0.29740680713128037
CYP2C9,1,0,0.001350621285791464
CYP2F1,2,0,0.15694219340896812
CYP2S1,2,0,0.2706645056726094
CYP39A1,3,0,0.37304159913560236
CYP3A4,2,0,0.17855213398163156
CYP3A5,2,0,0.04700162074554295
CYP3A7,2,0,0.24203133441383037
CYP4A22,1,0,0.02025931928687196
CYP4F11,2,0,0.4586709886547812
CYP4F12,3,0,0.4543490005402485
CYP4F22,2,0,0.011345218800648298
CYP4F24P,1,0,0.010804970286331712
CYP4F29P,1,0,0.27606699081577524
CYP4F30P,1,0,0.022420313344138302
CYP4F35P,1,0,0.4913560237709346
CYP4Z2P,2,0,0.05321447866018368
CYP7A1,2,0,0.10426796326310103
CYP8B1,2,0,0.0037817396002160996
CYSLTR2,2,0,0.08752025931928688
CYTIP,2,0,0.3722312263641275
DAND5,2,0,0.40329551593733115
DAO,2,0,0.45786061588330634
DAOA,2,0,0.0024311183144246355
DAPP1,2,0,0.10021609940572664
DAZ1,3,0,0.023500810372771474
DAZ2,1,0,0.016477579686655863
DAZL,2,0,0.009724473257698542
DBH,3,0,0.4484062668827661
DCAF4L2,2,0,0.48271204754186925
DCDC2,2,0,0.19719070772555375
DCHS2,5,0,0.39384116693679094
DCLK3,2,0,0.4165316045380875
DCST1,3,0,0.12128579146407348
DDI1,2,0,0.007293354943273906
DDO,3,0,0.4848730415991356
DDX4,2,0,0.15964343598055106
DDX43,2,0,0.3725013506212858
DDX53,2,0,0.01242571582928147
DEC1,2,0,0.010264721772015126
DEFA3,2,0,0.3711507293354943
DEFA4,2,0,0.026202052944354404
DEFA5,2,0,0.08995137763371151
DEFA6,2,0,0.019719070772555376
DEFB103B,3,0,0.18260399783900594
DEFB105A,2,0,0.005942733657482442
DEFB106A,2,0,0.037817396002161
DEFB107B,2,0,0.009724473257698542
DEFB108B,2,0,0.005132360886007563
DEFB111,4,0,0.01728795245813074
DEFB112,2,0,0.010264721772015126
DEFB113,2,0,0.007293354943273906
DEFB114,2,0,0.018638573743922204
DEFB116,2,0,0.011075094543490005
DEFB119,4,0,0.012965964343598054
DEFB121,2,0,0.29119394921663966
DEFB125,2,0,0.012965964343598054
DEFB126,2,0,0.007833603457590491
DEFB127,2,0,0.002701242571582928
DEFB128,2,0,0.10967044840626688
DEFB129,2,0,0.07644516477579687
DEFB134,2,0,0.009184224743381956
DEFB137,2,0,0.02025931928687196
DEFT1P2,1,0,0.004051863857374392
DEPDC1B,3,0,0.13722312263641276
DEPDC4,2,0,0.26823338735818475
DGAT2L6,2,0,0.019719070772555376
DGKK,2,0,0.1012965964343598
DHRS4L2,1,0,0.18611561318206374
DHRS7C,2,0,0.21258779038357645
DIO1,4,0,0.012155591572123177
DKFZP434A062,2,0,0.25040518638573744
DKFZP434H168,2,0,0.021339816315505133
DKFZP434I0714,2,0,0.4430037817396002
DKFZP434L192,2,0,0.06239870340356564
DKFZP566H0824,3,0,0.01350621285791464
DKFZP779L1853,1,0,0.017828200972447326
DKK1,2,0,0.4286871961102107
DKK2,2,0,0.3984332793084819
DLEU2,1,0,0.007563479200432199
DLEU7,2,0,0.36601836844948676
DLGAP5,3,0,0.012965964343598054
DLL4,2,0,0.13019989195029713
DLX3,2,0,0.457590491626148
DLX5,2,0,0.33630470016207453
DLX6,2,0,0.19692058346839547
DMBX1,2,0,0.06239870340356564
DMC1,2,0,0.15883306320907617
DMP1,2,0,0.02701242571582928
DMRT1,2,0,0.17909238249594814
DMRT3,3,0,0.35764451647757967
DMRTB1,2,0,0.008373851971907077
DNAH10,2,0,0.3511615343057807
DNAH17,2,0,0.4883846569421934
DNAH3,2,0,0.09967585089141005
DNAH6,4,0,0.4189627228525122
DNAH8,2,0,0.05888708806050783
DNAI1,2,0,0.09238249594813615
DNAI2,2,0,0.0904916261480281
DNAJB3,3,0,0.012155591572123177
DNAJB8,2,0,0.028092922744462453
DNAJC5B,2,0,0.015126958400864398
DNASE1L3,2,0,0.11129119394921665
DNASE2B,3,0,0.041058887088060506
DND1P1,2,0,0.49054565099945974
DNM1P35,1,0,0.019719070772555376
DNMT3L,2,0,0.005942733657482442
DNTT,2,0,0.011345218800648298
DOC2GP,2,0,0.04997298757428417
DOCK2,2,0,0.031334413830361965
DOK2,2,0,0.3762830902215019
DPCR1,2,0,0.032144786601836846
DPEP1,2,0,0.4916261480280929
DPEP2,2,0,0.1874662344678552
DPP4,2,0,0.2706645056726094
DPP9,2,0,0.40545650999459754
DPPA2,2,0,0.04781199351701783
DPPA3,1,0,0.009184224743381956
DPPA3P2,2,0,0.019719070772555376
DPPA4,2,0,0.011615343057806591
DPPA5,3,0,0.05564559697460832
DPYS,2,0,0.45623987034035657
DQX1,2,0,0.3079416531604538
DRD3,7,0,0.4808211777417612
DRGX,2,0,0.05969746083198271
DSC1,2,0,0.047271745002701246
DSC2,2,0,0.32063749324689356
DSC3,2,0,0.019448946515397084
DSCR4,2,0,0.1091301998919503
DSCR8,3,0,0.037007023230686116
DSG1,3,0,0.022420313344138302
DSG2,2,0,0.014046461372231226
DSG3,2,0,0.018638573743922204
DSG4,3,0,0.01053484602917342
DSPP,2,0,0.013776337115072933
DTHD1,2,0,0.011885467314964884
DTL,2,0,0.07023230686115613
DUOX1,2,0,0.036196650459211235
DUOX2,2,0,0.02215018908698001
DUOXA1,2,0,0.36142625607779577
DUOXA2,2,0,0.3003781739600216
DUPD1,2,0,0.010264721772015126
DUSP13,2,0,0.31523500810372773
DUSP21,2,0,0.007563479200432199
DUSP27,2,0,0.46947595894111294
DUX3,2,0,0.017017828200972446
DUX4L9,2,0,0.4829821717990275
DUX5,1,0,0.011075094543490005
DUXA,2,0,0.07023230686115613
DYDC1,2,0,0.031064289573203674
DYSFIP1,2,0,0.32063749324689356
DZIP1L,2,0,0.13317125877903835
E2F2,2,0,0.16288492706645058
E2F7,2,0,0.09562398703403566
E2F8,2,0,0.004321988114532685
EBF2,2,0,0.027282549972987576
EBF3,3,0,0.20907617504051865
ECEL1P2,1,0,0.020799567801188548
ECH1,1,0,0.04781199351701783
EDA2R,2,0,0.02971366828741221
EDAR,2,0,0.012965964343598054
EDN2,2,0,0.02863317125877904
EFCAB4B,4,0,0.16639654240950838
EFCAB5,4,0,0.4103187466234468
EFCAB8,2,0,0.004592112371690978
EFNA2,2,0,0.09211237169097786
EGF,3,0,0.29902755267423015
EGFL6,2,0,0.4459751485683414
EGFLAM,2,0,0.4916261480280929
EHF,2,0,0.4921663965424095
EHHADH,2,0,0.08157752566180443
ELF3,2,0,0.01350621285791464
ELF5,2,0,0.020529443544030253
ELK3,2,0,0.2179902755267423
ELMOD2,2,0,0.0713128038897893
ELOVL3,2,0,0.32144786601836844
ELSPBP1,2,0,0.014046461372231226
EMILIN3,1,0,0.09832522960561858
EMR1,2,0,0.010264721772015126
EMR2,2,0,0.2215018908698001
EMR3,2,0,0.027282549972987576
EN1,2,0,0.12344678552133982
ENAM,2,0,0.005672609400324149
ENPEP,2,0,0.013776337115072933
ENPP3,2,0,0.10453808752025932
ENSAP3,2,0,0.4538087520259319
ENTHD1,2,0,0.02485143165856294
ENTPD1,2,0,0.4848730415991356
ENTPD8,1,0,0.029983792544570502
EOMES,2,0,0.09913560237709346
EP400NL,1,0,0.2947055645596975
EPAG,1,0,0.02377093462992977
EPB42,2,0,0.0940032414910859
EPGN,2,0,0.008914100486223663
EPHA2,2,0,0.01350621285791464
EPHB4,2,0,0.43841166936790926
EPO,2,0,0.01917882225823879
EPPK1,2,0,0.2909238249594814
EPS8L1,2,0,0.3619665045921124
EPS8L3,2,0,0.03835764451647758
EPX,2,0,0.00945434900054025
EPYC,2,0,0.004592112371690978
ERAF,2,0,0.010804970286331712
ERCC6L,2,0,0.021609940572663425
EREG,2,0,0.02485143165856294
ERMAP,2,0,0.1428957320367369
ERN1,2,0,0.04862236628849271
ERP27,2,0,0.007563479200432199
ERVMER34-1,1,0,0.03727714748784441
ERVWE1,3,0,0.2036736898973528
ESCO2,3,0,0.024581307401404646
ESR2,2,0,0.04294975688816856
ESRP1,2,0,0.017828200972447326
ESX1,2,0,0.01539708265802269
ETNK2,2,0,0.1690977849810913
ETV3L,2,0,0.006482982171799027
ETV4,2,0,0.08698001080497028
ETV7,2,0,0.08562938951917883
EVC,2,0,0.10372771474878444
EVC2,2,0,0.020529443544030253
EVX2,1,0,0.01431658562938952
EXD1,1,0,0.23203673689897353
EXO1,2,0,0.11318206374932469
EYS,3,0,0.009184224743381956
F11,2,0,0.4829821717990275
F13B,2,0,0.015667206915180983
F2,2,0,0.1085899513776337
F2RL2,2,0,0.17585089141004862
F2RL3,3,0,0.4932468935710427
F5,2,0,0.3897893030794165
F9,2,0,0.10561858454889249
FABP12,2,0,0.007833603457590491
FABP2,2,0,0.007023230686115613
FABP4,2,0,0.3149648838465694
FABP9,2,0,0.018368449486763912
FAIM3,1,0,0.3527822798487304
FAM110C,2,0,0.39681253376553216
FAM111B,2,0,0.005132360886007563
FAM112A,3,0,0.006212857914640735
FAM124B,2,0,0.3465694219340897
FAM129C,3,0,0.16342517558076716
FAM12A,2,0,0.34521880064829824
FAM12B,2,0,0.004592112371690978
FAM151A,2,0,0.17936250675310642
FAM154A,3,0,0.0451107509454349
FAM166B,2,0,0.01917882225823879
FAM169B,2,0,0.005942733657482442
FAM170A,2,0,0.019989195029713667
FAM175A,3,0,0.47568881685575365
FAM176A,2,0,0.009994597514856833
FAM177B,2,0,0.01431658562938952
FAM183A,2,0,0.17423014586709887
FAM186A,2,0,0.004321988114532685
FAM188B2,1,0,0.017017828200972446
FAM197Y2P,1,0,0.01755807671528903
FAM197Y3,1,0,0.006482982171799027
FAM197Y9,1,0,0.0008103727714748784
FAM19A3,2,0,0.12560777957860617
FAM201B,3,0,0.46947595894111294
FAM205B,1,0,0.009184224743381956
FAM205CP,2,0,0.008914100486223663
FAM223A,2,0,0.018098325229605618
FAM22D,2,0,0.08481901674770394
FAM22E,5,0,0.364397622906537
FAM22F,1,0,0.0823878984332793
FAM22G,1,0,0.02025931928687196
FAM23A,2,0,0.044840626688276604
FAM24A,2,0,0.13668287412209618
FAM25C,1,0,0.25742841707185304
FAM26D,2,0,0.01350621285791464
FAM26E,2,0,0.02377093462992977
FAM27L,1,0,0.17585089141004862
FAM38A,1,0,0.04430037817396002
FAM3D,2,0,0.34467855213398163
FAM41AY2,1,0,0.0451107509454349
FAM41C,1,0,0.027282549972987576
FAM46B,2,0,0.05672609400324149
FAM46C,2,0,0.01539708265802269
FAM46D,2,0,0.004051863857374392
FAM47A,2,0,0.008914100486223663
FAM47B,2,0,0.007833603457590491
FAM48B1,3,0,0.16531604538087522
FAM48B2,1,0,0.007833603457590491
FAM53A,2,0,0.0823878984332793
FAM54A,2,0,0.08184764991896272
FAM55A,2,0,0.08400864397622906
FAM55B,3,0,0.01431658562938952
FAM55D,3,0,0.018368449486763912
FAM64A,2,0,0.49513776337115073
FAM71A,2,0,0.023500810372771474
FAM71B,2,0,0.020529443544030253
FAM71C,2,0,0.004862236628849271
FAM71E2,2,0,0.012695840086439762
FAM74A1,2,0,0.1050783360345759
FAM74A2,1,0,0.025391680172879523
FAM74A3,1,0,0.014856834143706105
FAM74A4,1,0,0.036736898973527825
FAM75A2,4,0,0.320097244732577
FAM75A3,1,0,0.02971366828741221
FAM75A4,1,0,0.22798487304159915
FAM75C1,1,0,0.17125877903835765
FAM75D3,2,0,0.026202052944354404
FAM75D5,1,0,0.004862236628849271
FAM81B,2,0,0.09913560237709346
FAM83A,3,0,0.04754186925985954
FAM83B,2,0,0.007833603457590491
FAM83C,2,0,0.012965964343598054
FAM83D,2,0,0.29956780118854676
FAM83F,2,0,0.02782279848730416
FAM83G,2,0,0.024581307401404646
FAM92B,2,0,0.12587790383576444
FAM95B1,1,0,0.24743381955699623
FAM9A,2,0,0.011885467314964884
FAM9C,2,0,0.04700162074554295
FASLG,2,0,0.012155591572123177
FAT2,2,0,0.37385197190707725
FAT4,2,0,0.21123716909778498
FATE1,2,0,0.05753646677471637
FBN2,3,0,0.013236088600756347
FBP1,2,0,0.43706104808211776
FBP2,2,0,0.019448946515397084
FBXL13,1,0,0.3041599135602377
FBXL19-AS1,2,0,0.3268503511615343
FBXL21,2,0,0.12614802809292275
FBXO39,2,0,0.0016207455429497568
FBXO43,2,0,0.13695299837925445
FBXO47,2,0,0.005942733657482442
FBXW10,4,0,0.4119394921663965
FBXW12,2,0,0.4481361426256078
FBXW8,2,0,0.3038897893030794
FCAMR,3,0,0.3460291734197731
FCAR,3,0,0.025121555915721232
FCER1A,2,0,0.06131820637493247
FCGR2B,2,0,0.13749324689357104
FCGR3B,1,0,0.47866018368449487
FCN1,3,0,0.48352242031334414
FCN2,2,0,0.04700162074554295
FCRL1,2,0,0.04457050243111831
FCRL2,2,0,0.05861696380334954
FCRL3,2,0,0.005672609400324149
FCRL4,3,0,0.014856834143706105
FCRL5,2,0,0.10480821177741761
FCRL6,2,0,0.06942193408968125
FCRLA,2,0,0.1012965964343598
FDPSL2A,1,0,0.008914100486223663
FDXACB1,2,0,0.08184764991896272
FER1L5,4,0,0.11534305780659103
FER1L6,2,0,0.005672609400324149
FER1L6-AS2,1,0,0.0189086980010805
FERD3L,2,0,0.48271204754186925
FERMT3,2,0,0.19962182603997838
FETUB,2,0,0.06131820637493247
FEV,2,0,0.10994057266342518
FEZF1,2,0,0.18584548892490546
FFAR2,2,0,0.09130199891950297
FGA,4,0,0.07050243111831442
FGB,2,0,0.01917882225823879
FGF10,2,0,0.06726094003241491
FGF11,2,0,0.02106969205834684
FGF16,2,0,0.045650999459751485
FGF19,2,0,0.006482982171799027
FGF20,2,0,0.32982171799027554
FGF21,2,0,0.06050783360345759
FGF22,2,0,0.47271745002701243
FGF23,2,0,0.1728795245813074
FGF4,2,0,0.10561858454889249
FGF5,3,0,0.23176661264181522
FGF6,2,0,0.19881145326850352
FGFBP1,2,0,0.061048082117774176
FGFBP2,2,0,0.2098865478119935
FGG,1,0,0.023230686115613183
FGL1,2,0,0.47028633171258777
FHAD1,3,0,0.16639654240950838
FHDC1,2,0,0.381955699621826
FIGLA,2,0,0.025661804430037818
FKBP6,3,0,0.08860075634792004
FKSG29,1,0,0.01350621285791464
FLG,3,0,0.04835224203133441
FLG2,2,0,0.015937331172339277
FLJ13744,1,0,0.00864397622906537
FLJ20518,2,0,0.02106969205834684
FLJ25758,3,0,0.004051863857374392
FLJ27352,1,0,0.005132360886007563
FLJ30679,2,0,0.006212857914640735
FLJ31715,1,0,0.004862236628849271
FLJ32154,2,0,0.04835224203133441
FLJ32742,1,0,0.004862236628849271
FLJ34521,1,0,0.023230686115613183
FLJ35934,3,0,0.1461372231226364
FLJ36000,2,0,0.005132360886007563
FLJ37201,2,0,0.18638573743922204
FLJ37396,2,0,0.014856834143706105
FLJ38576,1,0,0.36601836844948676
FLJ38668,1,0,0.20907617504051865
FLJ40292,2,0,0.24743381955699623
FLJ40453,1,0,0.006212857914640735
FLJ40536,1,0,0.0021609940572663426
FLJ40712,1,0,0.032955159373311727
FLJ41350,1,0,0.08103727714748785
FLJ45079,2,0,0.11345218800648298
FLJ45248,1,0,0.05564559697460832
FLJ45482,2,0,0.0788762830902215
FLJ45513,1,0,0.1615343057806591
FLJ90680,2,0,0.005132360886007563
FLVCR2,2,0,0.011345218800648298
FMO1,2,0,0.4743381955699622
FMO3,2,0,0.1836844948676391
FMO4,2,0,0.3927606699081578
FMO9P,2,0,0.02782279848730416
FMR1NB,2,0,0.09751485683414371
FNDC1,2,0,0.10886007563479201
FNDC7,2,0,0.010804970286331712
FNDC8,2,0,0.0037817396002160996
FOLR3,1,0,0.031604538087520256
FOXA1,2,0,0.05456509994597515
FOXB2,2,0,0.09076175040518639
FOXD2,2,0,0.43165856293895194
FOXD4,1,0,0.34467855213398163
FOXI2,2,0,0.021339816315505133
FOXJ1,2,0,0.3633171258779038
FOXM1,2,0,0.06455969746083198
FOXN1,2,0,0.1431658562938952
FOXN4,2,0,0.12965964343598055
FOXP3,2,0,0.010804970286331712
FOXR2,2,0,0.020529443544030253
FPR3,2,0,0.018638573743922204
FREM2,2,0,0.35467314964883845
FRG2,5,0,0.015937331172339277
FRG2C,1,0,0.42787682333873583
FRMD7,2,0,0.01242571582928147
FRMPD1,2,0,0.3935710426796326
FRRS1,2,0,0.01242571582928147
FSCB,2,0,0.21663965424095083
FSCN3,2,0,0.10210696920583469
FSD2,2,0,0.24662344678552134
FSHB,3,0,0.03970826580226904
FSHR,3,0,0.009724473257698542
FSIP2,2,0,0.04862236628849271
FST,2,0,0.3217179902755267
FTH1P14,2,0,0.2547271745002701
FTLP17,1,0,0.008103727714748784
FUT2,2,0,0.15262020529443543
FXYD3,3,0,0.17450027012425715
G6PC2,2,0,0.025661804430037818
GAB3,2,0,0.1307401404646137
GABRA6,3,0,0.1580226904376013
GABRP,3,0,0.45002701242571586
GABRQ,3,0,0.2071853052404106
GABRR1,3,0,0.18260399783900594
GABRR2,2,0,0.01053484602917342
GABRR3,2,0,0.15586169638033495
GADL1,2,0,0.04808211777417612
GAFA2,1,0,0.0037817396002160996
GAFA3,2,0,0.04997298757428417
GAGE10,1,0,0.01242571582928147
GAGE12G,1,0,0.008373851971907077
GAGE12J,1,0,0.031064289573203674
GAGE2C,2,0,0.010804970286331712
GAGE3,1,0,0.005942733657482442
GAGE4,1,0,0.011615343057806591
GAGE6,1,0,0.014046461372231226
GAL3ST2,2,0,0.06645056726094004
GALNT4,2,0,0.2525661804430038
GALNT8,2,0,0.0564559697460832
GALNTL6,3,0,0.30199891950297136
GALR2,3,0,0.49648838465694217
GAPT,2,0,0.041329011345218804
GAS2L2,2,0,0.26445164775796864
GAS2L3,2,0,0.2485143165856294
GATA1,2,0,0.1507293354943274
GATA2,2,0,0.20043219881145327
GATA3,2,0,0.25877903835764454
GATA4,2,0,0.06239870340356564
GATA5,2,0,0.03835764451647758
GATA6,2,0,0.30226904376012964
GBA3,3,0,0.35764451647757967
GBGT1,2,0,0.41788222582387896
GBP1,2,0,0.3500810372771475
GBP5,2,0,0.13722312263641276
GBP6,1,0,0.14424635332252836
GBP7,2,0,0.23176661264181522
GBX1,2,0,0.048892490545651
GBX2,2,0,0.21528903295515936
GC,2,0,0.011615343057806591
GCET2,2,0,0.02377093462992977
GCG,2,0,0.011615343057806591
GCGR,2,0,0.13614262560777957
GCH1,5,0,0.35467314964883845
GCKR,2,0,0.0791464073473798
GCM2,2,0,0.06347920043219882
GCNT2,1,0,0.08265802269043761
GCNT3,2,0,0.046461372231226365
GCNT7,2,0,0.023500810372771474
GCOM1,2,0,0.364397622906537
GDF2,2,0,0.060237709346299295
GDF3,2,0,0.015667206915180983
GDF6,2,0,0.2685035116153431
GDF9,2,0,0.009184224743381956
GDPD4,2,0,0.08049702863317126
GFI1,3,0,0.012965964343598054
GFI1B,2,0,0.2714748784440843
GHRH,2,0,0.17909238249594814
GHRLOS2,2,0,0.4662344678552134
GIF,2,0,0.01539708265802269
GINS1,2,0,0.28903295515937333
GINS4,2,0,0.10642895732036736
GIP,2,0,0.11885467314964884
GIPC2,2,0,0.010264721772015126
GIPC3,2,0,0.24338195569962182
GJA10,2,0,0.36925985953538626
GJA3,2,0,0.01350621285791464
GJA5,3,0,0.0829281469475959
GJB2,2,0,0.2063749324689357
GJB4,2,0,0.024311183144246355
GJB5,2,0,0.33225283630470015
GJC3,2,0,0.02188006482982172
GJD2,2,0,0.12614802809292275
GJD4,3,0,0.28065910318746623
GK2,2,0,0.009994597514856833
GKN2,2,0,0.01242571582928147
GLB1L2,2,0,0.23933009184224743
GLB1L3,2,0,0.3827660723933009
GLI2,2,0,0.25661804430037816
GLIPR1L1,2,0,0.012155591572123177
GLOD5,4,0,0.03943814154511075
GLP1R,2,0,0.01350621285791464
GLRA1,2,0,0.11642355483522421
GLRA4,2,0,0.008914100486223663
GLT6D1,2,0,0.00675310642895732
GLYAT,4,0,0.0864397622906537
GLYATL1,2,0,0.2701242571582928
GLYATL1P2,1,0,0.03565640194489465
GLYATL2,2,0,0.08914100486223663
GLYATL3,2,0,0.020799567801188548
GLYCAM1,2,0,0.03322528363047002
GML,2,0,0.47244732576985415
GNAT1,2,0,0.019989195029713667
GNAT2,2,0,0.004321988114532685
GNAT3,2,0,0.010264721772015126
GNGT1,2,0,0.011075094543490005
GNGT2,2,0,0.06537007023230686
GNMT,2,0,0.3427876823338736
GNRHR,2,0,0.09724473257698542
GOT1L1,2,0,0.05672609400324149
GP1BA,3,0,0.1091301998919503
GP2,2,0,0.0032414910858995136
GP5,2,0,0.004592112371690978
GP6,2,0,0.1882766072393301
GPA33,2,0,0.24365207995678012
GPC3,2,0,0.07995678011885467
GPR1,2,0,0.09508373851971907
GPR101,2,0,0.07590491626148028
GPR110,4,0,0.17152890329551593
GPR111,2,0,0.44543490005402486
GPR112,2,0,0.004592112371690978
GPR113,3,0,0.14802809292274446
GPR115,2,0,0.021339816315505133
GPR116P1,2,0,0.4097784981091302
GPR128,2,0,0.005132360886007563
GPR133,2,0,0.342247433819557
GPR141,2,0,0.004592112371690978
GPR148,2,0,0.05915721231766612
GPR15,2,0,0.2963263101026472
GPR151,2,0,0.009994597514856833
GPR160,2,0,0.4235548352242031
GPR174,2,0,0.06996218260399784
GPR18,3,0,0.0189086980010805
GPR21,2,0,0.4543490005402485
GPR27,2,0,0.4438141545110751
GPR31,2,0,0.12668827660723933
GPR32,2,0,0.3719611021069692
GPR35,2,0,0.06672069151809833
GPR45,2,0,0.11885467314964884
GPR50,2,0,0.037817396002161
GPR50-AS1,1,0,0.011885467314964884
GPR55,2,0,0.002971366828741221
GPR63,2,0,0.2830902215018909
GPR64,2,0,0.05159373311723393
GPR65,2,0,0.03241491085899514
GPR77,1,0,0.03727714748784441
GPR82,2,0,0.00675310642895732
GPR84,2,0,0.07347379794705565
GPR87,2,0,0.014586709886547812
GPR97,2,0,0.09994597514856834
GPRC5A,2,0,0.012695840086439762
GPRC5D,2,0,0.08211777417612101
GPRC6A,2,0,0.03457590491626148
GPRIN3,2,0,0.48568341437061047
GPX2,2,0,0.48946515397082657
GPX6,2,0,0.0189086980010805
GPX8,3,0,0.10453808752025932
GRAMD2,3,0,0.48028092922744464
GRAP2,2,0,0.005942733657482442
GRAPL,1,0,0.005672609400324149
GRHL1,2,0,0.19421934089681253
GRHL3,2,0,0.11804430037817396
GRID2IP,2,0,0.18071312803889789
GRK1,2,0,0.028363047001620744
GRK7,2,0,0.025661804430037818
GRM6,3,0,0.38006482982171796
GRTP1,2,0,0.31037277147487846
GRXCR1,2,0,0.009184224743381956
GRXCR2,2,0,0.05861696380334954
GSC,2,0,0.015937331172339277
GSC2,2,0,0.21745002701242572
GSDMA,2,0,0.019719070772555376
GSDMC,2,0,0.012965964343598054
GSDMD,2,0,0.3881685575364668
GSG1,3,0,0.47541869259859537
GSG2,3,0,0.47541869259859537
GSN-AS1,1,0,0.005402485143165856
GSTA1,2,0,0.2714748784440843
GSTA2,1,0,0.1547811993517018
GSTA3,2,0,0.10021609940572664
GSTA5,2,0,0.17693138843868178
GSTTP1,2,0,0.010804970286331712
GSX2,2,0,0.028363047001620744
GTSE1,2,0,0.012965964343598054
GTSF1,2,0,0.06428957320367369
GUCA1A,2,0,0.10480821177741761
GUCA1C,2,0,0.02971366828741221
GUCY1B2,2,0,0.05753646677471637
GUCY2C,2,0,0.01431658562938952
GUCY2D,1,0,0.02890329551593733
GUCY2F,2,0,0.3876283090221502
GUCY2GP,3,0,0.2325769854132901
GUSBP10,1,0,0.03322528363047002
GUSBP5,2,0,0.012965964343598054
GYPB,5,0,0.3878984332793085
GYPE,1,0,0.4613722312263641
GYS2,2,0,0.019989195029713667
GZMA,2,0,0.15937331172339275
GZMK,2,0,0.011885467314964884
H19,1,0,0.04808211777417612
H1FOO,2,0,0.05807671528903296
H2AFB1,1,0,0.09643435980551053
H2BFWT,2,0,0.0032414910858995136
HAL,2,0,0.002971366828741221
HAND1,3,0,0.08265802269043761
HAO1,2,0,0.03835764451647758
HAO2,3,0,0.004592112371690978
HAPLN3,2,0,0.20934629929767692
HAS1,2,0,0.23392760669908158
HAS2,2,0,0.013776337115072933
HAS3,2,0,0.39303079416531606
HAUS5,2,0,0.4100486223662885
HAVCR1,2,0,0.011345218800648298
HAVCR1P1,1,0,0.0021609940572663426
HBBP1,2,0,0.23446785521339816
HBE1,2,0,0.2576985413290113
HCAR1,3,0,0.24581307401404645
HCAR3,1,0,0.2685035116153431
HCG22,2,0,0.4997298757428417
HCG26,1,0,0.019448946515397084
HCG27,2,0,0.19286871961102106
HCG4B,2,0,0.06185845488924906
HCG9,2,0,0.4151809832522961
HCP5B,1,0,0.02971366828741221
HCRTR2,2,0,0.11696380334954079
HEATR7B1,2,0,0.007833603457590491
HEATR7B2,2,0,0.008373851971907077
HELT,2,0,0.02106969205834684
HEMGN,3,0,0.01539708265802269
HEPACAM2,3,0,0.018098325229605618
HEPHL1,2,0,0.004051863857374392
HES2,4,0,0.009724473257698542
HES3,2,0,0.014586709886547812
HESX1,2,0,0.24311183144246354
HEXA-AS1,2,0,0.08941112911939492
HFE,6,0,0.2360886007563479
HFE2,5,0,0.029443544030253916
HFM1,2,0,0.2917341977309562
HGFAC,2,0,0.17260940032414912
HHIPL2,2,0,0.28336034575904917
HHLA2,2,0,0.49864937871420856
HIC1,2,0,0.30578065910318747
HIGD1C,2,0,0.030253916801728797
HIPK2,2,0,0.03970826580226904
HIPK4,2,0,0.008103727714748784
HIST1H1B,2,0,0.06482982171799027
HIST1H1T,2,0,0.05915721231766612
HIST1H2AA,2,0,0.45407887628309024
HIST1H2AL,2,0,0.0564559697460832
HIST1H2BA,2,0,0.01053484602917342
HIST1H3I,2,0,0.37925445705024313
HIST1H4G,2,0,0.060777957860615885
HIST2H2BA,1,0,0.04970286331712588
HJURP,2,0,0.014046461372231226
HK3,2,0,0.03646677471636953
HLA-DQA2,2,0,0.46434359805510533
HLA-DRB6,2,0,0.019448946515397084
HLX,2,0,0.04267963263101027
HMCN1,2,0,0.1469475958941113
HMCN2,2,0,0.12317666126418152
HMGA2,4,0,0.39303079416531606
HMGB3P24,1,0,0.12236628849270664
HMGB3P30,2,0,0.25040518638573744
HMGB4,3,0,0.11615343057806592
HMMR,1,0,0.1612641815235008
HMSD,2,0,0.4600216099405727
HNF1B,2,0,0.18962722852512157
HNF4A,4,0,0.25040518638573744
HNF4G,2,0,0.005942733657482442
HORMAD1,2,0,0.1620745542949757
HORMAD2,2,0,0.09076175040518639
HOTAIR,2,0,0.002971366828741221
HOXA1,2,0,0.03862776877363587
HOXA10,2,0,0.011615343057806591
HOXA11,2,0,0.31118314424635335
HOXA11-AS1,2,0,0.004321988114532685
HOXA13,2,0,0.0037817396002160996
HOXA2,2,0,0.11399243652079957
HOXA4,3,0,0.16396542409508374
HOXA6,2,0,0.097784981091302
HOXA7,2,0,0.14046461372231225
HOXA9,2,0,0.004321988114532685
HOXB1,2,0,0.005672609400324149
HOXB2,2,0,0.16369529983792544
HOXB4,2,0,0.33684494867639114
HOXB5,2,0,0.09724473257698542
HOXB6,3,0,0.3527822798487304
HOXB8,2,0,0.0189086980010805
HOXB9,2,0,0.10750945434900054
HOXC10,2,0,0.004592112371690978
HOXC11,3,0,0.2830902215018909
HOXC12,2,0,0.49081577525661807
HOXC13,2,0,0.010804970286331712
HOXC5,2,0,0.08968125337655321
HOXC6,3,0,0.08022690437601297
HOXC8,2,0,0.011075094543490005
HOXC9,2,0,0.041869259859535386
HOXD10,2,0,0.023230686115613183
HOXD11,2,0,0.2439222042139384
HOXD12,2,0,0.022420313344138302
HOXD13,2,0,0.010264721772015126
HOXD3,2,0,0.23500810372771475
HOXD4,2,0,0.019448946515397084
HPD,2,0,0.10372771474878444
HPSE,3,0,0.1658562938951918
HPX,2,0,0.23527822798487305
HPX-2,1,0,0.1650459211237169
HR44,1,0,0.004592112371690978
HRASLS2,2,0,0.3673689897352782
HRCT1,2,0,0.4281469475958941
HRG,1,0,0.03565640194489465
HRNR,2,0,0.008103727714748784
HS3ST3B1,3,0,0.11210156672069152
HS3ST6,2,0,0.041329011345218804
HSD17B13,3,0,0.09130199891950297
HSD17B2,2,0,0.016477579686655863
HSD3B1,2,0,0.024311183144246355
HSD3B2,2,0,0.019448946515397084
HSD3BP5,2,0,0.04240950837385197
HSF2BP,2,0,0.2709346299297677
HSF5,2,0,0.015126958400864398
HSFY2,3,0,0.002701242571582928
HSH2D,2,0,0.04943273905996758
HSP90B3P,1,0,0.07401404646137223
HSPB7,2,0,0.14856834143706105
HSPG2,4,0,0.060777957860615885
HTA,2,0,0.250945434900054
HTN1,2,0,0.005672609400324149
HTN3,2,0,0.016747703943814155
HTR1B,3,0,0.26418152350081037
HTR1D,13,0,0.41112911939492164
HTR2B,11,0,0.16963803349540788
HTR3A,5,0,0.4319286871961102
HTR3D,5,0,0.00945434900054025
HTR3E,3,0,0.014586709886547812
HTR6,2,0,0.4173419773095624
HTRA4,2,0,0.02593192868719611
HYAL1,3,0,0.49729875742841706
HYAL4,2,0,0.00864397622906537
HYMAI,1,0,0.05888708806050783
IBSP,2,0,0.08914100486223663
ICAM1,2,0,0.4421934089681253
ICOS,2,0,0.014856834143706105
IDO1,2,0,0.3341437061048082
IDO2,2,0,0.018368449486763912
IFIT1L,2,0,0.018098325229605618
IFLTD1,6,0,0.04403025391680173
IFNA1,2,0,0.39222042139384117
IFNA10,1,0,0.025121555915721232
IFNA16,2,0,0.4219340896812534
IFNA2,1,0,0.004592112371690978
IFNA21,1,0,0.013236088600756347
IFNA5,1,0,0.019989195029713667
IFNA6,1,0,0.004862236628849271
IFNA8,1,0,0.0024311183144246355
IFNB1,2,0,0.004051863857374392
IFNE,2,0,0.07428417071853052
IFNG,2,0,0.004321988114532685
IFNK,2,0,0.008373851971907077
IFNW1,2,0,0.008914100486223663
IGF2BP1,2,0,0.2639113992436521
IGFBP1,2,0,0.1388438681793625
IGFBP4,3,0,0.2860615883306321
IGFL1,2,0,0.024581307401404646
IGFL2,2,0,0.17396002160994056
IGFL4,2,0,0.373581847649919
IGHA1,1,0,0.002971366828741221
IGHG4,1,0,0.0791464073473798
IGHV2-5,1,0,0.012155591572123177
IGHV3OR16-13,1,0,0.01350621285791464
IGHV5-78,1,0,0.014856834143706105
IGJ,2,0,0.3184764991896272
IGLV6-57,1,0,0.023230686115613183
IGSF10,2,0,0.19719070772555375
IGSF2,2,0,0.019989195029713667
IGSF5,2,0,0.3230686115613182
IHH,2,0,0.27579686655861696
IKBKE,2,0,0.04808211777417612
IKZF1,2,0,0.08914100486223663
IKZF3,5,0,0.022690437601296597
IL10,3,0,0.05186385737439222
IL12A,2,0,0.02863317125877904
IL12B,2,0,0.037817396002161
IL12RB1,2,0,0.4130199891950297
IL12RB2,2,0,0.47514856834143704
IL13,2,0,0.02377093462992977
IL16,2,0,0.24014046461372232
IL17A,2,0,0.14154511075094545
IL17B,2,0,0.01431658562938952
IL17C,2,0,0.17531064289573203
IL17F,2,0,0.025661804430037818
IL18,2,0,0.4103187466234468
IL18R1,2,0,0.39222042139384117
IL18RAP,2,0,0.009184224743381956
IL19,3,0,0.009994597514856833
IL1A,2,0,0.03403565640194489
IL1F10,2,0,0.14937871420853593
IL1F5,2,0,0.006212857914640735
IL1F7,4,0,0.3268503511615343
IL1F8,2,0,0.3349540788762831
IL1F9,2,0,0.011345218800648298
IL1R1,2,0,0.3408968125337655
IL1R2,2,0,0.02863317125877904
IL1RL1,2,0,0.008373851971907077
IL1RL2,2,0,0.18962722852512157
IL1RN,2,0,0.01242571582928147
IL2,2,0,0.005942733657482442
IL20,2,0,0.02782279848730416
IL20RA,2,0,0.37817396002160997
IL20RB,2,0,0.3941112911939492
IL21,2,0,0.037007023230686116
IL22,2,0,0.004321988114532685
IL22RA1,2,0,0.011885467314964884
IL22RA2,3,0,0.11993517017828201
IL23R,2,0,0.004592112371690978
IL24,2,0,0.007833603457590491
IL25,3,0,0.015667206915180983
IL29,2,0,0.025121555915721232
IL2RA,2,0,0.04349000540248514
IL2RG,2,0,0.01539708265802269
IL3,2,0,0.006212857914640735
IL31,2,0,0.2857914640734738
IL31RA,2,0,0.018638573743922204
IL36A,2,0,0.07401404646137223
IL4,3,0,0.01431658562938952
IL5,2,0,0.025661804430037818
IL5RA,3,0,0.013776337115072933
IL6,2,0,0.08806050783360346
IL7,2,0,0.07374392220421394
IL8,2,0,0.10831982712047541
IL8RA,2,0,0.10696920583468396
IL8RB,2,0,0.00945434900054025
IL9,1,0,0.005672609400324149
INGX,2,0,0.18179362506753105
INHBE,2,0,0.22717450027012426
INMT,1,0,0.006212857914640735
INS,3,0,0.2755267423014587
INSC,2,0,0.032955159373311727
INSL4,2,0,0.4438141545110751
INSL5,2,0,0.1766612641815235
INSL6,2,0,0.02215018908698001
INSRR,2,0,0.02593192868719611
IQCC,2,0,0.3827660723933009
IQCF1,2,0,0.02674230145867099
IQCF2,2,0,0.17801188546731497
IQCF3,2,0,0.37412209616423553
IQCF5,1,0,0.0016207455429497568
IQCF6,2,0,0.024581307401404646
IQGAP2,2,0,0.19043760129659643
IRAK3,2,0,0.48271204754186925
IRF1,2,0,0.35089141004862234
IRF4,2,0,0.012155591572123177
IRF6,2,0,0.11993517017828201
IRGM,2,0,0.02971366828741221
IRS4,2,0,0.03268503511615343
IRX2,2,0,0.4119394921663965
IRX6,3,0,0.12938951917882227
ISL2,2,0,0.011075094543490005
ITGA10,2,0,0.02890329551593733
ITGA4,3,0,0.43165856293895194
ITGAD,2,0,0.38843868179362506
ITGAL,2,0,0.3006482982171799
ITGB1BP3,2,0,0.009184224743381956
ITGB3,2,0,0.21393841166936792
ITGB6,2,0,0.007293354943273906
ITGBL1,2,0,0.4862236628849271
ITIH2,2,0,0.315505132360886
ITIH3,2,0,0.3014586709886548
ITIH5L,2,0,0.2101566720691518
ITK,2,0,0.02106969205834684
ITLN1,2,0,0.015126958400864398
ITLN2,2,0,0.024311183144246355
ITPK1-AS1,1,0,0.013236088600756347
IZUMO1,2,0,0.04943273905996758
JSRP1,2,0,0.04240950837385197
JUB,3,0,0.16531604538087522
KANK2,2,0,0.013236088600756347
KBTBD5,2,0,0.03862776877363587
KCNA10,2,0,0.05348460291734198
KCNA7,3,0,0.041869259859535386
KCNE1,3,0,0.11993517017828201
KCNE2,2,0,0.4516477579686656
KCNE3,3,0,0.32982171799027554
KCNG2,2,0,0.2898433279308482
KCNG4,2,0,0.3254997298757428
KCNJ1,3,0,0.3249594813614263
KCNJ13,4,0,0.4581307401404646
KCNJ15,3,0,0.27363587250135063
KCNJ2-AS1,2,0,0.2779578606158833
KCNJ5,3,0,0.3006482982171799
KCNK13,3,0,0.14559697460831983
KCNK16,2,0,0.014046461372231226
KCNK17,3,0,0.06185845488924906
KCNK18,2,0,0.005942733657482442
KCNMB3,2,0,0.34008643976229064
KCNQ4,4,0,0.39681253376553216
KCNU1,2,0,0.011345218800648298
KCP,2,0,0.04997298757428417
KCTD19,2,0,0.036736898973527825
KDELC2,1,0,0.38006482982171796
KEL,2,0,0.02701242571582928
KERA,2,0,0.027552674230145867
KIAA0040,2,0,0.03538627768773636
KIAA0101,1,0,0.4019448946515397
KIAA0125,2,0,0.0864397622906537
KIAA0922,2,0,0.23851971907077255
KIAA1024L,2,0,0.052133981631550516
KIAA1210,2,0,0.022420313344138302
KIAA1530,2,0,0.35224203133441384
KIAA1549,2,0,0.47028633171258777
KIF12,2,0,0.4705564559697461
KIF14,2,0,0.013776337115072933
KIF18A,2,0,0.012965964343598054
KIF18B,2,0,0.15180983252296057
KIF20B,2,0,0.15316045380875204
KIF24,2,0,0.17855213398163156
KIF2B,2,0,0.005402485143165856
KIF7,2,0,0.33927606699081575
KIFC1,2,0,0.18071312803889789
KIR2DL1,1,0,0.018098325229605618
KIR2DL4,2,0,0.09940572663425176
KIR2DL5B,2,0,0.008914100486223663
KIR2DS4,5,0,0.046731496488384656
KIR3DL1,2,0,0.1580226904376013
KIR3DL2,2,0,0.004592112371690978
KIR3DL3,2,0,0.462182603997839
KIR3DP1,2,0,0.40005402485143166
KIR3DX1,1,0,0.002971366828741221
KL,2,0,0.2563479200432199
KLB,3,0,0.05483522420313344
KLF17,2,0,0.031064289573203674
KLF17P1,1,0,0.008914100486223663
KLF5,2,0,0.4629929767693139
KLF6,1,0,0.016477579686655863
KLHDC7B,2,0,0.2225823878984333
KLHL10,2,0,0.03943814154511075
KLHL14,3,0,0.12668827660723933
KLHL17,1,0,0.4089681253376553
KLHL29,2,0,0.250945434900054
KLHL30,2,0,0.05294435440302539
KLHL30-AS1,1,0,0.009184224743381956
KLHL31,2,0,0.15180983252296057
KLHL38,2,0,0.005132360886007563
KLHL6,2,0,0.14451647757968666
KLK1,2,0,0.059967585089141004
KLK11,2,0,0.046191247974068074
KLK13,2,0,0.012695840086439762
KLK4,2,0,0.16045380875202594
KLRB1,2,0,0.13614262560777957
KLRD1,3,0,0.013776337115072933
KLRF1,2,0,0.020529443544030253
KLRG2,2,0,0.0037817396002160996
KNCN,2,0,0.21123716909778498
KPNA7,1,0,0.005672609400324149
KPRP,2,0,0.07698541329011345
KRT1,2,0,0.07617504051863858
KRT12,2,0,0.005132360886007563
KRT13,2,0,0.15262020529443543
KRT16,1,0,0.040788762830902214
KRT16P2,3,0,0.4851431658562939
KRT18P26,1,0,0.4616423554835224
KRT2,2,0,0.005402485143165856
KRT20,2,0,0.007563479200432199
KRT23,2,0,0.013236088600756347
KRT24,2,0,0.10967044840626688
KRT25,2,0,0.06482982171799027
KRT26,2,0,0.006212857914640735
KRT27,2,0,0.02593192868719611
KRT28,2,0,0.03430578065910319
KRT32,2,0,0.19448946515397084
KRT33A,2,0,0.15153970826580226
KRT33B,2,0,0.45948136142625606
KRT34,2,0,0.1307401404646137
KRT35,2,0,0.01917882225823879
KRT36,2,0,0.03943814154511075
KRT37,2,0,0.005402485143165856
KRT38,2,0,0.17423014586709887
KRT39,2,0,0.10967044840626688
KRT4,2,0,0.11318206374932469
KRT40,2,0,0.005942733657482442
KRT5,2,0,0.25283630470016205
KRT6A,2,0,0.03079416531604538
KRT6B,1,0,0.005402485143165856
KRT6C,2,0,0.2552674230145867
KRT7,2,0,0.37061048082117776
KRT72,3,0,0.02701242571582928
KRT73,2,0,0.005672609400324149
KRT74,2,0,0.01242571582928147
KRT75,2,0,0.009994597514856833
KRT76,2,0,0.046191247974068074
KRT77,2,0,0.03511615343057806
KRT79,2,0,0.017828200972447326
KRT80,3,0,0.026202052944354404
KRT82,2,0,0.002701242571582928
KRT84,2,0,0.014046461372231226
KRT8P41,3,0,0.4692058346839546
KRT8P45,2,0,0.08454889249054565
KRTAP1-1,2,0,0.02971366828741221
KRTAP1-4,1,0,0.09076175040518639
KRTAP1-5,2,0,0.007293354943273906
KRTAP10-4,1,0,0.040788762830902214
KRTAP10-7,2,0,0.1094003241491086
KRTAP11-1,2,0,0.2531064289573204
KRTAP13-3,2,0,0.004321988114532685
KRTAP13P2,2,0,0.031874662344678555
KRTAP15-1,2,0,0.005132360886007563
KRTAP19-4,2,0,0.21745002701242572
KRTAP19-6,2,0,0.031874662344678555
KRTAP19-7,2,0,0.4397622906537007
KRTAP2-2,1,0,0.002701242571582928
KRTAP20-3,2,0,0.18611561318206374
KRTAP21-2,2,0,0.1801728795245813
KRTAP24-1,2,0,0.0035116153430578066
KRTAP25-1,2,0,0.021609940572663425
KRTAP26-1,2,0,0.08616963803349541
KRTAP27-1,2,0,0.017017828200972446
KRTAP3-1,2,0,0.41950297136682874
KRTAP3-3,2,0,0.009724473257698542
KRTAP4-3,2,0,0.1880064829821718
KRTAP4-4,2,0,0.3895191788222582
KRTAP4-5,2,0,0.10264721772015127
KRTAP4-6,2,0,0.031874662344678555
KRTAP4-7,1,0,0.004862236628849271
KRTAP4-9,1,0,0.0032414910858995136
KRTAP5-4,2,0,0.08725013506212857
KRTAP5-5,1,0,0.06834143706104809
KRTAP7-1,2,0,0.011345218800648298
KRTAP9-3,2,0,0.046461372231226365
KRTDAP,2,0,0.1774716369529984
KY,2,0,0.3889789303079417
LACRT,2,0,0.13614262560777957
LAD1,2,0,0.016747703943814155
LAIR2,2,0,0.2109670448406267
LAMB4,2,0,0.016747703943814155
LAMP3,2,0,0.006212857914640735
LASS3,2,0,0.004862236628849271
LBP,2,0,0.016747703943814155
LCA5L,2,0,0.05888708806050783
LCE1B,2,0,0.004592112371690978
LCE2B,2,0,0.01053484602917342
LCE3B,2,0,0.32198811453268505
LCE3D,1,0,0.041869259859535386
LCE4A,2,0,0.25823878984332793
LCK,3,0,0.07725553754727174
LCN1,2,0,0.15207995678011885
LCN10,2,0,0.0032414910858995136
LCN1P1,1,0,0.00864397622906537
LCN2,2,0,0.005942733657482442
LCN8,3,0,0.46812533765532144
LCN9,2,0,0.05834683954619125
LCT,2,0,0.09886547811993517
LCTL,1,0,0.041329011345218804
LDHAL6B,2,0,0.007833603457590491
LDLRAD1,2,0,0.01620745542949757
LDLRAD2,1,0,0.09076175040518639
LDLRAD3,2,0,0.09724473257698542
LECT2,2,0,0.010804970286331712
LEFTY2,2,0,0.2071853052404106
LELP1,2,0,0.016747703943814155
LEMD1,2,0,0.2258238789843328
LENG9,1,0,0.2852512155591572
LEP,2,0,0.02404105888708806
LEUTX,2,0,0.030253916801728797
LGALS12,4,0,0.34764991896272285
LGALS13,3,0,0.17882225823878983
LGALS16,2,0,0.029983792544570502
LGALS2,2,0,0.48028092922744464
LGALS7B,1,0,0.11939492166396543
LGALS8-AS1,1,0,0.007293354943273906
LGALS9,1,0,0.48325229605618586
LGSN,3,0,0.01431658562938952
LHCGR,2,0,0.004592112371690978
LHFPL1,2,0,0.0564559697460832
LHFPL3-AS2,1,0,0.0024311183144246355
LHX4,2,0,0.008914100486223663
LHX5,2,0,0.012155591572123177
LHX9,3,0,0.28903295515937333
LILRA2,2,0,0.025391680172879523
LILRA3,1,0,0.3557536466774716
LILRA5,3,0,0.014586709886547812
LILRB1,2,0,0.18503511615343057
LILRB2,2,0,0.17125877903835765
LILRB5,2,0,0.1315505132360886
LIM2,2,0,0.0748244192328471
LIMD1,3,0,0.3997839005942734
LIMS3,2,0,0.33684494867639114
LIMS3-LOC440895,1,0,0.004051863857374392
LIN28,2,0,0.31901674770394384
LINC00029,1,0,0.17368989735278229
LINC00032,2,0,0.008914100486223663
LINC00113,2,0,0.002971366828741221
LINC00114,3,0,0.00945434900054025
LINC00161,2,0,0.016747703943814155
LINC00165,1,0,0.04538087520259319
LINC00189,1,0,0.004051863857374392
LINC00202,3,0,0.3490005402485143
LINC00207,2,0,0.04349000540248514
LINC00221,2,0,0.002701242571582928
LINC00238,2,0,0.1539708265802269
LINC00239,2,0,0.2925445705024311
LINC00242,1,0,0.004321988114532685
LINC00256A,2,0,0.21204754186925986
LINC00261,2,0,0.12506753106428958
LINC00277,2,0,0.036736898973527825
LINC00301,2,0,0.011345218800648298
LINC00305,2,0,0.041599135602377095
LINC00307,1,0,0.045921123716909776
LINC00308,1,0,0.0037817396002160996
LINC00310,4,0,0.40626688276607237
LINC00311,1,0,0.0526742301458671
LINC00312,2,0,0.29038357644516477
LINC00313,2,0,0.01917882225823879
LINC00314,2,0,0.0375472717450027
LINC00317,1,0,0.0016207455429497568
LINC00324,2,0,0.38924905456509995
LINC00326,2,0,0.01242571582928147
LINC00328,1,0,0.0037817396002160996
LINC00334,1,0,0.28282009724473256
LINC00337,2,0,0.08454889249054565
LINC00347,1,0,0.03835764451647758
LINC00421,1,0,0.050783360345759046
LINC00442,2,0,0.16639654240950838
LINC00470,3,0,0.1012965964343598
LINC00472,2,0,0.26445164775796864
LINC00474,2,0,0.0035116153430578066
LINC00479,2,0,0.233387358184765
LINC00518,1,0,0.014586709886547812
LINC00520,2,0,0.025661804430037818
LINC00529,1,0,0.022960561858454888
LINC00543,2,0,0.009724473257698542
LINC00545,2,0,0.32982171799027554
LINC00552,2,0,0.08265802269043761
LINC00598,4,0,0.00864397622906537
LINC00602,2,0,0.3038897893030794
LINGO4,2,0,0.2768773635872501
LIPF,2,0,0.004862236628849271
LIPG,2,0,0.38627768773635873
LIPH,2,0,0.43814154511075093
LIPI,2,0,0.08103727714748785
LIPJ,2,0,0.05807671528903296
LIPK,2,0,0.005132360886007563
LIPM,1,0,0.00675310642895732
LLGL1,2,0,0.49081577525661807
LMNB1,2,0,0.20907617504051865
LMOD2,2,0,0.3041599135602377
LMOD3,2,0,0.09859535386277687
LMX1A,3,0,0.4581307401404646
LMX1B,2,0,0.14073473797947056
LOC100009676,2,0,0.2255537547271745
LOC100127886,2,0,0.08427876823338736
LOC100127913,1,0,0.12668827660723933
LOC100127951,1,0,0.006482982171799027
LOC100128009,1,0,0.006482982171799027
LOC100128035,3,0,0.007833603457590491
LOC100128176,1,0,0.0035116153430578066
LOC100128185,2,0,0.060777957860615885
LOC100128219,1,0,0.0016207455429497568
LOC100128392,2,0,0.051323608860075635
LOC100128542,1,0,0.0032414910858995136
LOC100128588,2,0,0.02971366828741221
LOC100128598,1,0,0.06293895191788222
LOC100128816,2,0,0.2260940032414911
LOC100128818,1,0,0.0016207455429497568
LOC100128893,3,0,0.007563479200432199
LOC100128922,2,0,0.02025931928687196
LOC100128993,2,0,0.00675310642895732
LOC100129033,2,0,0.006482982171799027
LOC100129166,1,0,0.016747703943814155
LOC100129194,1,0,0.002701242571582928
LOC100129214,1,0,0.02971366828741221
LOC100129218,1,0,0.004051863857374392
LOC100129417,1,0,0.028092922744462453
LOC100129480,1,0,0.031604538087520256
LOC100129484,1,0,0.0189086980010805
LOC100129551,2,0,0.0189086980010805
LOC100129571,1,0,0.00675310642895732
LOC100129775,1,0,0.005132360886007563
LOC100129781,2,0,0.4659643435980551
LOC100129831,1,0,0.3082117774176121
LOC100129935,2,0,0.05375472717450027
LOC100129986,2,0,0.07833603457590492
LOC100130000,1,0,0.11615343057806592
LOC100130054,2,0,0.44246353322528365
LOC100130071,2,0,0.052133981631550516
LOC100130084,1,0,0.0864397622906537
LOC100130100,2,0,0.3117233927606699
LOC100130171,1,0,0.01728795245813074
LOC100130256,1,0,0.1685575364667747
LOC100130285,1,0,0.12101566720691519
LOC100130344,1,0,0.20151269584008644
LOC100130357,2,0,0.44246353322528365
LOC100130507,1,0,0.005942733657482442
LOC100130557,1,0,0.484332793084819
LOC100130667,1,0,0.002701242571582928
LOC100130700,2,0,0.4014046461372231
LOC100130725,1,0,0.022690437601296597
LOC100130797,1,0,0.056185845488924906
LOC100130811,2,0,0.4213938411669368
LOC100130897,1,0,0.2406807131280389
LOC100130932,1,0,0.2614802809292274
LOC100130940,1,0,0.014046461372231226
LOC100130987,1,0,0.0753646677471637
LOC100131128,1,0,0.04213938411669368
LOC100131131,1,0,0.002701242571582928
LOC100131150,1,0,0.008103727714748784
LOC100131225,1,0,0.11318206374932469
LOC100131315,1,0,0.021609940572663425
LOC100131316,2,0,0.07779578606158834
LOC100131479,1,0,0.22663425175580768
LOC100131496,2,0,0.011075094543490005
LOC100131508,2,0,0.004592112371690978
LOC100131510,1,0,0.09616423554835224
LOC100131532,2,0,0.11750405186385737
LOC100131540,1,0,0.005942733657482442
LOC100131756,1,0,0.0018908698001080498
LOC100131892,1,0,0.00675310642895732
LOC100132005,1,0,0.018368449486763912
LOC100132014,1,0,0.004321988114532685
LOC100132147,2,0,0.15586169638033495
LOC100132240,2,0,0.06509994597514857
LOC100132319,1,0,0.004592112371690978
LOC100132426,1,0,0.03511615343057806
LOC100132658,1,0,0.0937331172339276
LOC100132738,2,0,0.4259859535386278
LOC100132955,2,0,0.16045380875202594
LOC100133019,1,0,0.01917882225823879
LOC100133050,1,0,0.04700162074554295
LOC100133131,1,0,0.34359805510534847
LOC100133153,2,0,0.02215018908698001
LOC100133287,1,0,0.00864397622906537
LOC100133299,1,0,0.22285251215559157
LOC100133315,1,0,0.06158833063209076
LOC100133475,1,0,0.22285251215559157
LOC100133678,2,0,0.15316045380875204
LOC100133714,1,0,0.007833603457590491
LOC100133756,1,0,0.011615343057806591
LOC100133794,1,0,0.3608860075634792
LOC100133862,2,0,0.014046461372231226
LOC100134103,1,0,0.16342517558076716
LOC100134256,1,0,0.0018908698001080498
LOC100144595,1,0,0.0018908698001080498
LOC100272216,1,0,0.02782279848730416
LOC100286952,1,0,0.018368449486763912
LOC100287090,1,0,0.13776337115072934
LOC100287166,1,0,0.012155591572123177
LOC100287282,1,0,0.014586709886547812
LOC100287391,1,0,0.4997298757428417
LOC100287484,1,0,0.004321988114532685
LOC100287487,1,0,0.3425175580767153
LOC100287615,1,0,0.08833063209076175
LOC100287641,2,0,0.25121555915721233
LOC100287704,1,0,0.020799567801188548
LOC100287737,3,0,0.004592112371690978
LOC100287813,1,0,0.45732036736898973
LOC100287878,1,0,0.18530524041058888
LOC100287986,1,0,0.0008103727714748784
LOC100288002,1,0,0.004051863857374392
LOC100288033,1,0,0.16612641815235007
LOC100288058,1,0,0.00675310642895732
LOC100288105,1,0,0.320097244732577
LOC100288198,1,0,0.04376012965964344
LOC100288233,1,0,0.1539708265802269
LOC100288276,2,0,0.0024311183144246355
LOC100288282,1,0,0.3041599135602377
LOC100288303,1,0,0.006482982171799027
LOC100288432,1,0,0.00675310642895732
LOC100288560,1,0,0.29362506753106427
LOC100288618,1,0,0.08103727714748785
LOC100288657,3,0,0.41950297136682874
LOC100288679,1,0,0.004862236628849271
LOC100288721,1,0,0.02782279848730416
LOC100288798,1,0,0.11372231226364128
LOC100288860,1,0,0.04213938411669368
LOC100288902,1,0,0.21582928146947597
LOC100288908,1,0,0.008373851971907077
LOC100288975,2,0,0.011615343057806591
LOC100288976,1,0,0.01242571582928147
LOC100289026,1,0,0.40005402485143166
LOC100289070,1,0,0.014046461372231226
LOC100289079,2,0,0.01053484602917342
LOC100289436,1,0,0.002701242571582928
LOC100289490,1,0,0.18179362506753105
LOC100289586,1,0,0.36763911399243654
LOC100289760,1,0,0.40059427336574827
LOC100289922,1,0,0.2631010264721772
LOC100289944,1,0,0.15343057806591032
LOC100290036,1,0,0.004592112371690978
LOC100290065,1,0,0.3230686115613182
LOC100290084,1,0,0.49729875742841706
LOC100290146,1,0,0.4362506753106429
LOC100290254,1,0,0.47487844408427876
LOC100290375,2,0,0.051323608860075635
LOC100290448,1,0,0.0037817396002160996
LOC100290496,1,0,0.11750405186385737
LOC100290528,1,0,0.18692598595353863
LOC100290622,1,0,0.027552674230145867
LOC100290992,1,0,0.025121555915721232
LOC100291190,1,0,0.005672609400324149
LOC100291229,1,0,0.041329011345218804
LOC100291630,1,0,0.3787142085359265
LOC100292114,2,0,0.0016207455429497568
LOC100292160,1,0,0.36628849270664504
LOC100292626,2,0,0.011075094543490005
LOC100292680,1,0,0.01728795245813074
LOC100293158,1,0,0.04997298757428417
LOC100293440,2,0,0.03457590491626148
LOC100293607,1,0,0.010804970286331712
LOC100293871,1,0,0.0032414910858995136
LOC100293904,1,0,0.02215018908698001
LOC100293983,1,0,0.012965964343598054
LOC100294100,1,0,0.005402485143165856
LOC100294362,1,0,0.47866018368449487
LOC100294367,1,0,0.0451107509454349
LOC100294391,1,0,0.33063209076175043
LOC100294469,1,0,0.3341437061048082
LOC100507191,1,0,0.009724473257698542
LOC100507637,1,0,0.01539708265802269
LOC115110,1,0,0.015937331172339277
LOC129026,1,0,0.013236088600756347
LOC144486,2,0,0.15505132360886006
LOC150197,2,0,0.04997298757428417
LOC152586,1,0,0.01755807671528903
LOC220077,1,0,0.004321988114532685
LOC220906,2,0,0.04538087520259319
LOC253842,1,0,0.12641815235008103
LOC254896,1,0,0.031064289573203674
LOC255177,1,0,0.0021609940572663426
LOC256374,2,0,0.2633711507293355
LOC257358,2,0,0.014856834143706105
LOC282997,2,0,0.4397622906537007
LOC283588,2,0,0.49108589951377635
LOC283665,1,0,0.001350621285791464
LOC283867,2,0,0.022420313344138302
LOC284242,1,0,0.00864397622906537
LOC284260,1,0,0.05375472717450027
LOC284412,2,0,0.44624527282549975
LOC284804,1,0,0.17044840626688276
LOC284825,1,0,0.13101026472177202
LOC284861,3,0,0.2360886007563479
LOC284890,1,0,0.021609940572663425
LOC284912,1,0,0.16639654240950838
LOC285033,1,0,0.29578606158833065
LOC285216,1,0,0.03646677471636953
LOC285548,2,0,0.01242571582928147
LOC285740,2,0,0.00945434900054025
LOC286126,1,0,0.004592112371690978
LOC286238,2,0,0.03727714748784441
LOC338667,1,0,0.12479740680713128
LOC339316,1,0,0.002971366828741221
LOC339760,2,0,0.03403565640194489
LOC340085,1,0,0.16450567260940033
LOC340888,1,0,0.3076715289032955
LOC341056,2,0,0.01431658562938952
LOC341378,2,0,0.1920583468395462
LOC343052,2,0,0.00675310642895732
LOC375196,1,0,0.40707725553754726
LOC388248,2,0,0.01728795245813074
LOC388630,2,0,0.1053484602917342
LOC388849,1,0,0.1693679092382496
LOC389043,2,0,0.15613182063749326
LOC389791,1,0,0.47784981091302
LOC390660,1,0,0.010804970286331712
LOC391798,1,0,0.008914100486223663
LOC392555,1,0,0.0024311183144246355
LOC399900,1,0,0.1582928146947596
LOC399978,2,0,0.005402485143165856
LOC400406,2,0,0.3346839546191248
LOC400419,1,0,0.010264721772015126
LOC400643,4,0,0.03646677471636953
LOC400943,2,0,0.010804970286331712
LOC401052,1,0,0.11237169097784981
LOC401093,1,0,0.008373851971907077
LOC401098,2,0,0.0032414910858995136
LOC401321,1,0,0.38087520259319285
LOC401433,1,0,0.008103727714748784
LOC401480,1,0,0.17882225823878983
LOC401913,2,0,0.08616963803349541
LOC402377,1,0,0.01728795245813074
LOC414300,1,0,0.00945434900054025
LOC415056,2,0,0.1126418152350081
LOC439914,1,0,0.3806050783360346
LOC440173,1,0,0.1620745542949757
LOC440792,1,0,0.17450027012425715
LOC440839,1,0,0.13776337115072934
LOC442381,2,0,0.05564559697460832
LOC442459,3,0,0.11021069692058347
LOC51145,2,0,0.004862236628849271
LOC553137,1,0,0.005132360886007563
LOC554174,1,0,0.0037817396002160996
LOC554207,3,0,0.40410588870880604
LOC642103,3,0,0.32063749324689356
LOC642131,2,0,0.012155591572123177
LOC642943,3,0,0.12263641274986493
LOC643085,3,0,0.2671528903295516
LOC643421,1,0,0.2625607779578606
LOC643441,1,0,0.11048082117774176
LOC643475,2,0,0.4165316045380875
LOC643659,1,0,0.005672609400324149
LOC643797,3,0,0.007833603457590491
LOC643802,1,0,0.019448946515397084
LOC643827,1,0,0.2782279848730416
LOC644083,1,0,0.050513236088600755
LOC644397,1,0,0.23149648838465695
LOC644852,2,0,0.006482982171799027
LOC645139,1,0,0.005402485143165856
LOC645359,2,0,0.026202052944354404
LOC645431,1,0,0.33360345759049165
LOC645752,2,0,0.14154511075094545
LOC645769,1,0,0.0021609940572663426
LOC645984,1,0,0.005402485143165856
LOC646057,2,0,0.00945434900054025
LOC646470,1,0,0.0037817396002160996
LOC646626,1,0,0.03916801728795246
LOC646670,1,0,0.23284710967044842
LOC646762,1,0,0.015667206915180983
LOC646903,1,0,0.45623987034035657
LOC646934,1,0,0.031064289573203674
LOC646936,2,0,0.348730415991356
LOC646976,2,0,0.011615343057806591
LOC647262,1,0,0.004592112371690978
LOC647946,2,0,0.006482982171799027
LOC648913,2,0,0.004862236628849271
LOC649346,1,0,0.007833603457590491
LOC649941,2,0,0.32441923284710966
LOC650157,1,0,0.3236088600756348
LOC650621,1,0,0.39330091842247433
LOC650623,1,0,0.1763911399243652
LOC651721,1,0,0.011345218800648298
LOC651845,1,0,0.0189086980010805
LOC651959,1,0,0.004592112371690978
LOC652614,1,0,0.4413830361966505
LOC652859,1,0,0.014046461372231226
LOC653097,1,0,0.07320367368989736
LOC653111,1,0,0.0005402485143165856
LOC653203,3,0,0.024311183144246355
LOC653486,1,0,0.004862236628849271
LOC653653,1,0,0.018368449486763912
LOC727820,2,0,0.00864397622906537
LOC727916,2,0,0.310913019989195
LOC727930,1,0,0.011075094543490005
LOC727941,3,0,0.03538627768773636
LOC727961,1,0,0.05348460291734198
LOC728100,1,0,0.21393841166936792
LOC728148,4,0,0.16963803349540788
LOC728288,1,0,0.005672609400324149
LOC728297,1,0,0.03862776877363587
LOC728460,2,0,0.0037817396002160996
LOC728566,1,0,0.30361966504592114
LOC728601,1,0,0.08265802269043761
LOC728606,1,0,0.0008103727714748784
LOC728673,1,0,0.07968665586169638
LOC728683,1,0,0.03646677471636953
LOC728716,1,0,0.05564559697460832
LOC728763,3,0,0.02701242571582928
LOC728800,1,0,0.06185845488924906
LOC728819,2,0,0.3125337655321448
LOC728836,2,0,0.09265262020529444
LOC728853,1,0,0.0018908698001080498
LOC729141,2,0,0.11372231226364128
LOC729213,1,0,0.26499189627228525
LOC729275,2,0,0.021339816315505133
LOC729314,1,0,0.004862236628849271
LOC729370,2,0,0.21123716909778498
LOC729390,3,0,0.012155591572123177
LOC729458,1,0,0.05564559697460832
LOC729461,2,0,0.03403565640194489
LOC729523,1,0,0.007833603457590491
LOC729569,2,0,0.002701242571582928
LOC729652,1,0,0.07860615883306321
LOC729839,1,0,0.1053484602917342
LOC729841,1,0,0.001350621285791464
LOC729866,1,0,0.002701242571582928
LOC730134,2,0,0.09103187466234468
LOC730256,2,0,0.017017828200972446
LOC730651,1,0,0.15667206915180984
LOC731852,3,0,0.010804970286331712
LOC732162,1,0,0.007563479200432199
LOC732272,1,0,0.260129659643436
LOC732327,1,0,0.06807131280388978
LOC780529,1,0,0.11966504592112372
LOC80054,2,0,0.15207995678011885
LOC84931,2,0,0.00945434900054025
LOC93463,1,0,0.029173419773095625
LOC93622,2,0,0.006212857914640735
LOX,2,0,0.12668827660723933
LOXL3,1,0,0.13263101026472177
LOXL4,2,0,0.040788762830902214
LPA,2,0,0.43408968125337655
LPAL2,2,0,0.23203673689897353
LPAR3,2,0,0.1580226904376013
LPAR4,2,0,0.13479200432198812
LPO,3,0,0.18989735278227984
LRAT,3,0,0.18881685575364668
LRG1,2,0,0.34764991896272285
LRGUK,2,0,0.019719070772555376
LRIT1,2,0,0.2839005942733657
LRIT3,2,0,0.018368449486763912
LRP5L,2,0,0.41491085899513774
LRRC10,2,0,0.4473257698541329
LRRC14B,2,0,0.004592112371690978
LRRC16A,3,0,0.4994597514856834
LRRC18,2,0,0.03403565640194489
LRRC19,2,0,0.031874662344678555
LRRC25,2,0,0.12992976769313885
LRRC30,2,0,0.06509994597514857
LRRC31,2,0,0.014586709886547812
LRRC3DN,1,0,0.005942733657482442
LRRC43,2,0,0.35872501350621283
LRRC48,3,0,0.3427876823338736
LRRC50,2,0,0.3757428417071853
LRRC52,2,0,0.16693679092382496
LRRC59,1,0,0.07941653160453808
LRRC69,2,0,0.03403565640194489
LRRC8E,2,0,0.1842247433819557
LRRC9,1,0,0.2820097244732577
LRRIQ3,2,0,0.01350621285791464
LRRIQ4,2,0,0.02485143165856294
LRRN4,2,0,0.013776337115072933
LRRN4CL,2,0,0.2871420853592653
LRTM1,2,0,0.01755807671528903
LSP1P3,2,0,0.017017828200972446
LTF,2,0,0.13830361966504592
LUM,3,0,0.23960021609940574
LUZP4,2,0,0.01728795245813074
LY6G6C,2,0,0.33657482441923287
LY6G6D,2,0,0.03808752025931929
LY6G6E,2,0,0.07347379794705565
LY6G6F,2,0,0.030524041058887088
LY6K,3,0,0.4359805510534846
LY75,2,0,0.15721231766612642
LYG2,2,0,0.025661804430037818
LYPD4,2,0,0.02890329551593733
LYPD6B,2,0,0.3346839546191248
LYVE1,2,0,0.4246353322528363
LYZ,2,0,0.030253916801728797
LYZL2,1,0,0.02593192868719611
LYZL4,2,0,0.4654240950837385
LYZL6,2,0,0.06509994597514857
MAB21L1,2,0,0.17855213398163156
MACC1,4,0,0.23770934629929769
MAGEA1,2,0,0.0375472717450027
MAGEA10,3,0,0.18692598595353863
MAGEA11,3,0,0.01728795245813074
MAGEA12,2,0,0.10831982712047541
MAGEA2,4,0,0.12533765532144786
MAGEA4,3,0,0.02890329551593733
MAGEA5,2,0,0.14775796866558616
MAGEA8,2,0,0.2025931928687196
MAGEA9,2,0,0.04321988114532685
MAGEB1,4,0,0.13992436520799567
MAGEB10,1,0,0.004862236628849271
MAGEB16,2,0,0.4213938411669368
MAGEB18,2,0,0.03565640194489465
MAGEB3,2,0,0.002971366828741221
MAGEB4,2,0,0.02188006482982172
MAGEB6,2,0,0.011345218800648298
MAGEC1,2,0,0.0937331172339276
MAGEC2,2,0,0.10642895732036736
MAGEC3,3,0,0.19232847109670448
MAK,2,0,0.03646677471636953
MAMDC2,2,0,0.20421393841166938
MAP1LC3C,2,0,0.3003781739600216
MAP3K1,1,0,0.10994057266342518
MAP3K8,2,0,0.4854132901134522
MAP4K1,2,0,0.19367909238249595
MAPK15,2,0,0.2568881685575365
MARCH10,2,0,0.2925445705024311
MARS2,2,0,0.17612101566720692
MAS1,2,0,0.08752025931928688
MAT1A,2,0,0.11075094543490005
MATN1,3,0,0.32847109670448404
MB,4,0,0.17017828200972449
MBD3L1,2,0,0.015667206915180983
MBD3L2,2,0,0.004321988114532685
MBL2,2,0,0.007833603457590491
MBOAT4,2,0,0.0032414910858995136
MC2R,2,0,0.021339816315505133
MC3R,2,0,0.11696380334954079
MC4R,2,0,0.12317666126418152
MC5R,3,0,0.05564559697460832
MCCD1,2,0,0.4619124797406807
MCHR2,2,0,0.47811993517017826
MCM10,2,0,0.03484602917341977
MCOLN2,2,0,0.025661804430037818
MCOLN3,1,0,0.061048082117774176
MDS2,2,0,0.017017828200972446
MELK,2,0,0.00864397622906537
MEOX1,3,0,0.027282549972987576
MEOX2,2,0,0.02971366828741221
MEP1A,2,0,0.01350621285791464
MEP1B,2,0,0.0189086980010805
MEPE,2,0,0.38222582387898435
MESTIT1,2,0,0.041599135602377095
METRNL,1,0,0.4351701782820097
METTL11B,2,0,0.07995678011885467
METTL7B,2,0,0.1880064829821718
MFAP2,2,0,0.037007023230686116
MFAP5,1,0,0.004321988114532685
MFI2,4,0,0.045921123716909776
MFSD7,1,0,0.495407887628309
MGC11082,1,0,0.0375472717450027
MGC12916,3,0,0.17558076715289034
MGC14436,2,0,0.29065370070232305
MGC15705,1,0,0.008103727714748784
MGC24103,1,0,0.2955159373311723
MGC2848,1,0,0.0024311183144246355
MGC2889,2,0,0.4700162074554295
MGC34034,2,0,0.018098325229605618
MGC39545,1,0,0.01755807671528903
MGC39584,1,0,0.07617504051863858
MGC4294,2,0,0.24716369529983792
MGC45800,2,0,0.1242571582928147
MGC50722,2,0,0.12992976769313885
MIA,2,0,0.2871420853592653
MIA2,2,0,0.05807671528903296
MICALCL,2,0,0.06509994597514857
MIR1245A,1,0,0.01053484602917342
MIR133A1,1,0,0.02701242571582928
MIR155HG,2,0,0.021609940572663425
MIR17HG,4,0,0.3611561318206375
MIR2682,2,0,0.495407887628309
MIR31HG,2,0,0.37412209616423553
MIRLET7DHG,1,0,0.037007023230686116
MKI67,2,0,0.06672069151809833
MKRN3,2,0,0.44327390599675853
MKRN7P,1,0,0.021339816315505133
MLANA,2,0,0.02890329551593733
MLN,2,0,0.05780659103187466
MME,3,0,0.17233927606699082
MMEL1,1,0,0.29119394921663966
MMP1,2,0,0.05564559697460832
MMP10,2,0,0.016477579686655863
MMP11,2,0,0.3824959481361426
MMP12,2,0,0.0035116153430578066
MMP13,2,0,0.005942733657482442
MMP2,1,0,0.006482982171799027
MMP20,2,0,0.004051863857374392
MMP21,2,0,0.3125337655321448
MMP24,3,0,0.2293354943273906
MMP25,2,0,0.31739600216099406
MMP26,2,0,0.008103727714748784
MMP27,2,0,0.004592112371690978
MMP3,2,0,0.03241491085899514
MMP7,2,0,0.06807131280388978
MMP8,2,0,0.00945434900054025
MMRN1,2,0,0.02025931928687196
MN1,2,0,0.4592112371690978
MNX1,2,0,0.0829281469475959
MOCOS,2,0,0.2296056185845489
MOP-1,1,0,0.004862236628849271
MORC1,2,0,0.14478660183684494
MOV10L1,2,0,0.09697460831982713
MPN2,2,0,0.06185845488924906
MPO,2,0,0.4357104267963263
MPP4,2,0,0.18341437061048083
MPZL2,4,0,0.04213938411669368
MPZL3,2,0,0.10318746623446785
MRAP,2,0,0.4945975148568341
MRC2,2,0,0.1094003241491086
MRGPRG,1,0,0.012155591572123177
MRGPRX1,2,0,0.018368449486763912
MRGPRX2,2,0,0.01431658562938952
MRGPRX3,2,0,0.013236088600756347
MS4A1,2,0,0.008914100486223663
MS4A10,2,0,0.05915721231766612
MS4A12,2,0,0.024311183144246355
MS4A13,2,0,0.00945434900054025
MS4A14,3,0,0.08616963803349541
MS4A2,4,0,0.014046461372231226
MS4A3,4,0,0.01350621285791464
MS4A5,2,0,0.01620745542949757
MS4A6A,2,0,0.3433279308481902
MS4A6E,2,0,0.37709346299297675
MS4A8B,2,0,0.040788762830902214
MSC,2,0,0.23527822798487305
MSGN1,2,0,0.06969205834683954
MSH4,2,0,0.08914100486223663
MSH5,2,0,0.41112911939492164
MSLNL,2,0,0.28822258238789844
MSMB,3,0,0.010804970286331712
MSR1,4,0,0.17963263101026472
MST1P9,1,0,0.004321988114532685
MSTN,2,0,0.11507293354943274
MSX2,2,0,0.10426796326310103
MSX2P1,2,0,0.3049702863317126
MT4,2,0,0.05402485143165856
MTCP1,3,0,0.2215018908698001
MTL5,4,0,0.4759589411129119
MTNR1A,2,0,0.30605078336034575
MTNR1B,2,0,0.041058887088060506
MUC13,2,0,0.004051863857374392
MUC16,2,0,0.007293354943273906
MUC17,4,0,0.02025931928687196
MUC19,1,0,0.012965964343598054
MUC22,2,0,0.028092922744462453
MUC3B,2,0,0.22015126958400866
MUC7,4,0,0.025661804430037818
MUCL1,2,0,0.40788762830902214
MUPCDH,2,0,0.0715829281469476
MXRA5,3,0,0.4219340896812534
MYF5,2,0,0.015667206915180983
MYF6,3,0,0.06942193408968125
MYH1,2,0,0.01053484602917342
MYH13,2,0,0.03889789303079417
MYH2,2,0,0.05942733657482442
MYH4,2,0,0.009994597514856833
MYH6,3,0,0.050243111831442464
MYH8,2,0,0.03646677471636953
MYL1,3,0,0.018638573743922204
MYL10,2,0,0.025121555915721232
MYL2,2,0,0.1315505132360886
MYL4,2,0,0.21745002701242572
MYLK3,3,0,0.0640194489465154
MYLPF,2,0,0.15613182063749326
MYO18B,2,0,0.03862776877363587
MYO1A,2,0,0.424365207995678
MYO1G,2,0,0.07266342517558076
MYO3B,2,0,0.015667206915180983
MYO5BP2,1,0,0.22771474878444084
MYO7B,1,0,0.004321988114532685
MYOC,2,0,0.016477579686655863
MYOCD,2,0,0.008914100486223663
MYOM3,2,0,0.009184224743381956
MYOZ1,2,0,0.39384116693679094
MYOZ2,2,0,0.16288492706645058
MYPN,2,0,0.02890329551593733
NAALADL1,2,0,0.08698001080497028
NAG18,1,0,0.025121555915721232
NANOGP1,1,0,0.055375472717450025
NANOS2,2,0,0.04213938411669368
NAT1,7,0,0.1396542409508374
NAT2,2,0,0.011615343057806591
NAT8,2,0,0.00945434900054025
NAT8B,2,0,0.07752566180443003
NCAPG,2,0,0.24743381955699623
NCF2,2,0,0.1461372231226364
NCKAP1L,2,0,0.0791464073473798
NCR1,3,0,0.21745002701242572
NCR3,3,0,0.4351701782820097
NCRNA00052,2,0,0.022960561858454888
NDC80,2,0,0.018638573743922204
NDST4,2,0,0.14991896272285252
NEDD1,2,0,0.45191788222582385
NEIL3,2,0,0.005132360886007563
NEK2,2,0,0.43084819016747705
NEK5,2,0,0.017017828200972446
NEU2,2,0,0.2069151809832523
NEUROD4,2,0,0.008914100486223663
NEUROG2,2,0,0.13560237709346298
NEXN-AS1,2,0,0.027282549972987576
NFATC2,2,0,0.21745002701242572
NFE2,3,0,0.11129119394921665
NFE2L3P2,1,0,0.03565640194489465
NFKB2,2,0,0.43003781739600216
NFKBID,2,0,0.34359805510534847
NGF,2,0,0.21609940572663425
NGFR,2,0,0.4097784981091302
NHEDC1,1,0,0.46677471636953
NHLH1,2,0,0.08400864397622906
NHLH2,3,0,0.2179902755267423
NHSL2,2,0,0.24311183144246354
NIACR2,1,0,0.2506753106428957
NID1,2,0,0.19313884386817937
NKAPL,2,0,0.4829821717990275
NKX2-4,2,0,0.03646677471636953
NKX3-2,2,0,0.027552674230145867
NLRC4,2,0,0.21123716909778498
NLRP10,2,0,0.02593192868719611
NLRP12,2,0,0.031064289573203674
NLRP13,2,0,0.005672609400324149
NLRP14,2,0,0.02485143165856294
NLRP2,2,0,0.4297676931388439
NLRP4,2,0,0.09076175040518639
NLRP5,2,0,0.02377093462992977
NLRP6,2,0,0.25337655321447866
NLRP7,4,0,0.04781199351701783
NLRP8,2,0,0.029443544030253916
NMS,2,0,0.046461372231226365
NMUR2,2,0,0.03403565640194489
NOBOX,2,0,0.08373851971907077
NOD1,2,0,0.14640734737979472
NOD2,2,0,0.12344678552133982
NODAL,2,0,0.015937331172339277
NOG,2,0,0.3084819016747704
NOTO,2,0,0.022960561858454888
NOX1,3,0,0.011345218800648298
NOX3,2,0,0.023230686115613183
NOX4,6,0,0.3317125877903836
NPAS4,2,0,0.11021069692058347
NPBWR2,3,0,0.1353322528363047
NPFFR1,2,0,0.17396002160994056
NPL2,2,0,0.31901674770394384
NPR1,2,0,0.35521339816315506
NPS,2,0,0.02377093462992977
NPSA,1,0,0.10588870880605078
NPSR1,3,0,0.04376012965964344
NPVF,2,0,0.0753646677471637
NPY6R,2,0,0.10804970286331712
NR0B2,2,0,0.16288492706645058
NR1H4,2,0,0.01350621285791464
NR1I2,2,0,0.02782279848730416
NR1I3,2,0,0.1993517017828201
NR2E3,3,0,0.24527282549972987
NR5A1,2,0,0.04403025391680173
NR5A2,3,0,0.22717450027012426
NR6A1,2,0,0.051323608860075635
NRAP,2,0,0.055915721231766614
NRK,2,0,0.09940572663425176
NRP2,5,0,0.4967585089141005
NRTN,2,0,0.10750945434900054
NSUN7,2,0,0.05807671528903296
NT5C1A,2,0,0.09994597514856834
NT5C1B,2,0,0.0037817396002160996
NTF3,3,0,0.4027552674230146
NTRK1,2,0,0.11750405186385737
NTS,16,0,0.3268503511615343
NUAK2,2,0,0.3876283090221502
NUDT13,2,0,0.4675850891410049
NUDT16P,2,0,0.005132360886007563
NUF2,2,0,0.1202052944354403
NUP210L,3,0,0.012965964343598054
NUP62CL,2,0,0.07995678011885467
NUSAP1,4,0,0.22474338195569962
NXF4,1,0,0.008103727714748784
NXF5,2,0,0.4670448406266883
NXNL1,2,0,0.1350621285791464
OAS2,5,0,0.3055105348460292
OASL,3,0,0.3160453808752026
OBP2A,2,0,0.018638573743922204
OBP2B,1,0,0.3263101026472177
OC90,4,0,0.14829821717990274
OCLM,2,0,0.06672069151809833
ODAM,2,0,0.10237709346299298
ODF1,2,0,0.005672609400324149
ODF3,2,0,0.37304159913560236
ODF4,2,0,0.3133441383036197
OFCC1,2,0,0.01539708265802269
OGN,2,0,0.4705564559697461
OIP5,2,0,0.2628309022150189
OIT3,2,0,0.011615343057806591
OLAH,3,0,0.031874662344678555
OLFML1,2,0,0.14343598055105347
OLIG3,2,0,0.22663425175580768
OMD,2,0,0.21663965424095083
OMP,2,0,0.07374392220421394
ONECUT3,2,0,0.2871420853592653
OOEP,2,0,0.15262020529443543
OPN1SW,2,0,0.12506753106428958
OPN5,4,0,0.008373851971907077
OPRD1,2,0,0.48946515397082657
OPTC,2,0,0.017017828200972446
OR10A3,2,0,0.014856834143706105
OR10A4,2,0,0.4997298757428417
OR10A6,2,0,0.01053484602917342
OR10A7,2,0,0.02971366828741221
OR10AD1,2,0,0.03079416531604538
OR10AG1,2,0,0.008914100486223663
OR10G3,2,0,0.06482982171799027
OR10G4,2,0,0.02593192868719611
OR10G7,2,0,0.009994597514856833
OR10G8,2,0,0.2520259319286872
OR10G9,2,0,0.031874662344678555
OR10H1,2,0,0.07752566180443003
OR10H3,2,0,0.02701242571582928
OR10H4,1,0,0.029173419773095625
OR10J3,2,0,0.015667206915180983
OR10J5,2,0,0.016477579686655863
OR10J8P,2,0,0.004862236628849271
OR10K1,2,0,0.42625607779578606
OR10K2,2,0,0.013776337115072933
OR10P1,2,0,0.4011345218800648
OR10R2,2,0,0.01728795245813074
OR10S1,2,0,0.024581307401404646
OR10T2,2,0,0.024581307401404646
OR10W1,2,0,0.061048082117774176
OR10X1,2,0,0.009994597514856833
OR10Z1,2,0,0.008914100486223663
OR11G2,2,0,0.0037817396002160996
OR11H1,1,0,0.004321988114532685
OR11H4,2,0,0.052133981631550516
OR11H6,2,0,0.020529443544030253
OR11L1,2,0,0.017828200972447326
OR12D2,2,0,0.012965964343598054
OR12D3,2,0,0.0032414910858995136
OR13C2,1,0,0.08995137763371151
OR13C3,2,0,0.004051863857374392
OR13C4,2,0,0.0940032414910859
OR13C5,2,0,0.4173419773095624
OR13C8,2,0,0.28038897893030795
OR13C9,2,0,0.004862236628849271
OR13D1,2,0,0.04267963263101027
OR13F1,2,0,0.005942733657482442
OR13G1,2,0,0.01917882225823879
OR13J1,2,0,0.395732036736899
OR14A16,2,0,0.16045380875202594
OR14C36,2,0,0.4513776337115073
OR14J1,2,0,0.022420313344138302
OR1A1,2,0,0.007293354943273906
OR1A2,2,0,0.08562938951917883
OR1B1,2,0,0.005402485143165856
OR1C1,2,0,0.0032414910858995136
OR1D2,2,0,0.3500810372771475
OR1D4,2,0,0.023500810372771474
OR1E2,1,0,0.0675310642895732
OR1F1,2,0,0.37007023230686115
OR1F2P,2,0,0.151269584008644
OR1G1,2,0,0.013776337115072933
OR1I1,2,0,0.18530524041058888
OR1J1,2,0,0.02106969205834684
OR1J2,2,0,0.02674230145867099
OR1K1,2,0,0.4592112371690978
OR1L1,2,0,0.04024851431658563
OR1L3,2,0,0.019719070772555376
OR1L4,2,0,0.12533765532144786
OR1L6,1,0,0.04051863857374392
OR1L8,2,0,0.008914100486223663
OR1M1,2,0,0.01242571582928147
OR1N1,2,0,0.03646677471636953
OR1N2,2,0,0.09103187466234468
OR1Q1,2,0,0.04349000540248514
OR1S1,1,0,0.14127498649378714
OR1S2,3,0,0.04916261480280929
OR2A12,2,0,0.13668287412209618
OR2A20P,2,0,0.12452728254997299
OR2A25,2,0,0.012695840086439762
OR2A4,2,0,0.018368449486763912
OR2A5,2,0,0.2576985413290113
OR2A9P,1,0,0.14100486223662884
OR2AE1,2,0,0.02215018908698001
OR2AG1,2,0,0.014856834143706105
OR2AT4,2,0,0.2171799027552674
OR2B2,2,0,0.3541329011345219
OR2B3,2,0,0.0035116153430578066
OR2C1,2,0,0.30199891950297136
OR2C3,1,0,0.007563479200432199
OR2D2,2,0,0.04403025391680173
OR2D3,2,0,0.027552674230145867
OR2F1,2,0,0.025121555915721232
OR2F2,1,0,0.023230686115613183
OR2G2,2,0,0.09967585089141005
OR2G3,2,0,0.013776337115072933
OR2G6,2,0,0.05942733657482442
OR2J2,2,0,0.007293354943273906
OR2J3,2,0,0.009184224743381956
OR2K2,2,0,0.01242571582928147
OR2L2,2,0,0.47811993517017826
OR2M2,1,0,0.06266882766072393
OR2M3,2,0,0.1982712047541869
OR2M4,2,0,0.4251755807671529
OR2M5,1,0,0.10075634792004322
OR2S2,2,0,0.022690437601296597
OR2T1,2,0,0.2839005942733657
OR2T10,2,0,0.005402485143165856
OR2T11,2,0,0.02215018908698001
OR2T12,1,0,0.3160453808752026
OR2T2,2,0,0.0675310642895732
OR2T27,2,0,0.12047541869259859
OR2T33,3,0,0.3978930307941653
OR2T34,2,0,0.07860615883306321
OR2T4,2,0,0.10318746623446785
OR2T5,2,0,0.11048082117774176
OR2T8,2,0,0.008914100486223663
OR2V2,2,0,0.17720151269584009
OR2W1,2,0,0.005942733657482442
OR2Y1,2,0,0.1461372231226364
OR4A15,2,0,0.3408968125337655
OR4A16,2,0,0.020799567801188548
OR4A5,2,0,0.004592112371690978
OR4B1,2,0,0.021339816315505133
OR4C11,2,0,0.019448946515397084
OR4C12,2,0,0.4597514856834144
OR4C13,2,0,0.009994597514856833
OR4C15,2,0,0.3457590491626148
OR4C16,2,0,0.008373851971907077
OR4C3,2,0,0.008914100486223663
OR4C45,2,0,0.006212857914640735
OR4C46,2,0,0.005132360886007563
OR4C6,2,0,0.013236088600756347
OR4D1,2,0,0.009184224743381956
OR4D11,2,0,0.04862236628849271
OR4D5,2,0,0.026202052944354404
OR4D9,2,0,0.031874662344678555
OR4E2,2,0,0.01242571582928147
OR4F15,2,0,0.0035116153430578066
OR4F21,1,0,0.09832522960561858
OR4F5,3,0,0.023230686115613183
OR4F6,2,0,0.010264721772015126
OR4K1,2,0,0.3876283090221502
OR4K13,2,0,0.004592112371690978
OR4K14,2,0,0.037007023230686116
OR4K15,2,0,0.007833603457590491
OR4K17,2,0,0.03916801728795246
OR4K5,2,0,0.09940572663425176
OR4L1,2,0,0.009994597514856833
OR4M1,2,0,0.023500810372771474
OR4M2,3,0,0.017017828200972446
OR4N2,2,0,0.27579686655861696
OR4N4,3,0,0.01053484602917342
OR4N5,2,0,0.0032414910858995136
OR4P4,2,0,0.22474338195569962
OR4Q3,2,0,0.00864397622906537
OR4S1,2,0,0.029983792544570502
OR4S2,2,0,0.05753646677471637
OR4X1,2,0,0.21474878444084278
OR4X2,2,0,0.1650459211237169
OR51A2,2,0,0.0024311183144246355
OR51A4,1,0,0.008373851971907077
OR51A7,2,0,0.1501890869800108
OR51B2,2,0,0.015667206915180983
OR51B4,2,0,0.03241491085899514
OR51B5,2,0,0.03916801728795246
OR51B6,2,0,0.02593192868719611
OR51D1,2,0,0.02215018908698001
OR51E1,2,0,0.030524041058887088
OR51E2,2,0,0.03457590491626148
OR51F1,2,0,0.023500810372771474
OR51F2,2,0,0.005942733657482442
OR51G1,2,0,0.008103727714748784
OR51G2,2,0,0.06212857914640735
OR51I1,2,0,0.006482982171799027
OR51I2,2,0,0.017017828200972446
OR51L1,2,0,0.0035116153430578066
OR51M1,2,0,0.009184224743381956
OR51Q1,3,0,0.027552674230145867
OR51S1,2,0,0.34062668827660725
OR51T1,2,0,0.015937331172339277
OR51V1,2,0,0.01728795245813074
OR52A1,2,0,0.016747703943814155
OR52A4,2,0,0.004051863857374392
OR52A5,2,0,0.011075094543490005
OR52B2,2,0,0.01917882225823879
OR52B4,2,0,0.012155591572123177
OR52D1,2,0,0.005132360886007563
OR52E2,2,0,0.02377093462992977
OR52E4,2,0,0.019719070772555376
OR52E6,2,0,0.012695840086439762
OR52E8,2,0,0.23419773095623986
OR52I1,2,0,0.005942733657482442
OR52I2,2,0,0.014586709886547812
OR52J3,2,0,0.015937331172339277
OR52K1,2,0,0.011615343057806591
OR52L1,2,0,0.004321988114532685
OR52M1,2,0,0.017828200972447326
OR52N1,2,0,0.026202052944354404
OR52N4,2,0,0.08076715289032955
OR52N5,2,0,0.03322528363047002
OR52R1,2,0,0.33981631550513236
OR52V1P,2,0,0.022420313344138302
OR56A1,2,0,0.028363047001620744
OR56A3,2,0,0.009724473257698542
OR56A4,2,0,0.015126958400864398
OR56A5,2,0,0.014586709886547812
OR56B1,2,0,0.007023230686115613
OR56B4,2,0,0.005132360886007563
OR5A1,2,0,0.3009184224743382
OR5A2,2,0,0.10831982712047541
OR5AC2,2,0,0.005942733657482442
OR5AK2,2,0,0.035926526202052944
OR5AN1,2,0,0.007023230686115613
OR5AP2,2,0,0.31118314424635335
OR5AR1,2,0,0.02106969205834684
OR5AS1,2,0,0.006482982171799027
OR5AU1,2,0,0.011345218800648298
OR5B12,2,0,0.013776337115072933
OR5B2,2,0,0.02593192868719611
OR5B21,2,0,0.07455429497568881
OR5B3,2,0,0.009994597514856833
OR5C1,2,0,0.3133441383036197
OR5D13,2,0,0.005672609400324149
OR5D14,2,0,0.010804970286331712
OR5D16,2,0,0.012965964343598054
OR5D18,2,0,0.02025931928687196
OR5F1,2,0,0.3719611021069692
OR5H15,2,0,0.0024311183144246355
OR5H2,2,0,0.002971366828741221
OR5H6,2,0,0.012155591572123177
OR5I1,2,0,0.14154511075094545
OR5J2,2,0,0.05402485143165856
OR5K1,2,0,0.03322528363047002
OR5K2,2,0,0.006212857914640735
OR5K3,2,0,0.23770934629929769
OR5K4,2,0,0.007293354943273906
OR5L1,2,0,0.01917882225823879
OR5M1,2,0,0.011615343057806591
OR5M10,2,0,0.02025931928687196
OR5M11,2,0,0.007023230686115613
OR5M3,2,0,0.02863317125877904
OR5M8,2,0,0.006482982171799027
OR5M9,2,0,0.07023230686115613
OR5P2,2,0,0.032955159373311727
OR5P3,2,0,0.005942733657482442
OR5R1,2,0,0.01917882225823879
OR5T1,2,0,0.0035116153430578066
OR5T2,2,0,0.0902215018908698
OR5T3,2,0,0.055105348460291734
OR5W2,2,0,0.013776337115072933
OR6A2,2,0,0.01917882225823879
OR6B1,2,0,0.010264721772015126
OR6B2,1,0,0.00675310642895732
OR6B3,3,0,0.09616423554835224
OR6C1,2,0,0.004592112371690978
OR6C2,3,0,0.09130199891950297
OR6C3,2,0,0.010804970286331712
OR6C4,2,0,0.004321988114532685
OR6C6,2,0,0.007293354943273906
OR6C68,2,0,0.01242571582928147
OR6C70,2,0,0.0018908698001080498
OR6C74,2,0,0.3833063209076175
OR6C75,2,0,0.01242571582928147
OR6F1,2,0,0.004592112371690978
OR6K2,2,0,0.413290113452188
OR6K3,2,0,0.0035116153430578066
OR6K6,2,0,0.03349540788762831
OR6N1,2,0,0.05807671528903296
OR6N2,2,0,0.1496488384656942
OR6Q1,2,0,0.10723933009184225
OR6S1,2,0,0.014586709886547812
OR6T1,2,0,0.10777957860615883
OR6V1,2,0,0.0748244192328471
OR6X1,2,0,0.07833603457590492
OR6Y1,2,0,0.0375472717450027
OR7A10,2,0,0.08103727714748785
OR7A17,1,0,0.03079416531604538
OR7A5,2,0,0.041058887088060506
OR7C1,2,0,0.0035116153430578066
OR7C2,2,0,0.11831442463533225
OR7D2,2,0,0.00945434900054025
OR7D4,2,0,0.01350621285791464
OR7G1,1,0,0.4697460831982712
OR7G2,2,0,0.16720691518098324
OR7G3,2,0,0.012695840086439762
OR8A1,2,0,0.006482982171799027
OR8B2,2,0,0.018638573743922204
OR8B3,1,0,0.19692058346839547
OR8B4,2,0,0.004051863857374392
OR8B8,2,0,0.49810913019989195
OR8D1,2,0,0.023500810372771474
OR8D2,2,0,0.02863317125877904
OR8D4,2,0,0.004051863857374392
OR8G1,2,0,0.005942733657482442
OR8G2,3,0,0.2568881685575365
OR8G5,2,0,0.02106969205834684
OR8H1,2,0,0.03079416531604538
OR8H2,2,0,0.16234467855213397
OR8H3,2,0,0.060777957860615885
OR8I2,2,0,0.006212857914640735
OR8J1,2,0,0.0675310642895732
OR8J3,2,0,0.009994597514856833
OR8K1,2,0,0.00675310642895732
OR8K3,2,0,0.009724473257698542
OR8K5,2,0,0.007833603457590491
OR8S1,2,0,0.22339276066990815
OR8U8,4,0,0.0675310642895732
OR8U9,1,0,0.05429497568881685
OR9A2,2,0,0.1618044300378174
OR9A4,2,0,0.007563479200432199
OR9G4,2,0,0.01755807671528903
OR9G9,3,0,0.037007023230686116
OR9I1,2,0,0.02377093462992977
OR9K2,2,0,0.004592112371690978
OR9Q1,2,0,0.05402485143165856
OR9Q2,2,0,0.029443544030253916
ORC1L,2,0,0.005942733657482442
ORM2,2,0,0.34008643976229064
OSBPL7,2,0,0.2787682333873582
OSGIN1,4,0,0.45002701242571586
OSM,2,0,0.47893030794165314
OSMR,3,0,0.08157752566180443
OSR1,3,0,0.45732036736898973
OSTA,2,0,0.046731496488384656
OTC,2,0,0.13425175580767154
OTOA,4,0,0.04321988114532685
OTOL1,2,0,0.00675310642895732
OTOP1,2,0,0.009994597514856833
OTOP3,2,0,0.09562398703403566
OTOR,2,0,0.007833603457590491
OTP,2,0,0.09265262020529444
OTX2,3,0,0.1690977849810913
OVCH1,2,0,0.13452188006482982
OVCH2,2,0,0.0829281469475959
OVOL1,2,0,0.01242571582928147
OVOL2,2,0,0.4848730415991356
OVOL3,3,0,0.12587790383576444
OXGR1,2,0,0.4327390599675851
P2RX1,2,0,0.0451107509454349
P2RY10,3,0,0.07698541329011345
P2RY2,2,0,0.42409508373851973
P2RY8,2,0,0.31739600216099406
P4HA3,2,0,0.06293895191788222
PA2G4P4,1,0,0.005132360886007563
PABPC1P2,1,0,0.0021609940572663426
PABPC4L,2,0,0.05942733657482442
PADI1,2,0,0.03835764451647758
PADI3,2,0,0.015126958400864398
PADI4,2,0,0.1842247433819557
PADI6,2,0,0.2628309022150189
PAEP,2,0,0.021609940572663425
PAGE1,2,0,0.36682874122096165
PAGE2,2,0,0.01053484602917342
PAGE2B,1,0,0.01053484602917342
PAGE3,2,0,0.006482982171799027
PAGE4,2,0,0.09508373851971907
PAGE5,2,0,0.02188006482982172
PAH,2,0,0.48568341437061047
PAPOLB,2,0,0.08346839546191248
PAPPA,2,0,0.26445164775796864
PAPPA2,5,0,0.09589411129119395
PAQR5,2,0,0.16963803349540788
PARP15,2,0,0.012965964343598054
PARVG,2,0,0.3997839005942734
PASD1,2,0,0.011885467314964884
PATE1,2,0,0.031604538087520256
PATE4,2,0,0.0035116153430578066
PATL2,2,0,0.05888708806050783
PAX1,2,0,0.3471096704484063
PAX2,3,0,0.41572123176661263
PAX3,3,0,0.17909238249594814
PAX7,3,0,0.3149648838465694
PBK,2,0,0.008914100486223663
PBOV1,2,0,0.21258779038357645
PCDHA13,1,0,0.07806591031874663
PCDHA8,1,0,0.41139924365207997
PCDHA9,1,0,0.40626688276607237
PCDHAC1,2,0,0.21636952998379255
PCDHB1,2,0,0.06807131280388978
PCDHB6,2,0,0.4700162074554295
PCDHGA1,1,0,0.3833063209076175
PCDHGA11,2,0,0.46677471636953
PCDHGA4,1,0,0.07968665586169638
PCDHGA5,2,0,0.2901134521880065
PCDHGA6,1,0,0.004862236628849271
PCDHGA8,1,0,0.03322528363047002
PCDHGA9,2,0,0.48811453268503513
PCDHGB1,3,0,0.4343598055105348
PCDHGB3,2,0,0.3827660723933009
PCDHGB5,1,0,0.05294435440302539
PCDHGB6,2,0,0.09292274446245273
PCDHGB8P,2,0,0.08941112911939492
PCK1,2,0,0.2825499729875743
PDC,3,0,0.3827660723933009
PDCD1LG2,2,0,0.005402485143165856
PDCL2,2,0,0.009994597514856833
PDE6A,2,0,0.055375472717450025
PDE6C,2,0,0.055375472717450025
PDHA2,2,0,0.022690437601296597
PDILT,2,0,0.013236088600756347
PDLIM1,1,0,0.18611561318206374
PDX1,3,0,0.04294975688816856
PDZD3,3,0,0.03889789303079417
PDZK1,2,0,0.28444084278768234
PDZK1IP1,2,0,0.022960561858454888
PDZK1P1,1,0,0.1050783360345759
PF4,1,0,0.1239870340356564
PFKFB1,2,0,0.025661804430037818
PFN3,2,0,0.2104267963263101
PGC,2,0,0.46056185845488923
PGF,2,0,0.48109130199891953
PGK2,2,0,0.05429497568881685
PGLYRP1,2,0,0.1126418152350081
PGLYRP2,2,0,0.10696920583468396
PGLYRP3,2,0,0.007023230686115613
PGLYRP4,2,0,0.011885467314964884
PGR,2,0,0.08481901674770394
PHEX,2,0,0.446515397082658
PHF7,2,0,0.250945434900054
PHKG1,2,0,0.23446785521339816
PHOX2B,2,0,0.07779578606158834
PI15,2,0,0.05321447866018368
PIGR,3,0,0.014586709886547812
PIGW,2,0,0.46947595894111294
PIH2,1,0,0.004592112371690978
PIK3C2G,2,0,0.01728795245813074
PIK3CG,3,0,0.08833063209076175
PIK3R6,2,0,0.19151809832522962
PIP5K1P1,1,0,0.08670988654781199
PITPNM3,2,0,0.36007563479200433
PITX1,2,0,0.021609940572663425
PITX2,4,0,0.11507293354943274
PIWIL1,2,0,0.005942733657482442
PIWIL2,2,0,0.14046461372231225
PIWIL3,2,0,0.01350621285791464
PKD1L1,2,0,0.014586709886547812
PKD1L2,4,0,0.4619124797406807
PKD1L3,2,0,0.005672609400324149
PKDREJ,2,0,0.06645056726094004
PKHD1,4,0,0.007293354943273906
PKHD1L1,2,0,0.010264721772015126
PKN3,2,0,0.2755267423014587
PLA2G1B,2,0,0.19043760129659643
PLA2G2A,1,0,0.02377093462992977
PLA2G2C,2,0,0.41869259859535385
PLA2G2E,2,0,0.014856834143706105
PLA2G2F,2,0,0.04943273905996758
PLA2G3,2,0,0.37925445705024313
PLA2G4D,2,0,0.18287412209616424
PLA2G4E,2,0,0.08508914100486224
PLA2G4F,2,0,0.1655861696380335
PLAC1,2,0,0.011885467314964884
PLAC1L,2,0,0.004051863857374392
PLAC8,4,0,0.42274446245272823
PLCB3,2,0,0.46353322528363045
PLCZ1,2,0,0.004592112371690978
PLD2,2,0,0.4208535926526202
PLEK,2,0,0.4878444084278768
PLEK2,2,0,0.004321988114532685
PLEKHG7,2,0,0.060777957860615885
PLIN,2,0,0.06455969746083198
PLK4,2,0,0.13398163155051324
PLS1,3,0,0.46731496488384655
PLSCR2,2,0,0.008914100486223663
PLSCR5,2,0,0.050513236088600755
PLUNC,2,0,0.005942733657482442
PM20D1,2,0,0.013776337115072933
PMCH,3,0,0.14208535926526203
PMCHL2,1,0,0.036736898973527825
PNLDC1,2,0,0.4783900594273366
PNLIP,2,0,0.014586709886547812
PNLIPRP1,3,0,0.022960561858454888
PNLIPRP2,2,0,0.040788762830902214
PNLIPRP3,2,0,0.009994597514856833
PNPLA5,2,0,0.13101026472177202
PODN,2,0,0.12587790383576444
PODNL1,2,0,0.45732036736898973
POF1B,3,0,0.0189086980010805
POFUT1,3,0,0.06239870340356564
POLE,2,0,0.09562398703403566
POLQ,2,0,0.11885467314964884
POM121,1,0,0.01620745542949757
PON1,3,0,0.024311183144246355
POSTN,2,0,0.39681253376553216
POTEA,2,0,0.01539708265802269
POTEB,1,0,0.04321988114532685
POTEC,1,0,0.007563479200432199
POTED,2,0,0.19232847109670448
POTEE,1,0,0.055105348460291734
POTEH,1,0,0.04457050243111831
POU1F1,2,0,0.022690437601296597
POU2F3,2,0,0.10426796326310103
POU3F4,1,0,0.07374392220421394
POU4F1,2,0,0.10021609940572664
POU4F2,2,0,0.035926526202052944
POU4F3,2,0,0.027282549972987576
POU5F2,2,0,0.15883306320907617
PP2672,1,0,0.0032414910858995136
PPBPL2,2,0,0.02106969205834684
PPEF2,2,0,0.005672609400324149
PPP1R14D,2,0,0.03565640194489465
PPP1R2P9,2,0,0.02215018908698001
PPP1R3A,2,0,0.011615343057806591
PPP4R1L,2,0,0.041869259859535386
PPY2,2,0,0.49513776337115073
PQLC2,1,0,0.37385197190707725
PRAME,1,0,0.018368449486763912
PRAMEF1,2,0,0.02188006482982172
PRAMEF10,2,0,0.005672609400324149
PRAMEF11,1,0,0.012155591572123177
PRAMEF12,2,0,0.04267963263101027
PRAMEF13,1,0,0.008373851971907077
PRAMEF16,2,0,0.008103727714748784
PRAMEF18,1,0,0.022690437601296597
PRAMEF2,4,0,0.008373851971907077
PRAMEF23,3,0,0.13452188006482982
PRAMEF25,1,0,0.03079416531604538
PRAMEF7,2,0,0.022690437601296597
PRAMEF8,1,0,0.002701242571582928
PRAMEF9,2,0,0.00675310642895732
PRAMEL,2,0,0.004592112371690978
PRAP1,2,0,0.440032414910859
PRB2,1,0,0.39708265802269044
PRCD,2,0,0.36547811993517015
PRDM13,2,0,0.050243111831442464
PRDM14,2,0,0.010264721772015126
PRDM15,4,0,0.2698541329011345
PRDM7,2,0,0.08616963803349541
PRDM9,2,0,0.04538087520259319
PRG2,1,0,0.0189086980010805
PRG3,2,0,0.11426256077795786
PRKACG,2,0,0.23878984332793085
PRKAG3,2,0,0.04240950837385197
PRL,2,0,0.17693138843868178
PRLR,3,0,0.07617504051863858
PRM1,2,0,0.17558076715289034
PRND,3,0,0.0791464073473798
PRNT,2,0,0.005402485143165856
PRO2852,1,0,0.4159913560237709
PROC,2,0,0.14856834143706105
PROK1,2,0,0.021339816315505133
PROK2,3,0,0.11696380334954079
PROKR2,2,0,0.05888708806050783
PROL1,2,0,0.06591031874662345
PROM1,4,0,0.3873581847649919
PROM2,2,0,0.3041599135602377
PROX2,3,0,0.06915180983252296
PROZ,2,0,0.01350621285791464
PRR10,2,0,0.2101566720691518
PRRG4,2,0,0.13398163155051324
PRSS12,2,0,0.3749324689357104
PRSS22,2,0,0.18584548892490546
PRSS33,2,0,0.1620745542949757
PRSS41,2,0,0.014046461372231226
PRSS45,2,0,0.255537547271745
PRSS7,2,0,0.097784981091302
PRSSL1,2,0,0.4057266342517558
PRTN3,2,0,0.3703403565640194
PRUNE,2,0,0.32576985413290116
PRY,2,0,0.1650459211237169
PSAPL1,2,0,0.005132360886007563
PSCA,2,0,0.4035656401944895
PSD4,2,0,0.27282549972987574
PSG1,1,0,0.0021609940572663426
PSG11,2,0,0.10399783900594273
PSG2,2,0,0.045650999459751485
PSG3,2,0,0.15937331172339275
PSG4,1,0,0.007023230686115613
PSG6,1,0,0.006482982171799027
PSG7,1,0,0.17152890329551593
PSG8,2,0,0.020529443544030253
PSG9,2,0,0.012155591572123177
PSKH2,2,0,0.08427876823338736
PSMA8,4,0,0.07698541329011345
PSMB11,2,0,0.27579686655861696
PSTPIP2,3,0,0.029173419773095625
PTBP1,3,0,0.4165316045380875
PTCHD2,2,0,0.0748244192328471
PTCHD3,2,0,0.005942733657482442
PTGDR,2,0,0.27255537547271746
PTGFR,2,0,0.11372231226364128
PTGFRN,1,0,0.28768233387358183
PTGIS,2,0,0.48568341437061047
PTGS1,2,0,0.38222582387898435
PTH,2,0,0.014856834143706105
PTH2R,2,0,0.2855213398163155
PTK6,2,0,0.03862776877363587
PTK7,2,0,0.41085899513776336
PTPN6,2,0,0.43084819016747705
PTPN7,2,0,0.06239870340356564
PTPRQ,2,0,0.03808752025931929
PTX4,2,0,0.005672609400324149
PUS10,2,0,0.37385197190707725
PVRL4,2,0,0.04916261480280929
PXDNL,2,0,0.3165856293895192
PXT1,2,0,0.005132360886007563
PYDC2,2,0,0.233387358184765
PYHIN1,3,0,0.017828200972447326
PZP,2,0,0.18935710426796326
QRICH2,2,0,0.277687736358725
R3HDML,2,0,0.37412209616423553
RAB17,2,0,0.024581307401404646
RAB19,2,0,0.004862236628849271
RAB20,2,0,0.22204213938411668
RAB25,2,0,0.01350621285791464
RAB27A,2,0,0.4143706104808212
RAB38,2,0,0.11372231226364128
RAB41,2,0,0.005402485143165856
RAB44,1,0,0.0024311183144246355
RAD21L1,2,0,0.0451107509454349
RAD51,2,0,0.4721772015126958
RAD51AP1,2,0,0.01728795245813074
RAD51L1,3,0,0.4729875742841707
RAD9B,3,0,0.018098325229605618
RAET1E,2,0,0.009184224743381956
RAG1,2,0,0.11129119394921665
RAG2,2,0,0.018638573743922204
RASEF,3,0,0.06050783360345759
RASSF10,2,0,0.3951917882225824
RASSF6,2,0,0.01917882225823879
RASSF9,2,0,0.07725553754727174
RAX,2,0,0.21204754186925986
RBM20,2,0,0.43787142085359265
RBM44,2,0,0.020529443544030253
RBM46,2,0,0.005672609400324149
RBM47,2,0,0.12965964343598055
RBMXL2,2,0,0.010264721772015126
RBMXL3,2,0,0.006212857914640735
RBMY1A1,3,0,0.06807131280388978
RBMY1A3P,2,0,0.06050783360345759
RBMY2EP,2,0,0.011885467314964884
RBMY2FP,2,0,0.0035116153430578066
RBP3,2,0,0.009724473257698542
RBP5,2,0,0.4222042139384117
RBPJL,2,0,0.20745542949756887
RCVRN,2,0,0.21609940572663425
RD3,2,0,0.052133981631550516
RDH8,2,0,0.008373851971907077
REG1A,2,0,0.005942733657482442
REG1B,2,0,0.01539708265802269
REG1P,2,0,0.02188006482982172
REG3A,3,0,0.03889789303079417
REG3G,2,0,0.0189086980010805
REG4,3,0,0.023230686115613183
REM1,2,0,0.011885467314964884
REN,2,0,0.017017828200972446
REXO1,2,0,0.2614802809292274
REXO1L1,2,0,0.06780118854673149
RFPL4A,2,0,0.20124257158292816
RFPL4B,2,0,0.04538087520259319
RFX6,2,0,0.00675310642895732
RGAG1,2,0,0.14937871420853593
RGL4,2,0,0.005672609400324149
RGP1,2,0,0.11102106969205834
RGS21,2,0,0.004592112371690978
RGSL1,3,0,0.02971366828741221
RHAG,1,0,0.006482982171799027
RHBG,2,0,0.24662344678552134
RHD,2,0,0.011075094543490005
RHOH,2,0,0.017828200972447326
RHOXF1,2,0,0.4546191247974068
RHOXF2,2,0,0.0375472717450027
RHOXF2B,1,0,0.028092922744462453
RHPN2P1,2,0,0.27039438141545113
RIBC2,2,0,0.13641274986493787
RIC8B,2,0,0.40437601296596437
RIPK3,2,0,0.3711507293354943
RIPK4,2,0,0.19962182603997838
RLN1,3,0,0.013236088600756347
RLN2,2,0,0.0564559697460832
RNASE10,2,0,0.0337655321447866
RNASE11,2,0,0.004592112371690978
RNASE2,2,0,0.017828200972447326
RNASE3,2,0,0.00675310642895732
RNASE4,2,0,0.30226904376012964
RNASE7,2,0,0.0189086980010805
RNASE8,2,0,0.005402485143165856
RNASE9,5,0,0.031874662344678555
RNF113B,2,0,0.4211237169097785
RNF133,2,0,0.0937331172339276
RNF148,2,0,0.26958400864397625
RNF166,2,0,0.4816315505132361
RNF17,3,0,0.03862776877363587
RNF183,2,0,0.16990815775256618
RNF186,2,0,0.023500810372771474
RNF187,2,0,0.13722312263641276
RNF32,3,0,0.14424635332252836
RNF39,2,0,0.03943814154511075
ROPN1,2,0,0.34008643976229064
ROPN1B,2,0,0.07293354943273905
ROR2,2,0,0.184494867639114
ROS1,2,0,0.11696380334954079
RP1,2,0,0.006212857914640735
RP1-152L7.5,3,0,0.2325769854132901
RP1-172N19.1,2,0,0.0748244192328471
RP1-238O23.1,1,0,0.01053484602917342
RP1-286D6.2,2,0,0.4105888708806051
RP1-74M1.1,2,0,0.49405726634251756
RP11-110H10.2,1,0,0.050243111831442464
RP11-115M6.1,3,0,0.011075094543490005
RP11-118H17.1,2,0,0.005402485143165856
RP11-122A3.2,1,0,0.43381955699621827
RP11-1236K1.8,1,0,0.05402485143165856
RP11-143E21.7,2,0,0.37007023230686115
RP11-165H20.1,2,0,0.008373851971907077
RP11-195F19.1,2,0,0.004592112371690978
RP11-218C14.6,2,0,0.011075094543490005
RP11-230B22.1,1,0,0.08589951377633712
RP11-250J16.1,2,0,0.02188006482982172
RP11-269F19.1,2,0,0.3978930307941653
RP11-280O1.2,2,0,0.007563479200432199
RP11-291L19.1,3,0,0.34035656401944897
RP11-292E2.1,2,0,0.157752566180443
RP11-2F9.2,2,0,0.06509994597514857
RP11-33B1.1,1,0,0.010804970286331712
RP11-345J4.3,1,0,0.07104267963263101
RP11-351K3.1,2,0,0.006482982171799027
RP11-3B7.1,2,0,0.4481361426256078
RP11-404P21.6,2,0,0.01431658562938952
RP11-427P5.1,2,0,0.2109670448406267
RP11-446H18.3,2,0,0.45705024311183146
RP11-450I1.1,2,0,0.01539708265802269
RP11-453F18__B.1,2,0,0.49054565099945974
RP11-45B20.3,1,0,0.08076715289032955
RP11-466F5.8,1,0,0.49756888168557534
RP11-475E11.5,2,0,0.014586709886547812
RP11-477I4.3,2,0,0.4327390599675851
RP11-493L12.2,1,0,0.00945434900054025
RP11-511I2.5,2,0,0.02701242571582928
RP11-535K1.1,2,0,0.13371150729335493
RP11-544L8__B.4,2,0,0.11858454889249055
RP11-54O7.1,1,0,0.15640194489465153
RP11-574F21.2,1,0,0.23743922204213938
RP11-579D7.1,2,0,0.007293354943273906
RP11-59E19.1,2,0,0.03538627768773636
RP11-610O8.1,2,0,0.04321988114532685
RP11-61L23.2,2,0,0.061048082117774176
RP11-625H11.1,2,0,0.01917882225823879
RP11-631B21.1,3,0,0.00864397622906537
RP11-666A20.1,1,0,0.045921123716909776
RP11-68L18.1,1,0,0.017828200972447326
RP11-699L21.1,1,0,0.006482982171799027
RP11-770J1.4,2,0,0.20745542949756887
RP11-82I10.1,1,0,0.0640194489465154
RP11-85G18.4,1,0,0.05429497568881685
RP11-89N17.1,2,0,0.05348460291734198
RP13-143G15.3,1,0,0.05834683954619125
RP13-16H11.1,1,0,0.47541869259859537
RP13-507I23.1,1,0,0.3989735278227985
RP1L1,2,0,0.06807131280388978
RP3-486B10.1,2,0,0.050243111831442464
RP4-545L17.1,3,0,0.07293354943273905
RP4-555L14.5,1,0,0.05969746083198271
RP4-737E23.4,1,0,0.002971366828741221
RP4-805N21.1,2,0,0.2188006482982172
RP5-1166H10.2,3,0,0.48406266882766075
RP5-894A10.1,2,0,0.36250675310642894
RP5-916L7.1,1,0,0.006212857914640735
RPE65,2,0,0.29038357644516477
RPGRIP1,2,0,0.10723933009184225
RPL13AP17,2,0,0.3114532685035116
RPL32P3,2,0,0.14397622906537008
RPL3L,2,0,0.44867639113992436
RPS26P20,1,0,0.23149648838465695
RPTN,2,0,0.10048622366288493
RREB1,2,0,0.06618044300378174
RRM2,2,0,0.16774716369529985
RS1,2,0,0.4683954619124797
RSHL1,2,0,0.22042139384116693
RSPH10B,2,0,0.31523500810372773
RSPO1,3,0,0.26066990815775254
RTP2,2,0,0.13641274986493787
RTP3,2,0,0.04403025391680173
RUFY4,2,0,0.03808752025931929
RUNX1,4,0,0.381955699621826
RUNX1-IT1,2,0,0.07320367368989736
RUNX3,3,0,0.21501890869800108
RXFP2,2,0,0.031604538087520256
RXFP3,2,0,0.27984873041599134
RXFP4,2,0,0.16828741220961643
RXRG,4,0,0.4297676931388439
S100A12,2,0,0.15316045380875204
S100A3,2,0,0.12911939492166397
S100A7,2,0,0.3716909778498109
S100A7A,1,0,0.0018908698001080498
S100A7L2,2,0,0.009994597514856833
S100A9,2,0,0.08535926526202053
S100G,2,0,0.01620745542949757
S1PR3,1,0,0.43544030253916804
SAA3P,2,0,0.015126958400864398
SAA4,2,0,0.008103727714748784
SAG,2,0,0.13047001620745544
SAGE1,2,0,0.004051863857374392
SALL3,2,0,0.21582928146947597
SALL4,2,0,0.24581307401404645
SAMD3,3,0,0.233387358184765
SAMD7,2,0,0.006482982171799027
SAMSN1,2,0,0.42679632631010267
SASH3,2,0,0.4692058346839546
SASS6,2,0,0.3076715289032955
SBSN,2,0,0.4721772015126958
SCAMPER,1,0,0.005672609400324149
SCEL,2,0,0.030253916801728797
SCGB1D1,2,0,0.15532144786601837
SCGB1D2,1,0,0.16612641815235007
SCGB1D4,2,0,0.028363047001620744
SCGB2A1,2,0,0.028092922744462453
SCIMP,4,0,0.1882766072393301
SCML2,2,0,0.08562938951917883
SCML4,3,0,0.06942193408968125
SCN10A,3,0,0.2477039438141545
SCN11A,2,0,0.08400864397622906
SCN5A,3,0,0.17152890329551593
SCNN1A,1,0,0.012155591572123177
SCNN1G,3,0,0.08130740140464614
SCUBE1,2,0,0.11453268503511616
SCUBE3,2,0,0.023500810372771474
SDR16C6P,2,0,0.01755807671528903
SDR42E1,2,0,0.029983792544570502
SDR9C7,2,0,0.011075094543490005
SEC14L3,2,0,0.046191247974068074
SEL1L2,2,0,0.12317666126418152
SELE,2,0,0.05159373311723393
SELL,2,0,0.011345218800648298
SELP,2,0,0.02890329551593733
SEMA3F,3,0,0.032955159373311727
SEMG1,3,0,0.19800108049702864
SEPHS1P5,2,0,0.004321988114532685
SEPT1,2,0,0.02404105888708806
SERINC2,3,0,0.041329011345218804
SERINC4,2,0,0.19773095623987033
SERPINA10,2,0,0.02593192868719611
SERPINA11,2,0,0.016747703943814155
SERPINA12,2,0,0.02025931928687196
SERPINA13,2,0,0.0024311183144246355
SERPINA2,3,0,0.01053484602917342
SERPINA4,2,0,0.013776337115072933
SERPINA5,2,0,0.06293895191788222
SERPINA7,2,0,0.015667206915180983
SERPINA9,2,0,0.02404105888708806
SERPINB10,2,0,0.10777957860615883
SERPINB11,2,0,0.006482982171799027
SERPINB12,2,0,0.010804970286331712
SERPINB13,3,0,0.00864397622906537
SERPINB3,1,0,0.008373851971907077
SERPINB4,1,0,0.010264721772015126
SERPINB5,3,0,0.005132360886007563
SERPINB7,2,0,0.014046461372231226
SERPINC1,2,0,0.024311183144246355
SERPIND1,2,0,0.037007023230686116
SERPINE1,2,0,0.06537007023230686
SERPINE3,2,0,0.013236088600756347
SERPINF2,2,0,0.05969746083198271
SFRP4,2,0,0.34521880064829824
SFRP5,2,0,0.12317666126418152
SFT2D2,2,0,0.28498109130199895
SFTA2,2,0,0.024311183144246355
SFTA3,2,0,0.09913560237709346
SFTPB,2,0,0.26066990815775254
SFXN2,2,0,0.33603457590491626
SGCG,2,0,0.24014046461372232
SGCZ,2,0,0.3236088600756348
SGMS2,2,0,0.1763911399243652
SGOL1,5,0,0.018638573743922204
SH2D1A,2,0,0.008914100486223663
SH2D1B,2,0,0.413290113452188
SH2D3A,2,0,0.3249594813614263
SH2D4A,2,0,0.06699081577525662
SH2D4B,2,0,0.00864397622906537
SH2D7,2,0,0.046191247974068074
SH3RF2,2,0,0.440032414910859
SH3RF3-AS1,1,0,0.004051863857374392
SH3TC1,2,0,0.24257158292814696
SHBG,3,0,0.4251755807671529
SHCBP1,2,0,0.24878444084278767
SHE,2,0,0.14343598055105347
SHH,2,0,0.07941653160453808
SHISA3,2,0,0.28444084278768234
SHKBP1,2,0,0.4692058346839546
SHOX2,2,0,0.2144786601836845
SI,2,0,0.044840626688276604
SIGLEC1,2,0,0.024311183144246355
SIGLEC10,2,0,0.3946515397082658
SIGLEC12,2,0,0.041058887088060506
SIGLEC7,2,0,0.09319286871961102
SIGLEC8,2,0,0.2636412749864938
SIGLEC9,2,0,0.023230686115613183
SIGLECP3,2,0,0.3727714748784441
SIM1,2,0,0.14451647757968666
SIRPB2,3,0,0.03835764451647758
SIRPD,2,0,0.07671528903295516
SIRT6,1,0,0.2893030794165316
SIT1,2,0,0.011885467314964884
SIX1,2,0,0.36980010804970287
SIX2,2,0,0.025391680172879523
SIX4,2,0,0.45272825499729874
SIX6,2,0,0.3695299837925446
SKINTL,1,0,0.001350621285791464
SKOR1,2,0,0.14532685035116152
SLA2,2,0,0.04051863857374392
SLAMF1,2,0,0.46326310102647217
SLAMF6,2,0,0.012695840086439762
SLC10A1,2,0,0.15153970826580226
SLC10A2,2,0,0.23743922204213938
SLC10A5,2,0,0.08914100486223663
SLC10A6,2,0,0.036736898973527825
SLC11A1,3,0,0.451107509454349
SLC12A1,2,0,0.4497568881685575
SLC12A3,3,0,0.12938951917882227
SLC13A1,2,0,0.005942733657482442
SLC13A2,5,0,0.35899513776337116
SLC13A4,2,0,0.3876283090221502
SLC14A2,3,0,0.37007023230686115
SLC15A1,1,0,0.009724473257698542
SLC16A10,2,0,0.01539708265802269
SLC16A12,2,0,0.011345218800648298
SLC16A4,1,0,0.47271745002701243
SLC17A1,2,0,0.0035116153430578066
SLC17A2,2,0,0.007833603457590491
SLC17A3,2,0,0.23527822798487305
SLC18A1,3,0,0.46029173419773095
SLC18A3,3,0,0.14073473797947056
SLC22A1,2,0,0.12479740680713128
SLC22A11,2,0,0.07320367368989736
SLC22A13,2,0,0.3573743922204214
SLC22A14,2,0,0.42625607779578606
SLC22A16,3,0,0.009724473257698542
SLC22A2,2,0,0.08806050783360346
SLC22A20,2,0,0.3565640194489465
SLC22A24,2,0,0.011615343057806591
SLC22A25,3,0,0.15991356023770933
SLC22A6,2,0,0.15532144786601837
SLC22A8,2,0,0.02701242571582928
SLC23A1,2,0,0.017017828200972446
SLC25A2,2,0,0.3978930307941653
SLC25A21,2,0,0.23014586709886548
SLC25A30,2,0,0.22744462452728256
SLC25A31,2,0,0.004321988114532685
SLC25A35,1,0,0.38006482982171796
SLC26A3,2,0,0.024581307401404646
SLC26A5,8,0,0.1358725013506213
SLC26A7,3,0,0.010804970286331712
SLC26A9,2,0,0.3711507293354943
SLC28A1,4,0,0.2614802809292274
SLC28A2,2,0,0.014856834143706105
SLC28A3,2,0,0.01053484602917342
SLC2A14,1,0,0.30524041058887086
SLC2A2,2,0,0.007563479200432199
SLC2A4,2,0,0.20016207455429497
SLC2A7,2,0,0.016477579686655863
SLC2A9,2,0,0.19016747703943815
SLC30A2,2,0,0.26958400864397625
SLC30A6,2,0,0.4394921663965424
SLC30A8,2,0,0.00675310642895732
SLC34A1,2,0,0.45353862776877363
SLC34A2,2,0,0.4430037817396002
SLC35D3,1,0,0.11021069692058347
SLC35F4,2,0,0.44489465153970825
SLC35G4,1,0,0.07833603457590492
SLC36A2,2,0,0.11858454889249055
SLC36A3,2,0,0.27579686655861696
SLC37A2,2,0,0.3684494867639114
SLC38A4,2,0,0.0037817396002160996
SLC38A8,2,0,0.26661264181523503
SLC39A2,2,0,0.18530524041058888
SLC39A5,2,0,0.2517558076715289
SLC43A3,2,0,0.33738519719070775
SLC44A4,2,0,0.007293354943273906
SLC45A2,2,0,0.028363047001620744
SLC46A2,2,0,0.08157752566180443
SLC47A2,3,0,0.1166936790923825
SLC4A1,4,0,0.2768773635872501
SLC4A5,2,0,0.37466234467855214
SLC5A1,2,0,0.01350621285791464
SLC5A5,2,0,0.25337655321447866
SLC5A7,2,0,0.15343057806591032
SLC5A8,2,0,0.09319286871961102
SLC5A9,2,0,0.01620745542949757
SLC6A11,3,0,0.45623987034035657
SLC6A14,3,0,0.00945434900054025
SLC6A18,2,0,0.495407887628309
SLC6A2,2,0,0.039978390059427334
SLC6A20,3,0,0.4097784981091302
SLC6A4,11,0,0.1874662344678552
SLC6A5,2,0,0.2820097244732577
SLC6A9,2,0,0.2552674230145867
SLC7A13,2,0,0.014856834143706105
SLC7A3,2,0,0.05888708806050783
SLC7A9,2,0,0.024311183144246355
SLC9A10,2,0,0.008103727714748784
SLC9A11,2,0,0.019989195029713667
SLC9A3,2,0,0.23473797947055647
SLC9A4,2,0,0.021339816315505133
SLC9B1P1,1,0,0.424365207995678
SLC9B1P4,1,0,0.05348460291734198
SLCO1B1,2,0,0.032955159373311727
SLCO1B3,2,0,0.00675310642895732
SLCO4C1,2,0,0.26418152350081037
SLCO5A1,3,0,0.046731496488384656
SLCO6A1,2,0,0.19502971366828742
SLED1,2,0,0.35062128579146407
SLFN12L,2,0,0.007023230686115613
SLFN13,2,0,0.011615343057806591
SLFN14,2,0,0.005672609400324149
SMAD5OS,2,0,0.4619124797406807
SMC1B,2,0,0.0035116153430578066
SMCP,2,0,0.09832522960561858
SMEK3P,2,0,0.02377093462992977
SMPD2,2,0,0.4829821717990275
SMPD5,1,0,0.009184224743381956
SMPDL3B,2,0,0.4654240950837385
SMR3B,2,0,0.00945434900054025
SMTNL2,3,0,0.27363587250135063
SMYD1,2,0,0.0750945434900054
SNAI3,2,0,0.3635872501350621
SNTN,2,0,0.014046461372231226
SOAT2,2,0,0.0715829281469476
SOCS3,2,0,0.20907617504051865
SOHLH2,2,0,0.3873581847649919
SOST,2,0,0.35089141004862234
SOX14,2,0,0.09562398703403566
SOX30,3,0,0.07320367368989736
SP8,2,0,0.10480821177741761
SPACA1,2,0,0.08400864397622906
SPACA4,2,0,0.004592112371690978
SPACA5,3,0,0.12317666126418152
SPAG1,2,0,0.29443544030253915
SPAG11,6,0,0.015937331172339277
SPAG17,2,0,0.12452728254997299
SPAG4L,2,0,0.29848730415991354
SPAG6,3,0,0.23878984332793085
SPAM1,2,0,0.1396542409508374
SPANXA1,2,0,0.020799567801188548
SPANXB1,1,0,0.27984873041599134
SPANXC,1,0,0.017017828200972446
SPANXD,1,0,0.012965964343598054
SPANXN1,2,0,0.047271745002701246
SPANXN2,2,0,0.37817396002160997
SPANXN3,2,0,0.029983792544570502
SPANXN4,2,0,0.039978390059427334
SPANXN5,2,0,0.2568881685575365
SPATA12,2,0,0.005672609400324149
SPATA16,2,0,0.021339816315505133
SPATA17,1,0,0.03862776877363587
SPATA19,2,0,0.06537007023230686
SPATA21,2,0,0.015937331172339277
SPATA22,2,0,0.47568881685575365
SPATA3,2,0,0.012965964343598054
SPATA5,2,0,0.45650999459751485
SPATA8,2,0,0.0035116153430578066
SPATA9,3,0,0.08400864397622906
SPATC1,2,0,0.0753646677471637
SPATS1,2,0,0.06158833063209076
SPC24,2,0,0.05888708806050783
SPC25,2,0,0.12101566720691519
SPDYA,2,0,0.09103187466234468
SPDYC,2,0,0.12263641274986493
SPDYE2,1,0,0.4351701782820097
SPDYE4,2,0,0.025121555915721232
SPERT,2,0,0.005132360886007563
SPESP1,1,0,0.17017828200972449
SPIC,2,0,0.1239870340356564
SPINK1,2,0,0.02782279848730416
SPINK4,2,0,0.029443544030253916
SPINK5,4,0,0.036196650459211235
SPINK6,2,0,0.11885467314964884
SPINK9,2,0,0.2360886007563479
SPINLW1,2,0,0.006212857914640735
SPINT1,1,0,0.12992976769313885
SPINT3,2,0,0.2568881685575365
SPINT4,2,0,0.004321988114532685
SPO11,2,0,0.011615343057806591
SPP2,2,0,0.008103727714748784
SPRR1B,2,0,0.061048082117774176
SPRR2A,2,0,0.022420313344138302
SPRR2B,1,0,0.0018908698001080498
SPRR2D,1,0,0.03403565640194489
SPRR2G,2,0,0.42706645056726095
SPRR3,3,0,0.46488384656942194
SPRR4,2,0,0.11723392760669908
SPRYD5,3,0,0.04781199351701783
SPTA1,2,0,0.012695840086439762
SPTLC3,2,0,0.055375472717450025
SPZ1,2,0,0.00945434900054025
SRD5A2,2,0,0.07401404646137223
SRMS,2,0,0.017017828200972446
SRPX2,2,0,0.3479200432198811
SRY,2,0,0.07590491626148028
SSPO,2,0,0.45569962182603996
SSTR5,2,0,0.25499729875742844
SSTR5-AS1,2,0,0.01242571582928147
SSU72P1,2,0,0.3719611021069692
SSX1,1,0,0.0016207455429497568
SSX3,2,0,0.026472177201512695
SSX4,2,0,0.005132360886007563
SSX6,1,0,0.007833603457590491
SSX7,1,0,0.0021609940572663426
SSX8,1,0,0.006482982171799027
SSX9,1,0,0.028363047001620744
ST6GALNAC2,2,0,0.1166936790923825
ST7-OT3,1,0,0.12317666126418152
ST8SIA6,2,0,0.18557536466774716
STAB2,2,0,0.013776337115072933
STAC,2,0,0.2568881685575365
STAC3,2,0,0.29146407347379794
STAP1,2,0,0.01350621285791464
STARD6,2,0,0.0189086980010805
STATH,4,0,0.01242571582928147
STC1,2,0,0.09832522960561858
STEAP1,2,0,0.4900054024851432
STEAP4,2,0,0.009724473257698542
STIL,2,0,0.02485143165856294
STK19P,1,0,0.026472177201512695
STK32A,2,0,0.4932468935710427
STK32B,2,0,0.2747163695299838
STOML3,3,0,0.03430578065910319
STON1-GTF2A1L,3,0,0.03916801728795246
STRA8,2,0,0.008373851971907077
STX11,2,0,0.37412209616423553
STXBP2,2,0,0.04943273905996758
SUCNR1,2,0,0.29200432198811455
SULT1B1,2,0,0.018638573743922204
SULT1C2,2,0,0.05888708806050783
SULT1C3,2,0,0.024311183144246355
SULT1E1,2,0,0.005672609400324149
SULT2A1,2,0,0.014046461372231226
SULT6B1,2,0,0.021609940572663425
SUMO4,1,0,0.4837925445705024
SUNC1,2,0,0.23203673689897353
SVIL,3,0,0.25283630470016205
SVOPL,2,0,0.42004321988114535
SYCE2,2,0,0.2368989735278228
SYCP1,2,0,0.44543490005402486
SYCP3,2,0,0.06618044300378174
SYT14L,1,0,0.004321988114532685
SYT8,2,0,0.0375472717450027
SYTL1,3,0,0.4319286871961102
TAAR1,2,0,0.08481901674770394
TAAR6,2,0,0.016477579686655863
TAAR9,2,0,0.007293354943273906
TACR1,2,0,0.04916261480280929
TACR3,2,0,0.21636952998379255
TACSTD2,2,0,0.30361966504592114
TAF5LP1,1,0,0.031064289573203674
TAF7L,2,0,0.2941653160453809
TAGAP,4,0,0.2406807131280389
TAKR,2,0,0.004321988114532685
TARP,2,0,0.21772015126958402
TAS1R2,2,0,0.006212857914640735
TAS1R3,2,0,0.06266882766072393
TAS2R1,2,0,0.20475418692598596
TAS2R16,2,0,0.006212857914640735
TAS2R3,2,0,0.09238249594813615
TAS2R38,2,0,0.005942733657482442
TAS2R40,2,0,0.025121555915721232
TAS2R41,2,0,0.4313884386817936
TAS2R42,2,0,0.012155591572123177
TAS2R7,2,0,0.03511615343057806
TAS2R8,2,0,0.02485143165856294
TAS2R9,2,0,0.1839546191247974
TBC1D21,2,0,0.005672609400324149
TBC1D29,2,0,0.014586709886547812
TBPL2,2,0,0.004862236628849271
TBX10,2,0,0.3908698001080497
TBX15,2,0,0.08103727714748785
TBX18,2,0,0.01620745542949757
TBX20,2,0,0.00945434900054025
TBX21,2,0,0.4773095623987034
TBX22,2,0,0.004051863857374392
TBX4,2,0,0.020799567801188548
TBX5-AS1,2,0,0.004862236628849271
TBX6,2,0,0.10156672069151809
TCEB3B,2,0,0.01242571582928147
TCEB3C,2,0,0.07374392220421394
TCF19,2,0,0.151269584008644
TCF21,3,0,0.015667206915180983
TCHHL1,2,0,0.010804970286331712
TCL1A,3,0,0.3254997298757428
TCN1,2,0,0.08508914100486224
TCP10,2,0,0.4141004862236629
TCP11,3,0,0.01728795245813074
TCTEX1D4,1,0,0.007833603457590491
TDGF1P3,2,0,0.2290653700702323
TDO2,2,0,0.23068611561318206
TDRD5,2,0,0.18854673149648837
TEAD2,2,0,0.018638573743922204
TEAD4,2,0,0.37763371150729336
TEC,2,0,0.01053484602917342
TECRL,2,0,0.018098325229605618
TECTB,2,0,0.0037817396002160996
TEDDM1,2,0,0.0032414910858995136
TEKT1,2,0,0.0189086980010805
TEKT3,2,0,0.10777957860615883
TET3,2,0,0.4654240950837385
TEX101,3,0,0.44489465153970825
TEX11,2,0,0.008914100486223663
TEX12,2,0,0.03268503511615343
TEX13A,2,0,0.011615343057806591
TEX14,3,0,0.1202052944354403
TEX15,2,0,0.42301458670988656
TEX19,2,0,0.01917882225823879
TEX28,2,0,0.011345218800648298
TFAMP1,2,0,0.2255537547271745
TFAP2A,1,0,0.08914100486223663
TFAP2B,2,0,0.16963803349540788
TFAP2D,2,0,0.06239870340356564
TFAP4,2,0,0.030524041058887088
TFCP2L1,2,0,0.23419773095623986
TFDP3,2,0,0.12479740680713128
TFF2,2,0,0.2755267423014587
TFPI2,2,0,0.255537547271745
TGFA,2,0,0.21258779038357645
TGFB1,2,0,0.4913560237709346
TGFB1I1,2,0,0.48892490545651
TGIF2,2,0,0.08887088060507833
TGIF2LX,2,0,0.015937331172339277
TGIF2LY,1,0,0.16342517558076716
TGM3,2,0,0.019448946515397084
TGM4,2,0,0.07239330091842247
TGM5,2,0,0.02188006482982172
TGM6,2,0,0.01431658562938952
TGM7,2,0,0.09724473257698542
THEG,2,0,0.3001080497028633
THEM5,2,0,0.31766612641815234
THPO,2,0,0.2655321447866018
THRSP,2,0,0.18665586169638035
THSD7B,3,0,0.4389519178822258
TIAF1,1,0,0.048892490545651
TIFAB,2,0,0.007023230686115613
TIGIT,2,0,0.018368449486763912
TIMD4,3,0,0.017828200972447326
TINAG,2,0,0.08346839546191248
TINAGL1,2,0,0.30307941653160453
TKTL2,2,0,0.0037817396002160996
TLR10,3,0,0.14559697460831983
TLR7,2,0,0.45029713668287413
TLR8,2,0,0.01242571582928147
TLR8-AS1,1,0,0.0035116153430578066
TM4SF19,2,0,0.016747703943814155
TM4SF20,2,0,0.005672609400324149
TM4SF4,2,0,0.0035116153430578066
TM4SF5,2,0,0.061048082117774176
TM7SF4,2,0,0.3209076175040519
TMC1,2,0,0.011615343057806591
TMC2,3,0,0.09643435980551053
TMC3,3,0,0.023230686115613183
TMC5,3,0,0.05969746083198271
TMCO2,2,0,0.07968665586169638
TMCO4,2,0,0.31064289573203674
TMCO5A,2,0,0.007293354943273906
TMED6,2,0,0.09346299297676931
TMEM102,2,0,0.23743922204213938
TMEM139,1,0,0.34819016747703946
TMEM146,2,0,0.027282549972987576
TMEM14E,2,0,0.26958400864397625
TMEM154,2,0,0.02485143165856294
TMEM156,2,0,0.01350621285791464
TMEM184A,1,0,0.4783900594273366
TMEM190,2,0,0.22447325769854132
TMEM195,2,0,0.09319286871961102
TMEM20,2,0,0.1358725013506213
TMEM200B,1,0,0.015667206915180983
TMEM202,2,0,0.011345218800648298
TMEM207,2,0,0.12371690977849811
TMEM211,2,0,0.45326850351161535
TMEM213,2,0,0.056185845488924906
TMEM215,3,0,0.49756888168557534
TMEM225,2,0,0.002971366828741221
TMEM26,2,0,0.07590491626148028
TMEM27,2,0,0.39708265802269044
TMEM31,2,0,0.3665586169638034
TMEM45A,2,0,0.2576985413290113
TMEM46,2,0,0.06050783360345759
TMEM71,3,0,0.041329011345218804
TMEM75,1,0,0.02674230145867099
TMEM89,2,0,0.13641274986493787
TMEM92,2,0,0.017017828200972446
TMIGD1,2,0,0.01053484602917342
TMOD4,2,0,0.22393300918422473
TMPRSS11A,2,0,0.01242571582928147
TMPRSS11B,2,0,0.01728795245813074
TMPRSS11D,2,0,0.013236088600756347
TMPRSS11E2,3,0,0.06888168557536467
TMPRSS11F,2,0,0.0035116153430578066
TMPRSS12,2,0,0.05942733657482442
TMPRSS13,2,0,0.02106969205834684
TMPRSS3,3,0,0.250945434900054
TMPRSS4,2,0,0.03862776877363587
TMPRSS7,2,0,0.22825499729875742
TMPRSS8,1,0,0.3117233927606699
TMPRSS9,2,0,0.13992436520799567
TNFAIP3,2,0,0.2568881685575365
TNFRSF10C,2,0,0.07725553754727174
TNFRSF10D,2,0,0.015937331172339277
TNFRSF11A,2,0,0.24014046461372232
TNFRSF13B,2,0,0.019989195029713667
TNFRSF17,1,0,0.02485143165856294
TNFRSF18,2,0,0.1874662344678552
TNFRSF19,3,0,0.4343598055105348
TNFRSF1B,1,0,0.014046461372231226
TNFRSF9,2,0,0.005132360886007563
TNFSF11,3,0,0.05159373311723393
TNFSF14,2,0,0.2296056185845489
TNFSF15,2,0,0.010264721772015126
TNFSF18,2,0,0.009724473257698542
TNFSF8,2,0,0.02404105888708806
TNK1,2,0,0.3981631550513236
TNMD,2,0,0.18881685575364668
TNN,2,0,0.2404105888708806
TNNI2,2,0,0.12236628849270664
TNNI3K,2,0,0.47622906537007026
TNP1,2,0,0.03268503511615343
TNP2,2,0,0.18962722852512157
TNS4,2,0,0.017017828200972446
TOB2P1,1,0,0.2368989735278228
TOM1L1,1,0,0.4513776337115073
TOP2A,2,0,0.005942733657482442
TP53,4,0,0.184494867639114
TP53TG3B,1,0,0.004321988114532685
TP63,4,0,0.030524041058887088
TPD52L3,4,0,0.014586709886547812
TPH1,3,0,0.10210696920583469
TPH2,2,0,0.35872501350621283
TPPP2,2,0,0.09859535386277687
TPRG1,2,0,0.021609940572663425
TPRX1,2,0,0.2917341977309562
TPRXL,2,0,0.49405726634251756
TPSAB1,2,0,0.031064289573203674
TPSD1,2,0,0.008103727714748784
TPTE2,4,0,0.03430578065910319
TPTE2P2,2,0,0.014046461372231226
TRAT1,2,0,0.019448946515397084
TRBV16,1,0,0.0018908698001080498
TRDN,2,0,0.08508914100486224
TREH,2,0,0.018638573743922204
TREM1,2,0,0.015937331172339277
TREML2,2,0,0.027282549972987576
TREML3,2,0,0.011345218800648298
TREML4,2,0,0.008373851971907077
TREX2,2,0,0.08022690437601297
TRHR,2,0,0.24365207995678012
TRIM31,2,0,0.023230686115613183
TRIM38,2,0,0.3419773095623987
TRIM40,2,0,0.05726634251755808
TRIM42,2,0,0.14775796866558616
TRIM43,2,0,0.07050243111831442
TRIM43B,2,0,0.027282549972987576
TRIM49DP,1,0,0.02106969205834684
TRIM50,1,0,0.3317125877903836
TRIM55,4,0,0.09724473257698542
TRIM6,2,0,0.3303619665045921
TRIM60,2,0,0.018098325229605618
TRIM63,2,0,0.09211237169097786
TRIM64B,3,0,0.008373851971907077
TRIM71,2,0,0.320097244732577
TRIM75,2,0,0.009994597514856833
TRIM77P,2,0,0.016747703943814155
TRIML1,2,0,0.00675310642895732
TRIML2,2,0,0.4168017287952458
TRIP13,2,0,0.06347920043219882
TRPA1,2,0,0.013236088600756347
TRPC2,2,0,0.4484062668827661
TRPC5OS,1,0,0.0032414910858995136
TRPC6,3,0,0.36304700162074555
TRPC7,2,0,0.037817396002161
TRPM1,2,0,0.011345218800648298
TRPM8,2,0,0.025121555915721232
TRPV4,2,0,0.03646677471636953
TRPV5,2,0,0.484332793084819
TSGA10IP,2,0,0.0902215018908698
TSGA13,2,0,0.11237169097784981
TSHR,3,0,0.03079416531604538
TSIX,1,0,0.0010804970286331713
TSKS,2,0,0.0564559697460832
TSLP,3,0,0.04403025391680173
TSPAN32,3,0,0.08265802269043761
TSPY1,6,0,0.41950297136682874
TSPY26P,2,0,0.28417071853052406
TSPYL6,2,0,0.04997298757428417
TSSK1B,2,0,0.00945434900054025
TSSK2,1,0,0.006482982171799027
TSSK3,2,0,0.23473797947055647
TSSK4,2,0,0.018098325229605618
TSSK6,2,0,0.06266882766072393
TTC22,2,0,0.2506753106428957
TTC26,2,0,0.4392220421393841
TTC29,2,0,0.297947055645597
TTK,2,0,0.06807131280388978
TTLL10,2,0,0.2709346299297677
TTLL2,2,0,0.37061048082117776
TTLL6,2,0,0.24014046461372232
TTLL9,2,0,0.4624527282549973
TTTY1,2,0,0.01539708265802269
TTTY10,2,0,0.10561858454889249
TTTY11,2,0,0.017828200972447326
TTTY12,1,0,0.004321988114532685
TTTY13,2,0,0.25877903835764454
TTTY2,2,0,0.00675310642895732
TTTY20,1,0,0.01242571582928147
TTTY21,2,0,0.011885467314964884
TTTY22,2,0,0.012155591572123177
TTTY23,2,0,0.012965964343598054
TTTY3B,1,0,0.2450027012425716
TTTY4B,2,0,0.10102647217720151
TTTY5,2,0,0.03835764451647758
TTTY6B,3,0,0.050243111831442464
TTTY7,3,0,0.012155591572123177
TTTY8,1,0,0.00675310642895732
TTTY9B,2,0,0.00945434900054025
TUBA3E,1,0,0.00675310642895732
TUBAL3,2,0,0.007023230686115613
TULP1,2,0,0.0823878984332793
TULP2,2,0,0.15964343598055106
TUSC5,2,0,0.41950297136682874
TWIST2,1,0,0.310913019989195
TXK,2,0,0.055375472717450025
TXNDC2,3,0,0.06672069151809833
TXNDC3,2,0,0.3119935170178282
TXNDC8,2,0,0.005132360886007563
TYR,3,0,0.13641274986493787
UBAC2-AS1,1,0,0.03565640194489465
UBASH3A,3,0,0.019448946515397084
UBASH3B,3,0,0.4211237169097785
UBD,2,0,0.07293354943273905
UBE2CP4,1,0,0.014856834143706105
UBE2U,2,0,0.005132360886007563
UBL4B,2,0,0.09265262020529444
UBQLN3,2,0,0.09157212317666126
UBQLNL,2,0,0.3492706645056726
UBTFL1,3,0,0.011615343057806591
UCA1,2,0,0.05888708806050783
UCMA,2,0,0.11426256077795786
UCN3,2,0,0.2968665586169638
UCP1,2,0,0.01620745542949757
UGT1A8,1,0,0.004051863857374392
UGT1A9,2,0,0.3498109130199892
UGT2A1,4,0,0.21501890869800108
UGT2A3,3,0,0.007023230686115613
UGT2B11,2,0,0.013236088600756347
UGT2B17,2,0,0.1426256077795786
UGT2B28,1,0,0.06131820637493247
UGT2B4,2,0,0.00675310642895732
UGT2B7,2,0,0.014856834143706105
UGT3A1,3,0,0.2655321447866018
UGT3A2,2,0,0.02485143165856294
UHRF1BP1,2,0,0.43544030253916804
ULBP3,2,0,0.00945434900054025
UMODL1,2,0,0.03268503511615343
UNC45B,2,0,0.031874662344678555
UNC5CL,2,0,0.17233927606699082
UNC93A,2,0,0.004321988114532685
UNCX,2,0,0.3984332793084819
UNG,2,0,0.31307401404646135
UNQ6494,1,0,0.007293354943273906
UPB1,2,0,0.40842787682333875
UPK1A,2,0,0.032955159373311727
UPK1B,2,0,0.02025931928687196
UROC1,2,0,0.007023230686115613
USH1G,2,0,0.06618044300378174
USH2A,4,0,0.06158833063209076
USP17L1P,1,0,0.004862236628849271
USP17L7,2,0,0.007563479200432199
USP17L8,5,0,0.08616963803349541
USP26,2,0,0.018638573743922204
USP29,2,0,0.1501890869800108
USP44,2,0,0.10561858454889249
USP50,2,0,0.01755807671528903
UTS2,2,0,0.17828200972447325
UTS2D,2,0,0.1050783360345759
VAX1,4,0,0.3490005402485143
VCAM1,1,0,0.11777417612101566
VCAN,1,0,0.26796326310102647
VCX3A,1,0,0.42409508373851973
VDR,2,0,0.3490005402485143
VENTXP1,2,0,0.005942733657482442
VEPH1,2,0,0.277687736358725
VGLL1,2,0,0.017828200972447326
VGLL2,2,0,0.1774716369529984
VHLL,2,0,0.19313884386817937
VIL1,2,0,0.0750945434900054
VN1R10P,2,0,0.01917882225823879
VN1R2,2,0,0.05834683954619125
VN1R4,5,0,0.18692598595353863
VN1R5,2,0,0.005402485143165856
VN1R64P,2,0,0.005132360886007563
VNN1,2,0,0.007833603457590491
VNN3,2,0,0.00675310642895732
VSIG1,2,0,0.15883306320907617
VSIG2,2,0,0.2520259319286872
VSTM5,2,0,0.10021609940572664
VSX2,2,0,0.041869259859535386
VTCN1,2,0,0.014586709886547812
VWA3B,2,0,0.029443544030253916
VWA5B1,2,0,0.10588870880605078
WASIR2,1,0,0.00675310642895732
WBP2NL,2,0,0.028092922744462453
WBSCR28,2,0,0.013776337115072933
WDR40B,2,0,0.004321988114532685
WDR42B,3,0,0.08076715289032955
WDR5B,2,0,0.24527282549972987
WDR63,2,0,0.37385197190707725
WDR64,2,0,0.08725013506212857
WDR65,3,0,0.013236088600756347
WDR69,2,0,0.4481361426256078
WDR72,2,0,0.0037817396002160996
WDR76,1,0,0.056996218260399786
WDR87,2,0,0.018098325229605618
WDR88,2,0,0.005942733657482442
WEE1,2,0,0.4138303619665046
WEE2,1,0,0.046461372231226365
WFDC11,2,0,0.002971366828741221
WFDC13,2,0,0.009724473257698542
WFDC5,2,0,0.06347920043219882
WFDC6,2,0,0.007293354943273906
WFDC9,2,0,0.012965964343598054
WISP1,3,0,0.07752566180443003
WISP3,2,0,0.023500810372771474
WNK4,2,0,0.16099405726634253
WNT1,2,0,0.027552674230145867
WNT16,2,0,0.1993517017828201
WNT2,2,0,0.1990815775256618
WNT3A,2,0,0.304430037817396
WNT7A,2,0,0.4792004321988115
WNT8A,2,0,0.0753646677471637
WNT8B,2,0,0.026472177201512695
WNT9A,3,0,0.019989195029713667
WNT9B,2,0,0.04808211777417612
WRAP53,2,0,0.3641274986493787
WT1,2,0,0.014046461372231226
WWTR1-AS1,1,0,0.03079416531604538
XAGE1B,2,0,0.051323608860075635
XAGE1D,1,0,0.029983792544570502
XAGE2B,2,0,0.05483522420313344
XAGE3,4,0,0.23176661264181522
XAGE5,2,0,0.02215018908698001
XCL1,1,0,0.0189086980010805
XCL2,1,0,0.024581307401404646
XDH,2,0,0.01539708265802269
XG,2,0,0.019719070772555376
XIRP2,4,0,0.15640194489465153
XKR3,2,0,0.024311183144246355
XKR5,2,0,0.027552674230145867
XKR7,2,0,0.13425175580767154
XKRX,2,0,0.14208535926526203
XKRY,2,0,0.005132360886007563
XPNPEP2,2,0,0.08103727714748785
XRCC2,1,0,0.006212857914640735
XXBAC-B33L19.2,2,0,0.010804970286331712
YIPF7,2,0,0.40626688276607237
YPLR6490,2,0,0.08157752566180443
ZAR1,2,0,0.16666666666666666
ZAR1L,2,0,0.1842247433819557
ZBED2,2,0,0.03646677471636953
ZBP1,2,0,0.018098325229605618
ZBTB20-AS1,1,0,0.009994597514856833
ZBTB32,2,0,0.02890329551593733
ZBTB46,1,0,0.21745002701242572
ZBTB8B,2,0,0.028092922744462453
ZC3H12D,3,0,0.40005402485143166
ZCCHC13,2,0,0.08562938951917883
ZCCHC5,2,0,0.24014046461372232
ZDHHC1,2,0,0.3133441383036197
ZDHHC15,2,0,0.4638033495407888
ZFP30,2,0,0.09346299297676931
ZFP42,2,0,0.013776337115072933
ZFP57,2,0,0.01431658562938952
ZFP92,2,0,0.010264721772015126
ZG16,2,0,0.022960561858454888
ZIC2,1,0,0.4011345218800648
ZIM3,2,0,0.009184224743381956
ZMYND17,2,0,0.02863317125877904
ZNF114,2,0,0.097784981091302
ZNF2,2,0,0.320097244732577
ZNF226,2,0,0.01755807671528903
ZNF282,2,0,0.11534305780659103
ZNF295-AS1,2,0,0.24878444084278767
ZNF296,2,0,0.38006482982171796
ZNF300,2,0,0.4624527282549973
ZNF311,2,0,0.29497568881685576
ZNF321P,2,0,0.01539708265802269
ZNF366,2,0,0.38141545110750946
ZNF367,2,0,0.055105348460291734
ZNF408,2,0,0.10021609940572664
ZNF503-AS1,1,0,0.011345218800648298
ZNF556,2,0,0.2225823878984333
ZNF560,2,0,0.005942733657482442
ZNF597,2,0,0.21609940572663425
ZNF645,2,0,0.011615343057806591
ZNF663,1,0,0.09589411129119395
ZNF674,1,0,0.35872501350621283
ZNF683,2,0,0.18179362506753105
ZNF695,2,0,0.021339816315505133
ZNF705A,2,0,0.19665045921123717
ZNF705C,2,0,0.1685575364667747
ZNF732,1,0,0.24716369529983792
ZNF735,2,0,0.36601836844948676
ZNF750,2,0,0.006212857914640735
ZNF792,2,0,0.3076715289032955
ZNF799,1,0,0.49648838465694217
ZNF80,2,0,0.019719070772555376
ZNF804A,1,0,0.3163155051323609
ZNF804B,2,0,0.08319827120475419
ZNF833P,1,0,0.0010804970286331713
ZNF860,1,0,0.14748784440842788
ZNF878,1,0,0.006482982171799027
ZNF90,2,0,0.1012965964343598
ZP1,2,0,0.43490005402485143
ZP2,2,0,0.23230686115613183
ZP4,2,0,0.007023230686115613
ZPBP,2,0,0.01350621285791464
ZPBP2,2,0,0.004592112371690978
ZPLD1,2,0,0.010264721772015126
ZSCAN12P1,2,0,0.029443544030253916
ZSCAN21,1,0,0.24878444084278767
ZSCAN4,2,0,0.0035116153430578066
ZSCAN5B,2,0,0.24473257698541329
ZSWIM2,2,0,0.005942733657482442
ZYG11A,2,0,0.15694219340896812
