donor_id,gene_symbol,probe_id,detected_sample_count,total_sample_count,detection_rate
normalized_microarray_donor10021,APOE,1059132,891,893,0.9977603583426652
normalized_microarray_donor10021,APOE,1059133,888,893,0.9944008958566629
normalized_microarray_donor10021,APOE,1067762,891,893,0.9977603583426652
normalized_microarray_donor10021,ARHGEF2,1019068,878,893,0.9832026875699889
normalized_microarray_donor10021,ARHGEF2,1048871,822,893,0.9204927211646137
normalized_microarray_donor10021,ASH1L,1041471,717,893,0.8029115341545353
normalized_microarray_donor10021,ASH1L,1041472,891,893,0.9977603583426652
normalized_microarray_donor10021,ASNS,1026103,891,893,0.9977603583426652
normalized_microarray_donor10021,ASNS,1026104,892,893,0.9988801791713325
normalized_microarray_donor10021,ASXL3,1015239,504,893,0.5643896976483762
normalized_microarray_donor10021,ASXL3,1015423,683,893,0.7648376259798432
normalized_microarray_donor10021,ASXL3,1016305,795,893,0.8902575587905935
normalized_microarray_donor10021,BAG3,1048474,890,893,0.9966405375139977
normalized_microarray_donor10021,BAG3,1048475,821,893,0.9193729003359462
normalized_microarray_donor10021,BBS9,1022575,893,893,1.0
normalized_microarray_donor10021,BBS9,1022576,738,893,0.826427771556551
normalized_microarray_donor10021,BCKDK,1011486,891,893,0.9977603583426652
normalized_microarray_donor10021,BCKDK,1019002,863,893,0.9664053751399776
normalized_microarray_donor10021,BCL9,1058854,893,893,1.0
normalized_microarray_donor10021,BCL9,1058855,677,893,0.7581187010078387
normalized_microarray_donor10021,BIN3,1041427,893,893,1.0
normalized_microarray_donor10021,BIN3,1041428,692,893,0.77491601343785
normalized_microarray_donor10021,BIN3,1041429,774,893,0.8667413213885778
normalized_microarray_donor10021,BRD3,1050009,893,893,1.0
normalized_microarray_donor10021,BRD3,1050010,891,893,0.9977603583426652
normalized_microarray_donor10021,BRIP1,1037918,21,893,0.023516237402015677
normalized_microarray_donor10021,BST1,1058746,176,893,0.19708846584546472
normalized_microarray_donor10021,BST1,1058747,309,893,0.3460246360582307
normalized_microarray_donor10021,C5ORF24,1015240,893,893,1.0
normalized_microarray_donor10021,C5ORF24,1020488,879,893,0.9843225083986562
normalized_microarray_donor10021,CAB39L,1011604,891,893,0.9977603583426652
normalized_microarray_donor10021,CAB39L,1020073,891,893,0.9977603583426652
normalized_microarray_donor10021,CAMK2D,1013642,892,893,0.9988801791713325
normalized_microarray_donor10021,CAMK2D,1017819,893,893,1.0
normalized_microarray_donor10021,CAMK2D,1027100,95,893,0.10638297872340426
normalized_microarray_donor10021,CAMK2D,1027101,893,893,1.0
normalized_microarray_donor10021,CAPN13,1036609,879,893,0.9843225083986562
normalized_microarray_donor10021,CAPN13,1036610,561,893,0.6282194848824189
normalized_microarray_donor10021,CARS2,1039201,891,893,0.9977603583426652
normalized_microarray_donor10021,CARS2,1039202,794,893,0.8891377379619261
normalized_microarray_donor10021,CC2D2A,1011388,627,893,0.7021276595744681
normalized_microarray_donor10021,CC2D2A,1018275,799,893,0.8947368421052632
normalized_microarray_donor10021,CCDC62,1029581,210,893,0.23516237402015677
normalized_microarray_donor10021,CCDC62,1029582,37,893,0.04143337066069429
normalized_microarray_donor10021,CCDC85A,1014186,871,893,0.975363941769317
normalized_microarray_donor10021,CCDC85A,1017604,888,893,0.9944008958566629
normalized_microarray_donor10021,CCT3,1029523,891,893,0.9977603583426652
normalized_microarray_donor10021,CCT3,1029524,893,893,1.0
normalized_microarray_donor10021,CD19,1058473,466,893,0.5218365061590146
normalized_microarray_donor10021,CD19,1058474,587,893,0.6573348264277715
normalized_microarray_donor10021,CHRNB1,1058196,815,893,0.9126539753639418
normalized_microarray_donor10021,CHRNB1,1058197,20,893,0.022396416573348264
normalized_microarray_donor10021,CLCN3,1025182,893,893,1.0
normalized_microarray_donor10021,CLCN3,1025183,891,893,0.9977603583426652
normalized_microarray_donor10021,CLCN3,1025184,893,893,1.0
normalized_microarray_donor10021,CNOT6L,1033005,776,893,0.8689809630459127
normalized_microarray_donor10021,CNOT6L,1033006,884,893,0.9899216125419933
normalized_microarray_donor10021,CNOT6L,1033007,892,893,0.9988801791713325
normalized_microarray_donor10021,CNTN1,1058103,891,893,0.9977603583426652
normalized_microarray_donor10021,CNTN1,1058104,892,893,0.9988801791713325
normalized_microarray_donor10021,COL3A1,1058092,2,893,0.0022396416573348264
normalized_microarray_donor10021,COL3A1,1058093,165,893,0.18477043673012317
normalized_microarray_donor10021,COL3A1,1058094,4,893,0.004479283314669653
normalized_microarray_donor10021,COL3A1,1058095,69,893,0.07726763717805152
normalized_microarray_donor10021,COMMD1,1034390,891,893,0.9977603583426652
normalized_microarray_donor10021,COMMD1,1034391,893,893,1.0
normalized_microarray_donor10021,CRLS1,1020322,891,893,0.9977603583426652
normalized_microarray_donor10021,CTSB,1030215,891,893,0.9977603583426652
normalized_microarray_donor10021,CTSB,1030216,891,893,0.9977603583426652
normalized_microarray_donor10021,CTSB,1030217,891,893,0.9977603583426652
normalized_microarray_donor10021,DCST1,1014309,45,893,0.05039193729003359
normalized_microarray_donor10021,DCST1,1018959,108,893,0.12094064949608063
normalized_microarray_donor10021,DCST1,1034485,17,893,0.019036954087346025
normalized_microarray_donor10021,DCUN1D1,1042987,890,893,0.9966405375139977
normalized_microarray_donor10021,DCUN1D1,1060966,891,893,0.9977603583426652
normalized_microarray_donor10021,DDRGK1,1039498,891,893,0.9977603583426652
normalized_microarray_donor10021,DDRGK1,1039499,891,893,0.9977603583426652
normalized_microarray_donor10021,DGKQ,1057741,857,893,0.9596864501679732
normalized_microarray_donor10021,DGKQ,1057742,3,893,0.0033594624860022394
normalized_microarray_donor10021,DIRC1,1036088,891,893,0.9977603583426652
normalized_microarray_donor10021,DIRC1,1036089,17,893,0.019036954087346025
normalized_microarray_donor10021,DLG2,1011473,891,893,0.9977603583426652
normalized_microarray_donor10021,DLG2,1014060,840,893,0.9406494960806271
normalized_microarray_donor10021,DLG2,1015299,891,893,0.9977603583426652
normalized_microarray_donor10021,DLG2,1020078,884,893,0.9899216125419933
normalized_microarray_donor10021,DNAH17,1029339,7,893,0.007838745800671893
normalized_microarray_donor10021,DNAH17,1029340,537,893,0.6013437849944009
normalized_microarray_donor10021,DNASE1L1,1057592,494,893,0.5531914893617021
normalized_microarray_donor10021,DNASE1L1,1057593,889,893,0.9955207166853304
normalized_microarray_donor10021,DNM1L,1026402,891,893,0.9977603583426652
normalized_microarray_donor10021,DNM1L,1026403,891,893,0.9977603583426652
normalized_microarray_donor10021,DNM1L,1026404,891,893,0.9977603583426652
normalized_microarray_donor10021,DPP6,1021964,891,893,0.9977603583426652
normalized_microarray_donor10021,DPP6,1021965,891,893,0.9977603583426652
normalized_microarray_donor10021,DPP6,1021966,788,893,0.8824188129899216
normalized_microarray_donor10021,DPP6,1025983,829,893,0.9283314669652856
normalized_microarray_donor10021,DYRK1A,1026233,891,893,0.9977603583426652
normalized_microarray_donor10021,DYRK1A,1026234,885,893,0.9910414333706606
normalized_microarray_donor10021,DYRK1A,1026235,890,893,0.9966405375139977
normalized_microarray_donor10021,ELOVL7,1014431,880,893,0.9854423292273237
normalized_microarray_donor10021,ELOVL7,1017481,887,893,0.9932810750279956
normalized_microarray_donor10021,FAM171A2,1013916,448,893,0.5016797312430011
normalized_microarray_donor10021,FAM171A2,1017989,597,893,0.6685330347144457
normalized_microarray_donor10021,FAM47E,1011673,773,893,0.8656215005599104
normalized_microarray_donor10021,FAM47E,1015924,890,893,0.9966405375139977
normalized_microarray_donor10021,FASN,1057064,834,893,0.9339305711086227
normalized_microarray_donor10021,FASN,1057065,372,893,0.4165733482642777
normalized_microarray_donor10021,FBRSL1,1014256,893,893,1.0
normalized_microarray_donor10021,FBRSL1,1015696,891,893,0.9977603583426652
normalized_microarray_donor10021,FCGR2A,1019379,839,893,0.9395296752519597
normalized_microarray_donor10021,FCGR2B,1026970,52,893,0.05823068309070549
normalized_microarray_donor10021,FCGR2B,1026971,90,893,0.10078387458006718
normalized_microarray_donor10021,FCGR3B,1057035,675,893,0.7558790593505039
normalized_microarray_donor10021,FGD4,1035818,891,893,0.9977603583426652
normalized_microarray_donor10021,FGD4,1035819,5,893,0.005599104143337066
normalized_microarray_donor10021,FGD4,1064628,371,893,0.4154535274356103
normalized_microarray_donor10021,FYN,1029625,891,893,0.9977603583426652
normalized_microarray_donor10021,FYN,1029626,891,893,0.9977603583426652
normalized_microarray_donor10021,FYN,1029627,891,893,0.9977603583426652
normalized_microarray_donor10021,GAK,1056538,891,893,0.9977603583426652
normalized_microarray_donor10021,GAK,1056539,879,893,0.9843225083986562
normalized_microarray_donor10021,GALNT14,1039165,891,893,0.9977603583426652
normalized_microarray_donor10021,GALNT14,1039166,771,893,0.8633818589025756
normalized_microarray_donor10021,GALNT9,1013164,866,893,0.9697648376259799
normalized_microarray_donor10021,GALNT9,1013937,545,893,0.6103023516237402
normalized_microarray_donor10021,GALNT9,1018522,866,893,0.9697648376259799
normalized_microarray_donor10021,GALNT9,1063388,199,893,0.22284434490481522
normalized_microarray_donor10021,GBF1,1049375,891,893,0.9977603583426652
normalized_microarray_donor10021,GBF1,1049376,550,893,0.6159014557670772
normalized_microarray_donor10021,GCH1,1029868,139,893,0.15565509518477044
normalized_microarray_donor10021,GCH1,1029869,71,893,0.07950727883538634
normalized_microarray_donor10021,GCH1,1029901,620,893,0.6942889137737962
normalized_microarray_donor10021,GCH1,1030010,137,893,0.1534154535274356
normalized_microarray_donor10021,GCH1,1056474,40,893,0.04479283314669653
normalized_microarray_donor10021,GJA5,1024400,5,893,0.005599104143337066
normalized_microarray_donor10021,GJA5,1024401,78,893,0.08734602463605823
normalized_microarray_donor10021,GJA5,1056413,57,893,0.06382978723404255
normalized_microarray_donor10021,GPM6B,1023580,891,893,0.9977603583426652
normalized_microarray_donor10021,GPM6B,1056269,891,893,0.9977603583426652
normalized_microarray_donor10021,GPM6B,1056270,891,893,0.9977603583426652
normalized_microarray_donor10021,GPM6B,1056271,891,893,0.9977603583426652
normalized_microarray_donor10021,GPNMB,1024151,841,893,0.9417693169092946
normalized_microarray_donor10021,GPNMB,1024152,18,893,0.020156774916013438
normalized_microarray_donor10021,GPR65,1049669,9,893,0.010078387458006719
normalized_microarray_donor10021,GPR65,1049670,25,893,0.027995520716685332
normalized_microarray_donor10021,GPRIN3,1021672,321,893,0.3594624860022396
normalized_microarray_donor10021,GPRIN3,1021673,399,893,0.44680851063829785
normalized_microarray_donor10021,GUSBP2,1010976,891,893,0.9977603583426652
normalized_microarray_donor10021,HEATR6,1040127,875,893,0.9798432250839866
normalized_microarray_donor10021,HEATR6,1040128,851,893,0.9529675251959686
normalized_microarray_donor10021,HIP1R,1049068,891,893,0.9977603583426652
normalized_microarray_donor10021,HIP1R,1049069,892,893,0.9988801791713325
normalized_microarray_donor10021,HLA-DQA1,1018703,11,893,0.012318029115341545
normalized_microarray_donor10021,HLA-DQA1,1021190,30,893,0.0335946248600224
normalized_microarray_donor10021,HLA-DQA1,1055658,739,893,0.8275475923852184
normalized_microarray_donor10021,HLA-DQA1,1055659,831,893,0.9305711086226204
normalized_microarray_donor10021,HLA-DQA1,1055660,8,893,0.008958566629339306
normalized_microarray_donor10021,HLA-DQB1,1055654,885,893,0.9910414333706606
normalized_microarray_donor10021,HLA-DQB1,1055655,185,893,0.20716685330347145
normalized_microarray_donor10021,HLA-DRA,1055652,519,893,0.5811870100783875
normalized_microarray_donor10021,HLA-DRA,1055653,891,893,0.9977603583426652
normalized_microarray_donor10021,HLA-DRB1,1055650,891,893,0.9977603583426652
normalized_microarray_donor10021,HLA-DRB1,1055651,891,893,0.9977603583426652
normalized_microarray_donor10021,INPP5F,1046229,891,893,0.9977603583426652
normalized_microarray_donor10021,INPP5F,1046230,891,893,0.9977603583426652
normalized_microarray_donor10021,IP6K2,1030752,891,893,0.9977603583426652
normalized_microarray_donor10021,IP6K2,1030753,893,893,1.0
normalized_microarray_donor10021,IP6K2,1030791,863,893,0.9664053751399776
normalized_microarray_donor10021,IP6K2,1030792,892,893,0.9988801791713325
normalized_microarray_donor10021,IQCJ,1021047,164,893,0.18365061590145576
normalized_microarray_donor10021,IQCJ,1021142,320,893,0.3583426651735722
normalized_microarray_donor10021,IQCJ,1021143,400,893,0.4479283314669653
normalized_microarray_donor10021,IQCJ,1021144,348,893,0.3896976483762598
normalized_microarray_donor10021,IQCJ-SCHIP1,1044119,892,893,0.9988801791713325
normalized_microarray_donor10021,IQCJ-SCHIP1,1044120,893,893,1.0
normalized_microarray_donor10021,IRS2,1049467,891,893,0.9977603583426652
normalized_microarray_donor10021,IRS2,1049468,766,893,0.8577827547592385
normalized_microarray_donor10021,IRS2,1049469,891,893,0.9977603583426652
normalized_microarray_donor10021,ITGA2B,1054940,514,893,0.5755879059350504
normalized_microarray_donor10021,ITGA2B,1054941,423,893,0.47368421052631576
normalized_microarray_donor10021,ITGA8,1049617,618,893,0.6920492721164614
normalized_microarray_donor10021,ITGA8,1049618,659,893,0.7379619260918253
normalized_microarray_donor10021,ITGAE,1054931,890,893,0.9966405375139977
normalized_microarray_donor10021,ITGAE,1054932,858,893,0.9608062709966405
normalized_microarray_donor10021,ITIH1,1054912,151,893,0.1690929451287794
normalized_microarray_donor10021,ITIH1,1054913,890,893,0.9966405375139977
normalized_microarray_donor10021,ITPKB,1054898,892,893,0.9988801791713325
normalized_microarray_donor10021,ITPKB,1054899,870,893,0.9742441209406495
normalized_microarray_donor10021,KCNIP3,1022417,891,893,0.9977603583426652
normalized_microarray_donor10021,KCNIP3,1022418,890,893,0.9966405375139977
normalized_microarray_donor10021,KCNIP3,1022419,482,893,0.5397536394176932
normalized_microarray_donor10021,KCNN3,1027249,856,893,0.9585666293393057
normalized_microarray_donor10021,KCNN3,1027250,702,893,0.786114221724524
normalized_microarray_donor10021,KCNN3,1027251,661,893,0.7402015677491601
normalized_microarray_donor10021,KCNS3,1054772,859,893,0.961926091825308
normalized_microarray_donor10021,KCNS3,1054773,729,893,0.8163493840985442
normalized_microarray_donor10021,KCNS3,1054774,26,893,0.029115341545352745
normalized_microarray_donor10021,KLHDC1,1035775,839,893,0.9395296752519597
normalized_microarray_donor10021,KLHDC1,1035776,891,893,0.9977603583426652
normalized_microarray_donor10021,KLHL7,1025738,886,893,0.9921612541993281
normalized_microarray_donor10021,KLHL7,1025739,889,893,0.9955207166853304
normalized_microarray_donor10021,KLHL7,1063321,855,893,0.9574468085106383
normalized_microarray_donor10021,KNTC1,1048212,797,893,0.8924972004479284
normalized_microarray_donor10021,KNTC1,1048213,840,893,0.9406494960806271
normalized_microarray_donor10021,KPNA1,1015121,891,893,0.9977603583426652
normalized_microarray_donor10021,KPNA1,1020579,857,893,0.9596864501679732
normalized_microarray_donor10021,KPNA3,1054722,893,893,1.0
normalized_microarray_donor10021,KPNA3,1054723,889,893,0.9955207166853304
normalized_microarray_donor10021,KRTCAP2,1033536,891,893,0.9977603583426652
normalized_microarray_donor10021,KRTCAP2,1033537,891,893,0.9977603583426652
normalized_microarray_donor10021,KTN1,1011820,893,893,1.0
normalized_microarray_donor10021,KTN1,1017307,891,893,0.9977603583426652
normalized_microarray_donor10021,KTN1,1054651,879,893,0.9843225083986562
normalized_microarray_donor10021,LAMP3,1044682,6,893,0.006718924972004479
normalized_microarray_donor10021,LAMP3,1044683,8,893,0.008958566629339306
normalized_microarray_donor10021,LHFPL2,1047730,891,893,0.9977603583426652
normalized_microarray_donor10021,LHFPL2,1047731,426,893,0.47704367301231804
normalized_microarray_donor10021,LINC00326,1012240,8,893,0.008958566629339306
normalized_microarray_donor10021,LINC00326,1017951,4,893,0.004479283314669653
normalized_microarray_donor10021,LMNA,1023738,891,893,0.9977603583426652
normalized_microarray_donor10021,LMNA,1023739,574,893,0.6427771556550952
normalized_microarray_donor10021,LMNA,1054551,890,893,0.9966405375139977
normalized_microarray_donor10021,LRP1B,1043072,889,893,0.9955207166853304
normalized_microarray_donor10021,LRP1B,1043073,886,893,0.9921612541993281
normalized_microarray_donor10021,LRP8,1024086,886,893,0.9921612541993281
normalized_microarray_donor10021,LRP8,1050104,891,893,0.9977603583426652
normalized_microarray_donor10021,LRP8,1050105,885,893,0.9910414333706606
normalized_microarray_donor10021,LRRC37A4P,1015072,884,893,0.9899216125419933
normalized_microarray_donor10021,LRRC37A4P,1015124,891,893,0.9977603583426652
normalized_microarray_donor10021,LRRC37A4P,1015247,891,893,0.9977603583426652
normalized_microarray_donor10021,LRRC37A4P,1015252,890,893,0.9966405375139977
normalized_microarray_donor10021,LRRC37A4P,1020297,891,893,0.9977603583426652
normalized_microarray_donor10021,LRRC37A4P,1022598,888,893,0.9944008958566629
normalized_microarray_donor10021,LRRC37A4P,1070359,613,893,0.6864501679731243
normalized_microarray_donor10021,LRRK2,1022614,891,893,0.9977603583426652
normalized_microarray_donor10021,LRRK2,1022615,854,893,0.9563269876819709
normalized_microarray_donor10021,LRRK2,1022616,619,893,0.6931690929451287
normalized_microarray_donor10021,LRRN2,1024046,891,893,0.9977603583426652
normalized_microarray_donor10021,LRRN2,1024047,131,893,0.14669652855543114
normalized_microarray_donor10021,LRRN2,1047393,229,893,0.2564389697648376
normalized_microarray_donor10021,MAP4K4,1030502,891,893,0.9977603583426652
normalized_microarray_donor10021,MAP4K4,1030503,891,893,0.9977603583426652
normalized_microarray_donor10021,MAP4K4,1030504,891,893,0.9977603583426652
normalized_microarray_donor10021,MAP4K4,1030505,891,893,0.9977603583426652
normalized_microarray_donor10021,MAPT,1010837,891,893,0.9977603583426652
normalized_microarray_donor10021,MAPT,1012542,44,893,0.04927211646136618
normalized_microarray_donor10021,MAPT,1014908,887,893,0.9932810750279956
normalized_microarray_donor10021,MAPT,1020634,893,893,1.0
normalized_microarray_donor10021,MAPT-AS1,1063807,893,893,1.0
normalized_microarray_donor10021,MBNL2,1026724,892,893,0.9988801791713325
normalized_microarray_donor10021,MBNL2,1026725,893,893,1.0
normalized_microarray_donor10021,MCCC1,1041094,891,893,0.9977603583426652
normalized_microarray_donor10021,MCCC1,1041095,475,893,0.5319148936170213
normalized_microarray_donor10021,MED12L,1036005,775,893,0.8678611422172452
normalized_microarray_donor10021,MED12L,1036006,624,893,0.6987681970884658
normalized_microarray_donor10021,MED13,1047969,876,893,0.9809630459126539
normalized_microarray_donor10021,MED13,1047970,893,893,1.0
normalized_microarray_donor10021,METTL13,1029408,893,893,1.0
normalized_microarray_donor10021,METTL13,1029409,819,893,0.9171332586786114
normalized_microarray_donor10021,MIPOL1,1034741,831,893,0.9305711086226204
normalized_microarray_donor10021,MIPOL1,1034742,830,893,0.9294512877939529
normalized_microarray_donor10021,MMRN1,1046181,3,893,0.0033594624860022394
normalized_microarray_donor10021,MMRN1,1046182,17,893,0.019036954087346025
normalized_microarray_donor10021,MORN1,1038820,628,893,0.7032474804031354
normalized_microarray_donor10021,MORN1,1038821,752,893,0.8421052631578947
normalized_microarray_donor10021,MRPL1,1039604,884,893,0.9899216125419933
normalized_microarray_donor10021,MRPL1,1039605,891,893,0.9977603583426652
normalized_microarray_donor10021,MSR1,1023451,133,893,0.14893617021276595
normalized_microarray_donor10021,MSR1,1023452,14,893,0.015677491601343786
normalized_microarray_donor10021,MSR1,1023453,199,893,0.22284434490481522
normalized_microarray_donor10021,MSR1,1054033,12,893,0.013437849944008958
normalized_microarray_donor10021,MTF2,1046288,890,893,0.9966405375139977
normalized_microarray_donor10021,MTF2,1046289,892,893,0.9988801791713325
normalized_microarray_donor10021,MUC12,1015514,779,893,0.8723404255319149
normalized_microarray_donor10021,MUC12,1025233,27,893,0.030235162374020158
normalized_microarray_donor10021,MUC12,1025234,9,893,0.010078387458006719
normalized_microarray_donor10021,MUC12,1025235,70,893,0.07838745800671892
normalized_microarray_donor10021,MUC12,1047868,1,893,0.0011198208286674132
normalized_microarray_donor10021,MUC19,1069887,6,893,0.006718924972004479
normalized_microarray_donor10021,MYLK2,1037087,891,893,0.9977603583426652
normalized_microarray_donor10021,MYLK2,1037088,89,893,0.09966405375139978
normalized_microarray_donor10021,NDUFAF2,1036662,891,893,0.9977603583426652
normalized_microarray_donor10021,NDUFAF2,1036663,891,893,0.9977603583426652
normalized_microarray_donor10021,NDUFAF2,1036664,891,893,0.9977603583426652
normalized_microarray_donor10021,NOD2,1039983,45,893,0.05039193729003359
normalized_microarray_donor10021,NOD2,1039984,4,893,0.004479283314669653
normalized_microarray_donor10021,NOL4,1049390,884,893,0.9899216125419933
normalized_microarray_donor10021,NOL4,1049391,890,893,0.9966405375139977
normalized_microarray_donor10021,NRBP1,1044129,886,893,0.9921612541993281
normalized_microarray_donor10021,NRBP1,1044130,747,893,0.8365061590145577
normalized_microarray_donor10021,NSF,1053553,891,893,0.9977603583426652
normalized_microarray_donor10021,NSF,1053554,891,893,0.9977603583426652
normalized_microarray_donor10021,NUCKS1,1039781,891,893,0.9977603583426652
normalized_microarray_donor10021,NUCKS1,1039782,891,893,0.9977603583426652
normalized_microarray_donor10021,NUCKS1,1039783,891,893,0.9977603583426652
normalized_microarray_donor10021,NUCKS1,1039784,777,893,0.8701007838745801
normalized_microarray_donor10021,NUCKS1,1039785,29,893,0.032474804031354984
normalized_microarray_donor10021,NUCKS1,1039786,891,893,0.9977603583426652
normalized_microarray_donor10021,NUCKS1,1039787,893,893,1.0
normalized_microarray_donor10021,P2RX5,1029745,828,893,0.9272116461366181
normalized_microarray_donor10021,P2RX5,1029961,777,893,0.8701007838745801
normalized_microarray_donor10021,P2RX5,1029962,589,893,0.6595744680851063
normalized_microarray_donor10021,PAM,1053360,891,893,0.9977603583426652
normalized_microarray_donor10021,PAM,1053361,128,893,0.1433370660694289
normalized_microarray_donor10021,PAM,1053362,889,893,0.9955207166853304
normalized_microarray_donor10021,PAM,1053363,890,893,0.9966405375139977
normalized_microarray_donor10021,PARP9,1012605,130,893,0.1455767077267637
normalized_microarray_donor10021,PARP9,1014893,427,893,0.47816349384098544
normalized_microarray_donor10021,PARP9,1017969,564,893,0.631578947368421
normalized_microarray_donor10021,PARP9,1019052,349,893,0.3908174692049272
normalized_microarray_donor10021,PBXIP1,1040725,885,893,0.9910414333706606
normalized_microarray_donor10021,PCGF3,1047531,892,893,0.9988801791713325
normalized_microarray_donor10021,PCGF3,1047532,499,893,0.5587905935050392
normalized_microarray_donor10021,PCGF3,1047533,566,893,0.6338185890257558
normalized_microarray_donor10021,PCGF3,1047534,882,893,0.9876819708846585
normalized_microarray_donor10021,PDE5A,1023660,318,893,0.3561030235162374
normalized_microarray_donor10021,PDE5A,1029314,476,893,0.5330347144456887
normalized_microarray_donor10021,PDE5A,1029315,533,893,0.5968645016797313
normalized_microarray_donor10021,PDGFB,1025515,883,893,0.9888017917133258
normalized_microarray_donor10021,PDGFB,1025516,738,893,0.826427771556551
normalized_microarray_donor10021,PDLIM2,1030473,891,893,0.9977603583426652
normalized_microarray_donor10021,PDLIM2,1030474,886,893,0.9921612541993281
normalized_microarray_donor10021,PDLIM2,1030475,893,893,1.0
normalized_microarray_donor10021,PDLIM2,1030506,3,893,0.0033594624860022394
normalized_microarray_donor10021,PDLIM2,1030507,824,893,0.9227323628219485
normalized_microarray_donor10021,PDLIM2,1063413,651,893,0.729003359462486
normalized_microarray_donor10021,PIK3CA,1053064,890,893,0.9966405375139977
normalized_microarray_donor10021,PIK3CA,1053065,891,893,0.9977603583426652
normalized_microarray_donor10021,PITPNM2,1040522,365,893,0.4087346024636058
normalized_microarray_donor10021,PITPNM2,1040523,771,893,0.8633818589025756
normalized_microarray_donor10021,PKP2,1028774,784,893,0.8779395296752519
normalized_microarray_donor10021,PKP2,1028775,317,893,0.35498320268757
normalized_microarray_donor10021,PKP2,1068149,286,893,0.3202687569988802
normalized_microarray_donor10021,PLEKHM1,1014469,407,893,0.45576707726763716
normalized_microarray_donor10021,PLEKHM1,1015773,892,893,0.9988801791713325
normalized_microarray_donor10021,PLEKHM1,1019528,424,893,0.4748040313549832
normalized_microarray_donor10021,PLEKHM1,1020046,891,893,0.9977603583426652
normalized_microarray_donor10021,PMVK,1047114,891,893,0.9977603583426652
normalized_microarray_donor10021,PMVK,1047115,887,893,0.9932810750279956
normalized_microarray_donor10021,PRDM15,1021358,96,893,0.10750279955207166
normalized_microarray_donor10021,PRDM15,1021359,85,893,0.09518477043673013
normalized_microarray_donor10021,PRDM15,1021360,28,893,0.03135498320268757
normalized_microarray_donor10021,PRDM15,1065382,0,893,0.0
normalized_microarray_donor10021,RAB25,1040843,9,893,0.010078387458006719
normalized_microarray_donor10021,RAB25,1040844,16,893,0.01791713325867861
normalized_microarray_donor10021,RABEP2,1038854,884,893,0.9899216125419933
normalized_microarray_donor10021,RABEP2,1038855,804,893,0.9003359462486002
normalized_microarray_donor10021,RBMS3,1027165,891,893,0.9977603583426652
normalized_microarray_donor10021,RBMS3,1027166,463,893,0.5184770436730123
normalized_microarray_donor10021,RBMS3,1027167,827,893,0.9260918253079508
normalized_microarray_donor10021,RILPL2,1033620,891,893,0.9977603583426652
normalized_microarray_donor10021,RILPL2,1033621,794,893,0.8891377379619261
normalized_microarray_donor10021,RIMS1,1046115,840,893,0.9406494960806271
normalized_microarray_donor10021,RIMS1,1046116,889,893,0.9955207166853304
normalized_microarray_donor10021,RIMS2,1013694,891,893,0.9977603583426652
normalized_microarray_donor10021,RIMS2,1014746,857,893,0.9596864501679732
normalized_microarray_donor10021,RIMS2,1015006,866,893,0.9697648376259799
normalized_microarray_donor10021,RIMS2,1020609,892,893,0.9988801791713325
normalized_microarray_donor10021,RIT1,1052172,890,893,0.9966405375139977
normalized_microarray_donor10021,RIT1,1052174,497,893,0.5565509518477044
normalized_microarray_donor10021,RIT2,1052175,887,893,0.9932810750279956
normalized_microarray_donor10021,RIT2,1052176,890,893,0.9966405375139977
normalized_microarray_donor10021,RNF141,1043920,891,893,0.9977603583426652
normalized_microarray_donor10021,RNF141,1043922,892,893,0.9988801791713325
normalized_microarray_donor10021,RORA,1024340,891,893,0.9977603583426652
normalized_microarray_donor10021,RORA,1024341,891,893,0.9977603583426652
normalized_microarray_donor10021,RPL10,1052085,891,893,0.9977603583426652
normalized_microarray_donor10021,RPL10,1052086,891,893,0.9977603583426652
normalized_microarray_donor10021,RPL10,1052087,892,893,0.9988801791713325
normalized_microarray_donor10021,RPL13AP3,1012847,891,893,0.9977603583426652
normalized_microarray_donor10021,RPL3,1052118,893,893,1.0
normalized_microarray_donor10021,RPL3,1052119,862,893,0.9652855543113102
normalized_microarray_donor10021,RPS6KL1,1038074,657,893,0.7357222844344905
normalized_microarray_donor10021,RPS6KL1,1038075,828,893,0.9272116461366181
normalized_microarray_donor10021,SCARB2,1058448,891,893,0.9977603583426652
normalized_microarray_donor10021,SCARB2,1058449,893,893,1.0
normalized_microarray_donor10021,SCN2A,1022204,881,893,0.986562150055991
normalized_microarray_donor10021,SCN2A,1022205,893,893,1.0
normalized_microarray_donor10021,SCN2A,1022206,864,893,0.9675251959686451
normalized_microarray_donor10021,SCN2A,1022207,891,893,0.9977603583426652
normalized_microarray_donor10021,SEC23IP,1046486,891,893,0.9977603583426652
normalized_microarray_donor10021,SEC23IP,1046487,828,893,0.9272116461366181
normalized_microarray_donor10021,SEMA4A,1039940,883,893,0.9888017917133258
normalized_microarray_donor10021,SEMA4A,1039941,176,893,0.19708846584546472
normalized_microarray_donor10021,SETD1A,1023898,537,893,0.6013437849944009
normalized_microarray_donor10021,SETD1A,1023899,590,893,0.6606942889137738
normalized_microarray_donor10021,SH2B1,1013795,588,893,0.658454647256439
normalized_microarray_donor10021,SH2B1,1019011,839,893,0.9395296752519597
normalized_microarray_donor10021,SH3GL2,1051629,891,893,0.9977603583426652
normalized_microarray_donor10021,SH3GL2,1051630,884,893,0.9899216125419933
normalized_microarray_donor10021,SIPA1L2,1040561,889,893,0.9955207166853304
normalized_microarray_donor10021,SIPA1L2,1040562,891,893,0.9977603583426652
normalized_microarray_donor10021,SLC25A44,1048289,243,893,0.2721164613661814
normalized_microarray_donor10021,SLC25A44,1048290,705,893,0.7894736842105263
normalized_microarray_donor10021,SLC25A44,1048291,877,893,0.9820828667413214
normalized_microarray_donor10021,SLC2A13,1036278,891,893,0.9977603583426652
normalized_microarray_donor10021,SLC2A13,1036279,891,893,0.9977603583426652
normalized_microarray_donor10021,SLC2A13,1036280,343,893,0.3840985442329227
normalized_microarray_donor10021,SLC38A1,1011006,891,893,0.9977603583426652
normalized_microarray_donor10021,SLC38A1,1020708,891,893,0.9977603583426652
normalized_microarray_donor10021,SLC41A1,1032909,891,893,0.9977603583426652
normalized_microarray_donor10021,SLC41A1,1032910,10,893,0.011198208286674132
normalized_microarray_donor10021,SLC44A4,1038467,4,893,0.004479283314669653
normalized_microarray_donor10021,SLC44A4,1038468,4,893,0.004479283314669653
normalized_microarray_donor10021,SMAD4,1054430,883,893,0.9888017917133258
normalized_microarray_donor10021,SMAD4,1054431,571,893,0.6394176931690929
normalized_microarray_donor10021,SNCA,1010655,891,893,0.9977603583426652
normalized_microarray_donor10021,SNCA,1020182,891,893,0.9977603583426652
normalized_microarray_donor10021,SORBS2,1029199,889,893,0.9955207166853304
normalized_microarray_donor10021,SORBS2,1029200,853,893,0.9552071668533034
normalized_microarray_donor10021,SORBS2,1068745,865,893,0.9686450167973124
normalized_microarray_donor10021,SPATA19,1033264,78,893,0.08734602463605823
normalized_microarray_donor10021,SPATA19,1033265,20,893,0.022396416573348264
normalized_microarray_donor10021,SPATA6,1042808,862,893,0.9652855543113102
normalized_microarray_donor10021,SPATA6,1042809,884,893,0.9899216125419933
normalized_microarray_donor10021,SPPL2B,1013582,891,893,0.9977603583426652
normalized_microarray_donor10021,SPPL2B,1019980,891,893,0.9977603583426652
normalized_microarray_donor10021,SPTSSB,1021818,565,893,0.6326987681970885
normalized_microarray_donor10021,SPTSSB,1021819,413,893,0.46248600223964165
normalized_microarray_donor10021,STK39,1044446,891,893,0.9977603583426652
normalized_microarray_donor10021,STK39,1044447,893,893,1.0
normalized_microarray_donor10021,STX1B,1036371,891,893,0.9977603583426652
normalized_microarray_donor10021,STX1B,1036372,892,893,0.9988801791713325
normalized_microarray_donor10021,SV2C,1025369,869,893,0.973124300111982
normalized_microarray_donor10021,SV2C,1025370,791,893,0.8857782754759238
normalized_microarray_donor10021,SV2C,1025371,761,893,0.8521836506159015
normalized_microarray_donor10021,SYT10,1031929,627,893,0.7021276595744681
normalized_microarray_donor10021,SYT10,1031930,526,893,0.5890257558790594
normalized_microarray_donor10021,SYT17,1043121,888,893,0.9944008958566629
normalized_microarray_donor10021,SYT17,1043122,869,893,0.973124300111982
normalized_microarray_donor10021,SYT17,1043123,857,893,0.9596864501679732
normalized_microarray_donor10021,SYT4,1051007,891,893,0.9977603583426652
normalized_microarray_donor10021,SYT4,1051008,892,893,0.9988801791713325
normalized_microarray_donor10021,SYT4,1051009,891,893,0.9977603583426652
normalized_microarray_donor10021,TAC1,1028377,716,893,0.8017917133258678
normalized_microarray_donor10021,TAC1,1029249,796,893,0.8913773796192609
normalized_microarray_donor10021,TAC1,1029250,845,893,0.9462486002239642
normalized_microarray_donor10021,TAC1,1029251,771,893,0.8633818589025756
normalized_microarray_donor10021,TAC1,1029252,729,893,0.8163493840985442
normalized_microarray_donor10021,TAC1,1029253,734,893,0.8219484882418813
normalized_microarray_donor10021,TAC1,1029254,694,893,0.7771556550951848
normalized_microarray_donor10021,TAC1,1029255,747,893,0.8365061590145577
normalized_microarray_donor10021,TAC1,1029256,778,893,0.8712206047032475
normalized_microarray_donor10021,TAC1,1029257,800,893,0.8958566629339306
normalized_microarray_donor10021,TAC1,1029258,713,893,0.7984322508398656
normalized_microarray_donor10021,TAC1,1029261,700,893,0.7838745800671892
normalized_microarray_donor10021,TAC1,1051004,726,893,0.812989921612542
normalized_microarray_donor10021,TBC1D5,1011556,891,893,0.9977603583426652
normalized_microarray_donor10021,TBC1D5,1020243,795,893,0.8902575587905935
normalized_microarray_donor10021,TBXAS1,1019912,808,893,0.9048152295632699
normalized_microarray_donor10021,TBXAS1,1028035,890,893,0.9966405375139977
normalized_microarray_donor10021,TBXAS1,1028036,33,893,0.036954087346024636
normalized_microarray_donor10021,TEKT4,1034403,83,893,0.0929451287793953
normalized_microarray_donor10021,TEKT4,1034404,833,893,0.9328107502799552
normalized_microarray_donor10021,TEKT4,1034405,172,893,0.19260918253079506
normalized_microarray_donor10021,TIAL1,1022190,892,893,0.9988801791713325
normalized_microarray_donor10021,TIAL1,1022191,891,893,0.9977603583426652
normalized_microarray_donor10021,TIAL1,1022192,891,893,0.9977603583426652
normalized_microarray_donor10021,TMEM108,1039492,891,893,0.9977603583426652
normalized_microarray_donor10021,TMEM108,1039493,837,893,0.9372900335946248
normalized_microarray_donor10021,TMEM108,1061880,5,893,0.005599104143337066
normalized_microarray_donor10021,TMEM163,1038292,815,893,0.9126539753639418
normalized_microarray_donor10021,TMEM163,1038293,683,893,0.7648376259798432
normalized_microarray_donor10021,TMEM175,1037692,892,893,0.9988801791713325
normalized_microarray_donor10021,TMEM175,1037693,891,893,0.9977603583426652
normalized_microarray_donor10021,TPM1,1029651,888,893,0.9944008958566629
normalized_microarray_donor10021,TPM1,1029652,891,893,0.9977603583426652
normalized_microarray_donor10021,TPM1,1029653,888,893,0.9944008958566629
normalized_microarray_donor10021,TPM1,1029654,809,893,0.9059350503919373
normalized_microarray_donor10021,TPM1,1029722,888,893,0.9944008958566629
normalized_microarray_donor10021,TPM1,1030777,891,893,0.9977603583426652
normalized_microarray_donor10021,TPM1,1030778,818,893,0.916013437849944
normalized_microarray_donor10021,TRIM40,1035144,36,893,0.040313549832026875
normalized_microarray_donor10021,TRIM40,1035145,73,893,0.08174692049272117
normalized_microarray_donor10021,TRIM46,1038649,469,893,0.5251959686450168
normalized_microarray_donor10021,TRIM46,1038650,38,893,0.0425531914893617
normalized_microarray_donor10021,TRIM46,1061310,891,893,0.9977603583426652
normalized_microarray_donor10021,TXNDC15,1038974,891,893,0.9977603583426652
normalized_microarray_donor10021,TXNDC15,1038975,891,893,0.9977603583426652
normalized_microarray_donor10021,UBAP2,1041521,891,893,0.9977603583426652
normalized_microarray_donor10021,UBAP2,1041522,503,893,0.5632698768197089
normalized_microarray_donor10021,UBQLN4,1041134,830,893,0.9294512877939529
normalized_microarray_donor10021,UBQLN4,1041135,515,893,0.5767077267637178
normalized_microarray_donor10021,UBTF,1011311,773,893,0.8656215005599104
normalized_microarray_donor10021,UBTF,1020229,844,893,0.9451287793952967
normalized_microarray_donor10021,USP50,1031669,3,893,0.0033594624860022394
normalized_microarray_donor10021,USP50,1031670,10,893,0.011198208286674132
normalized_microarray_donor10021,USP8,1014451,891,893,0.9977603583426652
normalized_microarray_donor10021,USP8,1019894,890,893,0.9966405375139977
normalized_microarray_donor10021,VAMP4,1022872,877,893,0.9820828667413214
normalized_microarray_donor10021,VAMP4,1022873,882,893,0.9876819708846585
normalized_microarray_donor10021,VAMP4,1063422,865,893,0.9686450167973124
normalized_microarray_donor10021,VN1R10P,1037931,20,893,0.022396416573348264
normalized_microarray_donor10021,VN1R10P,1037932,6,893,0.006718924972004479
normalized_microarray_donor10021,WDHD1,1024873,645,893,0.7222844344904815
normalized_microarray_donor10021,WDHD1,1024874,535,893,0.5991041433370661
normalized_microarray_donor10021,WDHD1,1067761,5,893,0.005599104143337066
normalized_microarray_donor10021,WDR41,1042082,891,893,0.9977603583426652
normalized_microarray_donor10021,WDR41,1042083,893,893,1.0
normalized_microarray_donor10021,WNT3,1050353,891,893,0.9977603583426652
normalized_microarray_donor10021,WNT3,1050354,36,893,0.040313549832026875
normalized_microarray_donor10021,WWOX,1025804,890,893,0.9966405375139977
normalized_microarray_donor10021,WWOX,1025805,892,893,0.9988801791713325
normalized_microarray_donor10021,WWOX,1043133,891,893,0.9977603583426652
normalized_microarray_donor10021,WWOX,1043134,889,893,0.9955207166853304
normalized_microarray_donor10021,WWOX,1043135,669,893,0.7491601343784995
normalized_microarray_donor10021,WWOX,1043136,892,893,0.9988801791713325
normalized_microarray_donor10021,XPO1,1050310,106,893,0.1187010078387458
normalized_microarray_donor10021,XPO1,1050311,891,893,0.9977603583426652
normalized_microarray_donor10021,ZNF322,1039074,779,893,0.8723404255319149
normalized_microarray_donor10021,ZNF322,1039075,891,893,0.9977603583426652
normalized_microarray_donor10021,ZNF608,1025964,887,893,0.9932810750279956
normalized_microarray_donor10021,ZNF608,1025965,811,893,0.9081746920492721
normalized_microarray_donor12876,APOE,1059132,363,363,1.0
normalized_microarray_donor12876,APOE,1059133,343,363,0.9449035812672176
normalized_microarray_donor12876,APOE,1067762,363,363,1.0
normalized_microarray_donor12876,ARHGEF2,1019068,313,363,0.8622589531680441
normalized_microarray_donor12876,ARHGEF2,1048871,269,363,0.7410468319559229
normalized_microarray_donor12876,ASH1L,1041471,278,363,0.7658402203856749
normalized_microarray_donor12876,ASH1L,1041472,363,363,1.0
normalized_microarray_donor12876,ASNS,1026103,363,363,1.0
normalized_microarray_donor12876,ASNS,1026104,363,363,1.0
normalized_microarray_donor12876,ASXL3,1015239,212,363,0.5840220385674931
normalized_microarray_donor12876,ASXL3,1015423,250,363,0.6887052341597796
normalized_microarray_donor12876,ASXL3,1016305,284,363,0.7823691460055097
normalized_microarray_donor12876,BAG3,1048474,345,363,0.9504132231404959
normalized_microarray_donor12876,BAG3,1048475,343,363,0.9449035812672176
normalized_microarray_donor12876,BBS9,1022575,363,363,1.0
normalized_microarray_donor12876,BBS9,1022576,226,363,0.6225895316804407
normalized_microarray_donor12876,BCKDK,1011486,363,363,1.0
normalized_microarray_donor12876,BCKDK,1019002,315,363,0.8677685950413223
normalized_microarray_donor12876,BCL9,1058854,363,363,1.0
normalized_microarray_donor12876,BCL9,1058855,152,363,0.418732782369146
normalized_microarray_donor12876,BIN3,1041427,359,363,0.9889807162534435
normalized_microarray_donor12876,BIN3,1041428,257,363,0.7079889807162535
normalized_microarray_donor12876,BIN3,1041429,263,363,0.7245179063360881
normalized_microarray_donor12876,BRD3,1050009,361,363,0.9944903581267218
normalized_microarray_donor12876,BRD3,1050010,363,363,1.0
normalized_microarray_donor12876,BRIP1,1037918,46,363,0.12672176308539945
normalized_microarray_donor12876,BST1,1058746,71,363,0.19559228650137742
normalized_microarray_donor12876,BST1,1058747,58,363,0.15977961432506887
normalized_microarray_donor12876,C5ORF24,1015240,363,363,1.0
normalized_microarray_donor12876,C5ORF24,1020488,357,363,0.9834710743801653
normalized_microarray_donor12876,CAB39L,1011604,363,363,1.0
normalized_microarray_donor12876,CAB39L,1020073,362,363,0.9972451790633609
normalized_microarray_donor12876,CAMK2D,1013642,362,363,0.9972451790633609
normalized_microarray_donor12876,CAMK2D,1017819,362,363,0.9972451790633609
normalized_microarray_donor12876,CAMK2D,1027100,66,363,0.18181818181818182
normalized_microarray_donor12876,CAMK2D,1027101,363,363,1.0
normalized_microarray_donor12876,CAPN13,1036609,261,363,0.71900826446281
normalized_microarray_donor12876,CAPN13,1036610,123,363,0.33884297520661155
normalized_microarray_donor12876,CARS2,1039201,363,363,1.0
normalized_microarray_donor12876,CARS2,1039202,259,363,0.7134986225895317
normalized_microarray_donor12876,CC2D2A,1011388,183,363,0.5041322314049587
normalized_microarray_donor12876,CC2D2A,1018275,269,363,0.7410468319559229
normalized_microarray_donor12876,CCDC62,1029581,79,363,0.21763085399449036
normalized_microarray_donor12876,CCDC62,1029582,7,363,0.01928374655647383
normalized_microarray_donor12876,CCDC85A,1014186,336,363,0.9256198347107438
normalized_microarray_donor12876,CCDC85A,1017604,354,363,0.9752066115702479
normalized_microarray_donor12876,CCT3,1029523,363,363,1.0
normalized_microarray_donor12876,CCT3,1029524,360,363,0.9917355371900827
normalized_microarray_donor12876,CD19,1058473,93,363,0.256198347107438
normalized_microarray_donor12876,CD19,1058474,95,363,0.26170798898071623
normalized_microarray_donor12876,CHRNB1,1058196,320,363,0.8815426997245179
normalized_microarray_donor12876,CHRNB1,1058197,4,363,0.011019283746556474
normalized_microarray_donor12876,CLCN3,1025182,363,363,1.0
normalized_microarray_donor12876,CLCN3,1025183,362,363,0.9972451790633609
normalized_microarray_donor12876,CLCN3,1025184,363,363,1.0
normalized_microarray_donor12876,CNOT6L,1033005,339,363,0.9338842975206612
normalized_microarray_donor12876,CNOT6L,1033006,360,363,0.9917355371900827
normalized_microarray_donor12876,CNOT6L,1033007,363,363,1.0
normalized_microarray_donor12876,CNTN1,1058103,360,363,0.9917355371900827
normalized_microarray_donor12876,CNTN1,1058104,360,363,0.9917355371900827
normalized_microarray_donor12876,COL3A1,1058092,3,363,0.008264462809917356
normalized_microarray_donor12876,COL3A1,1058093,47,363,0.12947658402203857
normalized_microarray_donor12876,COL3A1,1058094,2,363,0.005509641873278237
normalized_microarray_donor12876,COL3A1,1058095,13,363,0.03581267217630854
normalized_microarray_donor12876,COMMD1,1034390,363,363,1.0
normalized_microarray_donor12876,COMMD1,1034391,362,363,0.9972451790633609
normalized_microarray_donor12876,CRLS1,1020322,363,363,1.0
normalized_microarray_donor12876,CTSB,1030215,363,363,1.0
normalized_microarray_donor12876,CTSB,1030216,363,363,1.0
normalized_microarray_donor12876,CTSB,1030217,363,363,1.0
normalized_microarray_donor12876,DCST1,1014309,7,363,0.01928374655647383
normalized_microarray_donor12876,DCST1,1018959,7,363,0.01928374655647383
normalized_microarray_donor12876,DCST1,1034485,2,363,0.005509641873278237
normalized_microarray_donor12876,DCUN1D1,1042987,363,363,1.0
normalized_microarray_donor12876,DCUN1D1,1060966,363,363,1.0
normalized_microarray_donor12876,DDRGK1,1039498,363,363,1.0
normalized_microarray_donor12876,DDRGK1,1039499,363,363,1.0
normalized_microarray_donor12876,DGKQ,1057741,288,363,0.7933884297520661
normalized_microarray_donor12876,DGKQ,1057742,1,363,0.0027548209366391185
normalized_microarray_donor12876,DIRC1,1036088,363,363,1.0
normalized_microarray_donor12876,DIRC1,1036089,2,363,0.005509641873278237
normalized_microarray_donor12876,DLG2,1011473,360,363,0.9917355371900827
normalized_microarray_donor12876,DLG2,1014060,294,363,0.8099173553719008
normalized_microarray_donor12876,DLG2,1015299,360,363,0.9917355371900827
normalized_microarray_donor12876,DLG2,1020078,341,363,0.9393939393939394
normalized_microarray_donor12876,DNAH17,1029339,0,363,0.0
normalized_microarray_donor12876,DNAH17,1029340,52,363,0.14325068870523416
normalized_microarray_donor12876,DNASE1L1,1057592,95,363,0.26170798898071623
normalized_microarray_donor12876,DNASE1L1,1057593,354,363,0.9752066115702479
normalized_microarray_donor12876,DNM1L,1026402,363,363,1.0
normalized_microarray_donor12876,DNM1L,1026403,357,363,0.9834710743801653
normalized_microarray_donor12876,DNM1L,1026404,363,363,1.0
normalized_microarray_donor12876,DPP6,1021964,363,363,1.0
normalized_microarray_donor12876,DPP6,1021965,363,363,1.0
normalized_microarray_donor12876,DPP6,1021966,283,363,0.7796143250688705
normalized_microarray_donor12876,DPP6,1025983,239,363,0.6584022038567493
normalized_microarray_donor12876,DYRK1A,1026233,363,363,1.0
normalized_microarray_donor12876,DYRK1A,1026234,357,363,0.9834710743801653
normalized_microarray_donor12876,DYRK1A,1026235,351,363,0.9669421487603306
normalized_microarray_donor12876,ELOVL7,1014431,345,363,0.9504132231404959
normalized_microarray_donor12876,ELOVL7,1017481,350,363,0.9641873278236914
normalized_microarray_donor12876,FAM171A2,1013916,79,363,0.21763085399449036
normalized_microarray_donor12876,FAM171A2,1017989,276,363,0.7603305785123967
normalized_microarray_donor12876,FAM47E,1011673,210,363,0.5785123966942148
normalized_microarray_donor12876,FAM47E,1015924,345,363,0.9504132231404959
normalized_microarray_donor12876,FASN,1057064,332,363,0.9146005509641874
normalized_microarray_donor12876,FASN,1057065,80,363,0.22038567493112948
normalized_microarray_donor12876,FBRSL1,1014256,363,363,1.0
normalized_microarray_donor12876,FBRSL1,1015696,363,363,1.0
normalized_microarray_donor12876,FCGR2A,1019379,357,363,0.9834710743801653
normalized_microarray_donor12876,FCGR2B,1026970,4,363,0.011019283746556474
normalized_microarray_donor12876,FCGR2B,1026971,10,363,0.027548209366391185
normalized_microarray_donor12876,FCGR3B,1057035,72,363,0.19834710743801653
normalized_microarray_donor12876,FGD4,1035818,363,363,1.0
normalized_microarray_donor12876,FGD4,1035819,0,363,0.0
normalized_microarray_donor12876,FGD4,1064628,210,363,0.5785123966942148
normalized_microarray_donor12876,FYN,1029625,363,363,1.0
normalized_microarray_donor12876,FYN,1029626,360,363,0.9917355371900827
normalized_microarray_donor12876,FYN,1029627,359,363,0.9889807162534435
normalized_microarray_donor12876,GAK,1056538,363,363,1.0
normalized_microarray_donor12876,GAK,1056539,358,363,0.9862258953168044
normalized_microarray_donor12876,GALNT14,1039165,363,363,1.0
normalized_microarray_donor12876,GALNT14,1039166,318,363,0.8760330578512396
normalized_microarray_donor12876,GALNT9,1013164,307,363,0.8457300275482094
normalized_microarray_donor12876,GALNT9,1013937,189,363,0.5206611570247934
normalized_microarray_donor12876,GALNT9,1018522,331,363,0.9118457300275482
normalized_microarray_donor12876,GALNT9,1063388,57,363,0.15702479338842976
normalized_microarray_donor12876,GBF1,1049375,363,363,1.0
normalized_microarray_donor12876,GBF1,1049376,181,363,0.4986225895316804
normalized_microarray_donor12876,GCH1,1029868,59,363,0.162534435261708
normalized_microarray_donor12876,GCH1,1029869,7,363,0.01928374655647383
normalized_microarray_donor12876,GCH1,1029901,14,363,0.03856749311294766
normalized_microarray_donor12876,GCH1,1030010,29,363,0.07988980716253444
normalized_microarray_donor12876,GCH1,1056474,3,363,0.008264462809917356
normalized_microarray_donor12876,GJA5,1024400,4,363,0.011019283746556474
normalized_microarray_donor12876,GJA5,1024401,11,363,0.030303030303030304
normalized_microarray_donor12876,GJA5,1056413,4,363,0.011019283746556474
normalized_microarray_donor12876,GPM6B,1023580,363,363,1.0
normalized_microarray_donor12876,GPM6B,1056269,360,363,0.9917355371900827
normalized_microarray_donor12876,GPM6B,1056270,360,363,0.9917355371900827
normalized_microarray_donor12876,GPM6B,1056271,360,363,0.9917355371900827
normalized_microarray_donor12876,GPNMB,1024151,324,363,0.8925619834710744
normalized_microarray_donor12876,GPNMB,1024152,30,363,0.08264462809917356
normalized_microarray_donor12876,GPR65,1049669,3,363,0.008264462809917356
normalized_microarray_donor12876,GPR65,1049670,3,363,0.008264462809917356
normalized_microarray_donor12876,GPRIN3,1021672,99,363,0.2727272727272727
normalized_microarray_donor12876,GPRIN3,1021673,90,363,0.24793388429752067
normalized_microarray_donor12876,GUSBP2,1010976,363,363,1.0
normalized_microarray_donor12876,HEATR6,1040127,329,363,0.90633608815427
normalized_microarray_donor12876,HEATR6,1040128,268,363,0.7382920110192838
normalized_microarray_donor12876,HIP1R,1049068,363,363,1.0
normalized_microarray_donor12876,HIP1R,1049069,363,363,1.0
normalized_microarray_donor12876,HLA-DQA1,1018703,0,363,0.0
normalized_microarray_donor12876,HLA-DQA1,1021190,0,363,0.0
normalized_microarray_donor12876,HLA-DQA1,1055658,1,363,0.0027548209366391185
normalized_microarray_donor12876,HLA-DQA1,1055659,176,363,0.48484848484848486
normalized_microarray_donor12876,HLA-DQA1,1055660,0,363,0.0
normalized_microarray_donor12876,HLA-DQB1,1055654,176,363,0.48484848484848486
normalized_microarray_donor12876,HLA-DQB1,1055655,50,363,0.13774104683195593
normalized_microarray_donor12876,HLA-DRA,1055652,35,363,0.09641873278236915
normalized_microarray_donor12876,HLA-DRA,1055653,341,363,0.9393939393939394
normalized_microarray_donor12876,HLA-DRB1,1055650,363,363,1.0
normalized_microarray_donor12876,HLA-DRB1,1055651,358,363,0.9862258953168044
normalized_microarray_donor12876,INPP5F,1046229,359,363,0.9889807162534435
normalized_microarray_donor12876,INPP5F,1046230,363,363,1.0
normalized_microarray_donor12876,IP6K2,1030752,363,363,1.0
normalized_microarray_donor12876,IP6K2,1030753,363,363,1.0
normalized_microarray_donor12876,IP6K2,1030791,353,363,0.9724517906336089
normalized_microarray_donor12876,IP6K2,1030792,363,363,1.0
normalized_microarray_donor12876,IQCJ,1021047,25,363,0.06887052341597796
normalized_microarray_donor12876,IQCJ,1021142,125,363,0.3443526170798898
normalized_microarray_donor12876,IQCJ,1021143,157,363,0.4325068870523416
normalized_microarray_donor12876,IQCJ,1021144,147,363,0.4049586776859504
normalized_microarray_donor12876,IQCJ-SCHIP1,1044119,363,363,1.0
normalized_microarray_donor12876,IQCJ-SCHIP1,1044120,363,363,1.0
normalized_microarray_donor12876,IRS2,1049467,363,363,1.0
normalized_microarray_donor12876,IRS2,1049468,280,363,0.7713498622589532
normalized_microarray_donor12876,IRS2,1049469,363,363,1.0
normalized_microarray_donor12876,ITGA2B,1054940,236,363,0.650137741046832
normalized_microarray_donor12876,ITGA2B,1054941,88,363,0.24242424242424243
normalized_microarray_donor12876,ITGA8,1049617,250,363,0.6887052341597796
normalized_microarray_donor12876,ITGA8,1049618,289,363,0.7961432506887053
normalized_microarray_donor12876,ITGAE,1054931,298,363,0.8209366391184573
normalized_microarray_donor12876,ITGAE,1054932,337,363,0.928374655647383
normalized_microarray_donor12876,ITIH1,1054912,5,363,0.013774104683195593
normalized_microarray_donor12876,ITIH1,1054913,363,363,1.0
normalized_microarray_donor12876,ITPKB,1054898,363,363,1.0
normalized_microarray_donor12876,ITPKB,1054899,341,363,0.9393939393939394
normalized_microarray_donor12876,KCNIP3,1022417,363,363,1.0
normalized_microarray_donor12876,KCNIP3,1022418,355,363,0.977961432506887
normalized_microarray_donor12876,KCNIP3,1022419,213,363,0.5867768595041323
normalized_microarray_donor12876,KCNN3,1027249,348,363,0.9586776859504132
normalized_microarray_donor12876,KCNN3,1027250,325,363,0.8953168044077136
normalized_microarray_donor12876,KCNN3,1027251,303,363,0.8347107438016529
normalized_microarray_donor12876,KCNS3,1054772,359,363,0.9889807162534435
normalized_microarray_donor12876,KCNS3,1054773,254,363,0.699724517906336
normalized_microarray_donor12876,KCNS3,1054774,7,363,0.01928374655647383
normalized_microarray_donor12876,KLHDC1,1035775,319,363,0.8787878787878788
normalized_microarray_donor12876,KLHDC1,1035776,363,363,1.0
normalized_microarray_donor12876,KLHL7,1025738,355,363,0.977961432506887
normalized_microarray_donor12876,KLHL7,1025739,356,363,0.9807162534435262
normalized_microarray_donor12876,KLHL7,1063321,277,363,0.7630853994490359
normalized_microarray_donor12876,KNTC1,1048212,313,363,0.8622589531680441
normalized_microarray_donor12876,KNTC1,1048213,316,363,0.8705234159779615
normalized_microarray_donor12876,KPNA1,1015121,363,363,1.0
normalized_microarray_donor12876,KPNA1,1020579,339,363,0.9338842975206612
normalized_microarray_donor12876,KPNA3,1054722,363,363,1.0
normalized_microarray_donor12876,KPNA3,1054723,358,363,0.9862258953168044
normalized_microarray_donor12876,KRTCAP2,1033536,363,363,1.0
normalized_microarray_donor12876,KRTCAP2,1033537,363,363,1.0
normalized_microarray_donor12876,KTN1,1011820,363,363,1.0
normalized_microarray_donor12876,KTN1,1017307,363,363,1.0
normalized_microarray_donor12876,KTN1,1054651,348,363,0.9586776859504132
normalized_microarray_donor12876,LAMP3,1044682,1,363,0.0027548209366391185
normalized_microarray_donor12876,LAMP3,1044683,0,363,0.0
normalized_microarray_donor12876,LHFPL2,1047730,363,363,1.0
normalized_microarray_donor12876,LHFPL2,1047731,113,363,0.31129476584022037
normalized_microarray_donor12876,LINC00326,1012240,4,363,0.011019283746556474
normalized_microarray_donor12876,LINC00326,1017951,4,363,0.011019283746556474
normalized_microarray_donor12876,LMNA,1023738,362,363,0.9972451790633609
normalized_microarray_donor12876,LMNA,1023739,175,363,0.4820936639118457
normalized_microarray_donor12876,LMNA,1054551,363,363,1.0
normalized_microarray_donor12876,LRP1B,1043072,360,363,0.9917355371900827
normalized_microarray_donor12876,LRP1B,1043073,354,363,0.9752066115702479
normalized_microarray_donor12876,LRP8,1024086,362,363,0.9972451790633609
normalized_microarray_donor12876,LRP8,1050104,363,363,1.0
normalized_microarray_donor12876,LRP8,1050105,362,363,0.9972451790633609
normalized_microarray_donor12876,LRRC37A4P,1015072,358,363,0.9862258953168044
normalized_microarray_donor12876,LRRC37A4P,1015124,363,363,1.0
normalized_microarray_donor12876,LRRC37A4P,1015247,354,363,0.9752066115702479
normalized_microarray_donor12876,LRRC37A4P,1015252,215,363,0.5922865013774105
normalized_microarray_donor12876,LRRC37A4P,1020297,363,363,1.0
normalized_microarray_donor12876,LRRC37A4P,1022598,363,363,1.0
normalized_microarray_donor12876,LRRC37A4P,1070359,2,363,0.005509641873278237
normalized_microarray_donor12876,LRRK2,1022614,363,363,1.0
normalized_microarray_donor12876,LRRK2,1022615,352,363,0.9696969696969697
normalized_microarray_donor12876,LRRK2,1022616,299,363,0.8236914600550964
normalized_microarray_donor12876,LRRN2,1024046,363,363,1.0
normalized_microarray_donor12876,LRRN2,1024047,91,363,0.25068870523415976
normalized_microarray_donor12876,LRRN2,1047393,45,363,0.12396694214876033
normalized_microarray_donor12876,MAP4K4,1030502,361,363,0.9944903581267218
normalized_microarray_donor12876,MAP4K4,1030503,359,363,0.9889807162534435
normalized_microarray_donor12876,MAP4K4,1030504,363,363,1.0
normalized_microarray_donor12876,MAP4K4,1030505,363,363,1.0
normalized_microarray_donor12876,MAPT,1010837,359,363,0.9889807162534435
normalized_microarray_donor12876,MAPT,1012542,5,363,0.013774104683195593
normalized_microarray_donor12876,MAPT,1014908,350,363,0.9641873278236914
normalized_microarray_donor12876,MAPT,1020634,360,363,0.9917355371900827
normalized_microarray_donor12876,MAPT-AS1,1063807,363,363,1.0
normalized_microarray_donor12876,MBNL2,1026724,363,363,1.0
normalized_microarray_donor12876,MBNL2,1026725,362,363,0.9972451790633609
normalized_microarray_donor12876,MCCC1,1041094,363,363,1.0
normalized_microarray_donor12876,MCCC1,1041095,153,363,0.4214876033057851
normalized_microarray_donor12876,MED12L,1036005,348,363,0.9586776859504132
normalized_microarray_donor12876,MED12L,1036006,288,363,0.7933884297520661
normalized_microarray_donor12876,MED13,1047969,336,363,0.9256198347107438
normalized_microarray_donor12876,MED13,1047970,363,363,1.0
normalized_microarray_donor12876,METTL13,1029408,363,363,1.0
normalized_microarray_donor12876,METTL13,1029409,252,363,0.6942148760330579
normalized_microarray_donor12876,MIPOL1,1034741,344,363,0.9476584022038568
normalized_microarray_donor12876,MIPOL1,1034742,346,363,0.953168044077135
normalized_microarray_donor12876,MMRN1,1046181,0,363,0.0
normalized_microarray_donor12876,MMRN1,1046182,7,363,0.01928374655647383
normalized_microarray_donor12876,MORN1,1038820,166,363,0.4573002754820937
normalized_microarray_donor12876,MORN1,1038821,181,363,0.4986225895316804
normalized_microarray_donor12876,MRPL1,1039604,346,363,0.953168044077135
normalized_microarray_donor12876,MRPL1,1039605,363,363,1.0
normalized_microarray_donor12876,MSR1,1023451,49,363,0.1349862258953168
normalized_microarray_donor12876,MSR1,1023452,23,363,0.06336088154269973
normalized_microarray_donor12876,MSR1,1023453,53,363,0.14600550964187328
normalized_microarray_donor12876,MSR1,1054033,55,363,0.15151515151515152
normalized_microarray_donor12876,MTF2,1046288,363,363,1.0
normalized_microarray_donor12876,MTF2,1046289,363,363,1.0
normalized_microarray_donor12876,MUC12,1015514,148,363,0.40771349862258954
normalized_microarray_donor12876,MUC12,1025233,4,363,0.011019283746556474
normalized_microarray_donor12876,MUC12,1025234,0,363,0.0
normalized_microarray_donor12876,MUC12,1025235,8,363,0.02203856749311295
normalized_microarray_donor12876,MUC12,1047868,2,363,0.005509641873278237
normalized_microarray_donor12876,MUC19,1069887,4,363,0.011019283746556474
normalized_microarray_donor12876,MYLK2,1037087,358,363,0.9862258953168044
normalized_microarray_donor12876,MYLK2,1037088,12,363,0.03305785123966942
normalized_microarray_donor12876,NDUFAF2,1036662,363,363,1.0
normalized_microarray_donor12876,NDUFAF2,1036663,363,363,1.0
normalized_microarray_donor12876,NDUFAF2,1036664,363,363,1.0
normalized_microarray_donor12876,NOD2,1039983,27,363,0.0743801652892562
normalized_microarray_donor12876,NOD2,1039984,0,363,0.0
normalized_microarray_donor12876,NOL4,1049390,349,363,0.9614325068870524
normalized_microarray_donor12876,NOL4,1049391,360,363,0.9917355371900827
normalized_microarray_donor12876,NRBP1,1044129,346,363,0.953168044077135
normalized_microarray_donor12876,NRBP1,1044130,245,363,0.6749311294765841
normalized_microarray_donor12876,NSF,1053553,363,363,1.0
normalized_microarray_donor12876,NSF,1053554,363,363,1.0
normalized_microarray_donor12876,NUCKS1,1039781,363,363,1.0
normalized_microarray_donor12876,NUCKS1,1039782,363,363,1.0
normalized_microarray_donor12876,NUCKS1,1039783,363,363,1.0
normalized_microarray_donor12876,NUCKS1,1039784,352,363,0.9696969696969697
normalized_microarray_donor12876,NUCKS1,1039785,9,363,0.024793388429752067
normalized_microarray_donor12876,NUCKS1,1039786,363,363,1.0
normalized_microarray_donor12876,NUCKS1,1039787,363,363,1.0
normalized_microarray_donor12876,P2RX5,1029745,297,363,0.8181818181818182
normalized_microarray_donor12876,P2RX5,1029961,270,363,0.743801652892562
normalized_microarray_donor12876,P2RX5,1029962,212,363,0.5840220385674931
normalized_microarray_donor12876,PAM,1053360,363,363,1.0
normalized_microarray_donor12876,PAM,1053361,30,363,0.08264462809917356
normalized_microarray_donor12876,PAM,1053362,354,363,0.9752066115702479
normalized_microarray_donor12876,PAM,1053363,363,363,1.0
normalized_microarray_donor12876,PARP9,1012605,48,363,0.1322314049586777
normalized_microarray_donor12876,PARP9,1014893,175,363,0.4820936639118457
normalized_microarray_donor12876,PARP9,1017969,177,363,0.48760330578512395
normalized_microarray_donor12876,PARP9,1019052,140,363,0.3856749311294766
normalized_microarray_donor12876,PBXIP1,1040725,357,363,0.9834710743801653
normalized_microarray_donor12876,PCGF3,1047531,363,363,1.0
normalized_microarray_donor12876,PCGF3,1047532,166,363,0.4573002754820937
normalized_microarray_donor12876,PCGF3,1047533,248,363,0.6831955922865014
normalized_microarray_donor12876,PCGF3,1047534,338,363,0.931129476584022
normalized_microarray_donor12876,PDE5A,1023660,134,363,0.3691460055096419
normalized_microarray_donor12876,PDE5A,1029314,130,363,0.3581267217630854
normalized_microarray_donor12876,PDE5A,1029315,251,363,0.6914600550964187
normalized_microarray_donor12876,PDGFB,1025515,351,363,0.9669421487603306
normalized_microarray_donor12876,PDGFB,1025516,241,363,0.6639118457300276
normalized_microarray_donor12876,PDLIM2,1030473,363,363,1.0
normalized_microarray_donor12876,PDLIM2,1030474,362,363,0.9972451790633609
normalized_microarray_donor12876,PDLIM2,1030475,362,363,0.9972451790633609
normalized_microarray_donor12876,PDLIM2,1030506,1,363,0.0027548209366391185
normalized_microarray_donor12876,PDLIM2,1030507,270,363,0.743801652892562
normalized_microarray_donor12876,PDLIM2,1063413,197,363,0.5426997245179064
normalized_microarray_donor12876,PIK3CA,1053064,359,363,0.9889807162534435
normalized_microarray_donor12876,PIK3CA,1053065,363,363,1.0
normalized_microarray_donor12876,PITPNM2,1040522,75,363,0.2066115702479339
normalized_microarray_donor12876,PITPNM2,1040523,322,363,0.8870523415977961
normalized_microarray_donor12876,PKP2,1028774,275,363,0.7575757575757576
normalized_microarray_donor12876,PKP2,1028775,199,363,0.5482093663911846
normalized_microarray_donor12876,PKP2,1068149,33,363,0.09090909090909091
normalized_microarray_donor12876,PLEKHM1,1014469,114,363,0.3140495867768595
normalized_microarray_donor12876,PLEKHM1,1015773,363,363,1.0
normalized_microarray_donor12876,PLEKHM1,1019528,108,363,0.2975206611570248
normalized_microarray_donor12876,PLEKHM1,1020046,363,363,1.0
normalized_microarray_donor12876,PMVK,1047114,363,363,1.0
normalized_microarray_donor12876,PMVK,1047115,343,363,0.9449035812672176
normalized_microarray_donor12876,PRDM15,1021358,55,363,0.15151515151515152
normalized_microarray_donor12876,PRDM15,1021359,7,363,0.01928374655647383
normalized_microarray_donor12876,PRDM15,1021360,4,363,0.011019283746556474
normalized_microarray_donor12876,PRDM15,1065382,0,363,0.0
normalized_microarray_donor12876,RAB25,1040843,3,363,0.008264462809917356
normalized_microarray_donor12876,RAB25,1040844,5,363,0.013774104683195593
normalized_microarray_donor12876,RABEP2,1038854,339,363,0.9338842975206612
normalized_microarray_donor12876,RABEP2,1038855,338,363,0.931129476584022
normalized_microarray_donor12876,RBMS3,1027165,363,363,1.0
normalized_microarray_donor12876,RBMS3,1027166,229,363,0.6308539944903582
normalized_microarray_donor12876,RBMS3,1027167,355,363,0.977961432506887
normalized_microarray_donor12876,RILPL2,1033620,363,363,1.0
normalized_microarray_donor12876,RILPL2,1033621,343,363,0.9449035812672176
normalized_microarray_donor12876,RIMS1,1046115,303,363,0.8347107438016529
normalized_microarray_donor12876,RIMS1,1046116,359,363,0.9889807162534435
normalized_microarray_donor12876,RIMS2,1013694,360,363,0.9917355371900827
normalized_microarray_donor12876,RIMS2,1014746,334,363,0.9201101928374655
normalized_microarray_donor12876,RIMS2,1015006,352,363,0.9696969696969697
normalized_microarray_donor12876,RIMS2,1020609,360,363,0.9917355371900827
normalized_microarray_donor12876,RIT1,1052172,361,363,0.9944903581267218
normalized_microarray_donor12876,RIT1,1052174,164,363,0.45179063360881544
normalized_microarray_donor12876,RIT2,1052175,349,363,0.9614325068870524
normalized_microarray_donor12876,RIT2,1052176,357,363,0.9834710743801653
normalized_microarray_donor12876,RNF141,1043920,363,363,1.0
normalized_microarray_donor12876,RNF141,1043922,363,363,1.0
normalized_microarray_donor12876,RORA,1024340,363,363,1.0
normalized_microarray_donor12876,RORA,1024341,363,363,1.0
normalized_microarray_donor12876,RPL10,1052085,363,363,1.0
normalized_microarray_donor12876,RPL10,1052086,363,363,1.0
normalized_microarray_donor12876,RPL10,1052087,363,363,1.0
normalized_microarray_donor12876,RPL13AP3,1012847,363,363,1.0
normalized_microarray_donor12876,RPL3,1052118,363,363,1.0
normalized_microarray_donor12876,RPL3,1052119,296,363,0.8154269972451791
normalized_microarray_donor12876,RPS6KL1,1038074,181,363,0.4986225895316804
normalized_microarray_donor12876,RPS6KL1,1038075,345,363,0.9504132231404959
normalized_microarray_donor12876,SCARB2,1058448,363,363,1.0
normalized_microarray_donor12876,SCARB2,1058449,361,363,0.9944903581267218
normalized_microarray_donor12876,SCN2A,1022204,354,363,0.9752066115702479
normalized_microarray_donor12876,SCN2A,1022205,363,363,1.0
normalized_microarray_donor12876,SCN2A,1022206,348,363,0.9586776859504132
normalized_microarray_donor12876,SCN2A,1022207,361,363,0.9944903581267218
normalized_microarray_donor12876,SEC23IP,1046486,362,363,0.9972451790633609
normalized_microarray_donor12876,SEC23IP,1046487,293,363,0.8071625344352618
normalized_microarray_donor12876,SEMA4A,1039940,314,363,0.8650137741046832
normalized_microarray_donor12876,SEMA4A,1039941,41,363,0.11294765840220386
normalized_microarray_donor12876,SETD1A,1023898,214,363,0.5895316804407713
normalized_microarray_donor12876,SETD1A,1023899,208,363,0.5730027548209367
normalized_microarray_donor12876,SH2B1,1013795,230,363,0.6336088154269972
normalized_microarray_donor12876,SH2B1,1019011,323,363,0.8898071625344353
normalized_microarray_donor12876,SH3GL2,1051629,357,363,0.9834710743801653
normalized_microarray_donor12876,SH3GL2,1051630,349,363,0.9614325068870524
normalized_microarray_donor12876,SIPA1L2,1040561,363,363,1.0
normalized_microarray_donor12876,SIPA1L2,1040562,363,363,1.0
normalized_microarray_donor12876,SLC25A44,1048289,67,363,0.18457300275482094
normalized_microarray_donor12876,SLC25A44,1048290,296,363,0.8154269972451791
normalized_microarray_donor12876,SLC25A44,1048291,361,363,0.9944903581267218
normalized_microarray_donor12876,SLC2A13,1036278,363,363,1.0
normalized_microarray_donor12876,SLC2A13,1036279,363,363,1.0
normalized_microarray_donor12876,SLC2A13,1036280,110,363,0.30303030303030304
normalized_microarray_donor12876,SLC38A1,1011006,363,363,1.0
normalized_microarray_donor12876,SLC38A1,1020708,363,363,1.0
normalized_microarray_donor12876,SLC41A1,1032909,362,363,0.9972451790633609
normalized_microarray_donor12876,SLC41A1,1032910,3,363,0.008264462809917356
normalized_microarray_donor12876,SLC44A4,1038467,1,363,0.0027548209366391185
normalized_microarray_donor12876,SLC44A4,1038468,0,363,0.0
normalized_microarray_donor12876,SMAD4,1054430,339,363,0.9338842975206612
normalized_microarray_donor12876,SMAD4,1054431,161,363,0.44352617079889806
normalized_microarray_donor12876,SNCA,1010655,363,363,1.0
normalized_microarray_donor12876,SNCA,1020182,363,363,1.0
normalized_microarray_donor12876,SORBS2,1029199,361,363,0.9944903581267218
normalized_microarray_donor12876,SORBS2,1029200,334,363,0.9201101928374655
normalized_microarray_donor12876,SORBS2,1068745,338,363,0.931129476584022
normalized_microarray_donor12876,SPATA19,1033264,28,363,0.07713498622589532
normalized_microarray_donor12876,SPATA19,1033265,3,363,0.008264462809917356
normalized_microarray_donor12876,SPATA6,1042808,328,363,0.9035812672176309
normalized_microarray_donor12876,SPATA6,1042809,358,363,0.9862258953168044
normalized_microarray_donor12876,SPPL2B,1013582,362,363,0.9972451790633609
normalized_microarray_donor12876,SPPL2B,1019980,363,363,1.0
normalized_microarray_donor12876,SPTSSB,1021818,248,363,0.6831955922865014
normalized_microarray_donor12876,SPTSSB,1021819,161,363,0.44352617079889806
normalized_microarray_donor12876,STK39,1044446,363,363,1.0
normalized_microarray_donor12876,STK39,1044447,363,363,1.0
normalized_microarray_donor12876,STX1B,1036371,360,363,0.9917355371900827
normalized_microarray_donor12876,STX1B,1036372,360,363,0.9917355371900827
normalized_microarray_donor12876,SV2C,1025369,343,363,0.9449035812672176
normalized_microarray_donor12876,SV2C,1025370,289,363,0.7961432506887053
normalized_microarray_donor12876,SV2C,1025371,277,363,0.7630853994490359
normalized_microarray_donor12876,SYT10,1031929,232,363,0.6391184573002755
normalized_microarray_donor12876,SYT10,1031930,161,363,0.44352617079889806
normalized_microarray_donor12876,SYT17,1043121,363,363,1.0
normalized_microarray_donor12876,SYT17,1043122,359,363,0.9889807162534435
normalized_microarray_donor12876,SYT17,1043123,345,363,0.9504132231404959
normalized_microarray_donor12876,SYT4,1051007,355,363,0.977961432506887
normalized_microarray_donor12876,SYT4,1051008,354,363,0.9752066115702479
normalized_microarray_donor12876,SYT4,1051009,356,363,0.9807162534435262
normalized_microarray_donor12876,TAC1,1028377,282,363,0.7768595041322314
normalized_microarray_donor12876,TAC1,1029249,326,363,0.8980716253443526
normalized_microarray_donor12876,TAC1,1029250,335,363,0.9228650137741047
normalized_microarray_donor12876,TAC1,1029251,312,363,0.859504132231405
normalized_microarray_donor12876,TAC1,1029252,299,363,0.8236914600550964
normalized_microarray_donor12876,TAC1,1029253,285,363,0.7851239669421488
normalized_microarray_donor12876,TAC1,1029254,271,363,0.7465564738292011
normalized_microarray_donor12876,TAC1,1029255,309,363,0.8512396694214877
normalized_microarray_donor12876,TAC1,1029256,305,363,0.8402203856749312
normalized_microarray_donor12876,TAC1,1029257,306,363,0.8429752066115702
normalized_microarray_donor12876,TAC1,1029258,275,363,0.7575757575757576
normalized_microarray_donor12876,TAC1,1029261,260,363,0.7162534435261708
normalized_microarray_donor12876,TAC1,1051004,296,363,0.8154269972451791
normalized_microarray_donor12876,TBC1D5,1011556,363,363,1.0
normalized_microarray_donor12876,TBC1D5,1020243,282,363,0.7768595041322314
normalized_microarray_donor12876,TBXAS1,1019912,207,363,0.5702479338842975
normalized_microarray_donor12876,TBXAS1,1028035,315,363,0.8677685950413223
normalized_microarray_donor12876,TBXAS1,1028036,2,363,0.005509641873278237
normalized_microarray_donor12876,TEKT4,1034403,16,363,0.0440771349862259
normalized_microarray_donor12876,TEKT4,1034404,266,363,0.7327823691460055
normalized_microarray_donor12876,TEKT4,1034405,24,363,0.06611570247933884
normalized_microarray_donor12876,TIAL1,1022190,363,363,1.0
normalized_microarray_donor12876,TIAL1,1022191,362,363,0.9972451790633609
normalized_microarray_donor12876,TIAL1,1022192,360,363,0.9917355371900827
normalized_microarray_donor12876,TMEM108,1039492,362,363,0.9972451790633609
normalized_microarray_donor12876,TMEM108,1039493,315,363,0.8677685950413223
normalized_microarray_donor12876,TMEM108,1061880,2,363,0.005509641873278237
normalized_microarray_donor12876,TMEM163,1038292,279,363,0.768595041322314
normalized_microarray_donor12876,TMEM163,1038293,212,363,0.5840220385674931
normalized_microarray_donor12876,TMEM175,1037692,363,363,1.0
normalized_microarray_donor12876,TMEM175,1037693,363,363,1.0
normalized_microarray_donor12876,TPM1,1029651,354,363,0.9752066115702479
normalized_microarray_donor12876,TPM1,1029652,363,363,1.0
normalized_microarray_donor12876,TPM1,1029653,359,363,0.9889807162534435
normalized_microarray_donor12876,TPM1,1029654,297,363,0.8181818181818182
normalized_microarray_donor12876,TPM1,1029722,360,363,0.9917355371900827
normalized_microarray_donor12876,TPM1,1030777,363,363,1.0
normalized_microarray_donor12876,TPM1,1030778,307,363,0.8457300275482094
normalized_microarray_donor12876,TRIM40,1035144,8,363,0.02203856749311295
normalized_microarray_donor12876,TRIM40,1035145,9,363,0.024793388429752067
normalized_microarray_donor12876,TRIM46,1038649,109,363,0.3002754820936639
normalized_microarray_donor12876,TRIM46,1038650,1,363,0.0027548209366391185
normalized_microarray_donor12876,TRIM46,1061310,351,363,0.9669421487603306
normalized_microarray_donor12876,TXNDC15,1038974,363,363,1.0
normalized_microarray_donor12876,TXNDC15,1038975,363,363,1.0
normalized_microarray_donor12876,UBAP2,1041521,363,363,1.0
normalized_microarray_donor12876,UBAP2,1041522,156,363,0.4297520661157025
normalized_microarray_donor12876,UBQLN4,1041134,319,363,0.8787878787878788
normalized_microarray_donor12876,UBQLN4,1041135,182,363,0.5013774104683195
normalized_microarray_donor12876,UBTF,1011311,298,363,0.8209366391184573
normalized_microarray_donor12876,UBTF,1020229,343,363,0.9449035812672176
normalized_microarray_donor12876,USP50,1031669,0,363,0.0
normalized_microarray_donor12876,USP50,1031670,6,363,0.01652892561983471
normalized_microarray_donor12876,USP8,1014451,363,363,1.0
normalized_microarray_donor12876,USP8,1019894,343,363,0.9449035812672176
normalized_microarray_donor12876,VAMP4,1022872,313,363,0.8622589531680441
normalized_microarray_donor12876,VAMP4,1022873,359,363,0.9889807162534435
normalized_microarray_donor12876,VAMP4,1063422,330,363,0.9090909090909091
normalized_microarray_donor12876,VN1R10P,1037931,5,363,0.013774104683195593
normalized_microarray_donor12876,VN1R10P,1037932,3,363,0.008264462809917356
normalized_microarray_donor12876,WDHD1,1024873,229,363,0.6308539944903582
normalized_microarray_donor12876,WDHD1,1024874,263,363,0.7245179063360881
normalized_microarray_donor12876,WDHD1,1067761,2,363,0.005509641873278237
normalized_microarray_donor12876,WDR41,1042082,363,363,1.0
normalized_microarray_donor12876,WDR41,1042083,356,363,0.9807162534435262
normalized_microarray_donor12876,WNT3,1050353,363,363,1.0
normalized_microarray_donor12876,WNT3,1050354,1,363,0.0027548209366391185
normalized_microarray_donor12876,WWOX,1025804,341,363,0.9393939393939394
normalized_microarray_donor12876,WWOX,1025805,363,363,1.0
normalized_microarray_donor12876,WWOX,1043133,363,363,1.0
normalized_microarray_donor12876,WWOX,1043134,361,363,0.9944903581267218
normalized_microarray_donor12876,WWOX,1043135,237,363,0.6528925619834711
normalized_microarray_donor12876,WWOX,1043136,363,363,1.0
normalized_microarray_donor12876,XPO1,1050310,99,363,0.2727272727272727
normalized_microarray_donor12876,XPO1,1050311,363,363,1.0
normalized_microarray_donor12876,ZNF322,1039074,282,363,0.7768595041322314
normalized_microarray_donor12876,ZNF322,1039075,363,363,1.0
normalized_microarray_donor12876,ZNF608,1025964,360,363,0.9917355371900827
normalized_microarray_donor12876,ZNF608,1025965,324,363,0.8925619834710744
normalized_microarray_donor14380,APOE,1059132,529,529,1.0
normalized_microarray_donor14380,APOE,1059133,527,529,0.996219281663516
normalized_microarray_donor14380,APOE,1067762,529,529,1.0
normalized_microarray_donor14380,ARHGEF2,1019068,520,529,0.9829867674858223
normalized_microarray_donor14380,ARHGEF2,1048871,504,529,0.9527410207939508
normalized_microarray_donor14380,ASH1L,1041471,504,529,0.9527410207939508
normalized_microarray_donor14380,ASH1L,1041472,529,529,1.0
normalized_microarray_donor14380,ASNS,1026103,529,529,1.0
normalized_microarray_donor14380,ASNS,1026104,529,529,1.0
normalized_microarray_donor14380,ASXL3,1015239,434,529,0.8204158790170132
normalized_microarray_donor14380,ASXL3,1015423,460,529,0.8695652173913043
normalized_microarray_donor14380,ASXL3,1016305,486,529,0.9187145557655955
normalized_microarray_donor14380,BAG3,1048474,527,529,0.996219281663516
normalized_microarray_donor14380,BAG3,1048475,527,529,0.996219281663516
normalized_microarray_donor14380,BBS9,1022575,529,529,1.0
normalized_microarray_donor14380,BBS9,1022576,462,529,0.8733459357277883
normalized_microarray_donor14380,BCKDK,1011486,529,529,1.0
normalized_microarray_donor14380,BCKDK,1019002,512,529,0.9678638941398866
normalized_microarray_donor14380,BCL9,1058854,529,529,1.0
normalized_microarray_donor14380,BCL9,1058855,420,529,0.7939508506616257
normalized_microarray_donor14380,BIN3,1041427,529,529,1.0
normalized_microarray_donor14380,BIN3,1041428,469,529,0.8865784499054821
normalized_microarray_donor14380,BIN3,1041429,479,529,0.9054820415879017
normalized_microarray_donor14380,BRD3,1050009,529,529,1.0
normalized_microarray_donor14380,BRD3,1050010,529,529,1.0
normalized_microarray_donor14380,BRIP1,1037918,18,529,0.034026465028355386
normalized_microarray_donor14380,BST1,1058746,119,529,0.22495274102079396
normalized_microarray_donor14380,BST1,1058747,99,529,0.18714555765595464
normalized_microarray_donor14380,C5ORF24,1015240,529,529,1.0
normalized_microarray_donor14380,C5ORF24,1020488,527,529,0.996219281663516
normalized_microarray_donor14380,CAB39L,1011604,529,529,1.0
normalized_microarray_donor14380,CAB39L,1020073,529,529,1.0
normalized_microarray_donor14380,CAMK2D,1013642,529,529,1.0
normalized_microarray_donor14380,CAMK2D,1017819,529,529,1.0
normalized_microarray_donor14380,CAMK2D,1027100,154,529,0.29111531190926276
normalized_microarray_donor14380,CAMK2D,1027101,529,529,1.0
normalized_microarray_donor14380,CAPN13,1036609,503,529,0.9508506616257089
normalized_microarray_donor14380,CAPN13,1036610,372,529,0.7032136105860114
normalized_microarray_donor14380,CARS2,1039201,529,529,1.0
normalized_microarray_donor14380,CARS2,1039202,502,529,0.9489603024574669
normalized_microarray_donor14380,CC2D2A,1011388,478,529,0.9035916824196597
normalized_microarray_donor14380,CC2D2A,1018275,526,529,0.994328922495274
normalized_microarray_donor14380,CCDC62,1029581,142,529,0.2684310018903592
normalized_microarray_donor14380,CCDC62,1029582,23,529,0.043478260869565216
normalized_microarray_donor14380,CCDC85A,1014186,522,529,0.9867674858223062
normalized_microarray_donor14380,CCDC85A,1017604,528,529,0.998109640831758
normalized_microarray_donor14380,CCT3,1029523,529,529,1.0
normalized_microarray_donor14380,CCT3,1029524,529,529,1.0
normalized_microarray_donor14380,CD19,1058473,385,529,0.7277882797731569
normalized_microarray_donor14380,CD19,1058474,166,529,0.31379962192816635
normalized_microarray_donor14380,CHRNB1,1058196,524,529,0.9905482041587902
normalized_microarray_donor14380,CHRNB1,1058197,6,529,0.011342155009451797
normalized_microarray_donor14380,CLCN3,1025182,529,529,1.0
normalized_microarray_donor14380,CLCN3,1025183,529,529,1.0
normalized_microarray_donor14380,CLCN3,1025184,529,529,1.0
normalized_microarray_donor14380,CNOT6L,1033005,526,529,0.994328922495274
normalized_microarray_donor14380,CNOT6L,1033006,529,529,1.0
normalized_microarray_donor14380,CNOT6L,1033007,529,529,1.0
normalized_microarray_donor14380,CNTN1,1058103,529,529,1.0
normalized_microarray_donor14380,CNTN1,1058104,529,529,1.0
normalized_microarray_donor14380,COL3A1,1058092,2,529,0.003780718336483932
normalized_microarray_donor14380,COL3A1,1058093,184,529,0.34782608695652173
normalized_microarray_donor14380,COL3A1,1058094,3,529,0.005671077504725898
normalized_microarray_donor14380,COL3A1,1058095,15,529,0.02835538752362949
normalized_microarray_donor14380,COMMD1,1034390,529,529,1.0
normalized_microarray_donor14380,COMMD1,1034391,528,529,0.998109640831758
normalized_microarray_donor14380,CRLS1,1020322,529,529,1.0
normalized_microarray_donor14380,CTSB,1030215,529,529,1.0
normalized_microarray_donor14380,CTSB,1030216,529,529,1.0
normalized_microarray_donor14380,CTSB,1030217,529,529,1.0
normalized_microarray_donor14380,DCST1,1014309,15,529,0.02835538752362949
normalized_microarray_donor14380,DCST1,1018959,12,529,0.022684310018903593
normalized_microarray_donor14380,DCST1,1034485,4,529,0.007561436672967864
normalized_microarray_donor14380,DCUN1D1,1042987,529,529,1.0
normalized_microarray_donor14380,DCUN1D1,1060966,529,529,1.0
normalized_microarray_donor14380,DDRGK1,1039498,529,529,1.0
normalized_microarray_donor14380,DDRGK1,1039499,529,529,1.0
normalized_microarray_donor14380,DGKQ,1057741,502,529,0.9489603024574669
normalized_microarray_donor14380,DGKQ,1057742,0,529,0.0
normalized_microarray_donor14380,DIRC1,1036088,529,529,1.0
normalized_microarray_donor14380,DIRC1,1036089,0,529,0.0
normalized_microarray_donor14380,DLG2,1011473,529,529,1.0
normalized_microarray_donor14380,DLG2,1014060,497,529,0.9395085066162571
normalized_microarray_donor14380,DLG2,1015299,527,529,0.996219281663516
normalized_microarray_donor14380,DLG2,1020078,525,529,0.9924385633270322
normalized_microarray_donor14380,DNAH17,1029339,1,529,0.001890359168241966
normalized_microarray_donor14380,DNAH17,1029340,207,529,0.391304347826087
normalized_microarray_donor14380,DNASE1L1,1057592,71,529,0.1342155009451796
normalized_microarray_donor14380,DNASE1L1,1057593,529,529,1.0
normalized_microarray_donor14380,DNM1L,1026402,529,529,1.0
normalized_microarray_donor14380,DNM1L,1026403,529,529,1.0
normalized_microarray_donor14380,DNM1L,1026404,529,529,1.0
normalized_microarray_donor14380,DPP6,1021964,529,529,1.0
normalized_microarray_donor14380,DPP6,1021965,529,529,1.0
normalized_microarray_donor14380,DPP6,1021966,510,529,0.9640831758034026
normalized_microarray_donor14380,DPP6,1025983,503,529,0.9508506616257089
normalized_microarray_donor14380,DYRK1A,1026233,529,529,1.0
normalized_microarray_donor14380,DYRK1A,1026234,529,529,1.0
normalized_microarray_donor14380,DYRK1A,1026235,529,529,1.0
normalized_microarray_donor14380,ELOVL7,1014431,529,529,1.0
normalized_microarray_donor14380,ELOVL7,1017481,529,529,1.0
normalized_microarray_donor14380,FAM171A2,1013916,72,529,0.13610586011342155
normalized_microarray_donor14380,FAM171A2,1017989,424,529,0.8015122873345936
normalized_microarray_donor14380,FAM47E,1011673,420,529,0.7939508506616257
normalized_microarray_donor14380,FAM47E,1015924,526,529,0.994328922495274
normalized_microarray_donor14380,FASN,1057064,523,529,0.9886578449905482
normalized_microarray_donor14380,FASN,1057065,75,529,0.14177693761814744
normalized_microarray_donor14380,FBRSL1,1014256,529,529,1.0
normalized_microarray_donor14380,FBRSL1,1015696,529,529,1.0
normalized_microarray_donor14380,FCGR2A,1019379,518,529,0.9792060491493384
normalized_microarray_donor14380,FCGR2B,1026970,31,529,0.05860113421550094
normalized_microarray_donor14380,FCGR2B,1026971,62,529,0.11720226843100189
normalized_microarray_donor14380,FCGR3B,1057035,125,529,0.23629489603024575
normalized_microarray_donor14380,FGD4,1035818,528,529,0.998109640831758
normalized_microarray_donor14380,FGD4,1035819,11,529,0.020793950850661626
normalized_microarray_donor14380,FGD4,1064628,458,529,0.8657844990548205
normalized_microarray_donor14380,FYN,1029625,529,529,1.0
normalized_microarray_donor14380,FYN,1029626,529,529,1.0
normalized_microarray_donor14380,FYN,1029627,529,529,1.0
normalized_microarray_donor14380,GAK,1056538,529,529,1.0
normalized_microarray_donor14380,GAK,1056539,529,529,1.0
normalized_microarray_donor14380,GALNT14,1039165,528,529,0.998109640831758
normalized_microarray_donor14380,GALNT14,1039166,504,529,0.9527410207939508
normalized_microarray_donor14380,GALNT9,1013164,508,529,0.9603024574669187
normalized_microarray_donor14380,GALNT9,1013937,316,529,0.5973534971644613
normalized_microarray_donor14380,GALNT9,1018522,509,529,0.9621928166351607
normalized_microarray_donor14380,GALNT9,1063388,205,529,0.387523629489603
normalized_microarray_donor14380,GBF1,1049375,529,529,1.0
normalized_microarray_donor14380,GBF1,1049376,315,529,0.5954631379962193
normalized_microarray_donor14380,GCH1,1029868,129,529,0.2438563327032136
normalized_microarray_donor14380,GCH1,1029869,48,529,0.09073724007561437
normalized_microarray_donor14380,GCH1,1029901,83,529,0.15689981096408318
normalized_microarray_donor14380,GCH1,1030010,94,529,0.1776937618147448
normalized_microarray_donor14380,GCH1,1056474,16,529,0.030245746691871456
normalized_microarray_donor14380,GJA5,1024400,2,529,0.003780718336483932
normalized_microarray_donor14380,GJA5,1024401,11,529,0.020793950850661626
normalized_microarray_donor14380,GJA5,1056413,8,529,0.015122873345935728
normalized_microarray_donor14380,GPM6B,1023580,529,529,1.0
normalized_microarray_donor14380,GPM6B,1056269,529,529,1.0
normalized_microarray_donor14380,GPM6B,1056270,529,529,1.0
normalized_microarray_donor14380,GPM6B,1056271,529,529,1.0
normalized_microarray_donor14380,GPNMB,1024151,516,529,0.9754253308128544
normalized_microarray_donor14380,GPNMB,1024152,64,529,0.12098298676748583
normalized_microarray_donor14380,GPR65,1049669,9,529,0.017013232514177693
normalized_microarray_donor14380,GPR65,1049670,18,529,0.034026465028355386
normalized_microarray_donor14380,GPRIN3,1021672,255,529,0.4820415879017013
normalized_microarray_donor14380,GPRIN3,1021673,201,529,0.3799621928166352
normalized_microarray_donor14380,GUSBP2,1010976,529,529,1.0
normalized_microarray_donor14380,HEATR6,1040127,526,529,0.994328922495274
normalized_microarray_donor14380,HEATR6,1040128,513,529,0.9697542533081286
normalized_microarray_donor14380,HIP1R,1049068,529,529,1.0
normalized_microarray_donor14380,HIP1R,1049069,529,529,1.0
normalized_microarray_donor14380,HLA-DQA1,1018703,1,529,0.001890359168241966
normalized_microarray_donor14380,HLA-DQA1,1021190,2,529,0.003780718336483932
normalized_microarray_donor14380,HLA-DQA1,1055658,99,529,0.18714555765595464
normalized_microarray_donor14380,HLA-DQA1,1055659,238,529,0.4499054820415879
normalized_microarray_donor14380,HLA-DQA1,1055660,3,529,0.005671077504725898
normalized_microarray_donor14380,HLA-DQB1,1055654,496,529,0.9376181474480151
normalized_microarray_donor14380,HLA-DQB1,1055655,6,529,0.011342155009451797
normalized_microarray_donor14380,HLA-DRA,1055652,31,529,0.05860113421550094
normalized_microarray_donor14380,HLA-DRA,1055653,509,529,0.9621928166351607
normalized_microarray_donor14380,HLA-DRB1,1055650,529,529,1.0
normalized_microarray_donor14380,HLA-DRB1,1055651,529,529,1.0
normalized_microarray_donor14380,INPP5F,1046229,527,529,0.996219281663516
normalized_microarray_donor14380,INPP5F,1046230,529,529,1.0
normalized_microarray_donor14380,IP6K2,1030752,529,529,1.0
normalized_microarray_donor14380,IP6K2,1030753,529,529,1.0
normalized_microarray_donor14380,IP6K2,1030791,527,529,0.996219281663516
normalized_microarray_donor14380,IP6K2,1030792,529,529,1.0
normalized_microarray_donor14380,IQCJ,1021047,207,529,0.391304347826087
normalized_microarray_donor14380,IQCJ,1021142,337,529,0.6370510396975425
normalized_microarray_donor14380,IQCJ,1021143,364,529,0.6880907372400756
normalized_microarray_donor14380,IQCJ,1021144,346,529,0.6540642722117203
normalized_microarray_donor14380,IQCJ-SCHIP1,1044119,529,529,1.0
normalized_microarray_donor14380,IQCJ-SCHIP1,1044120,529,529,1.0
normalized_microarray_donor14380,IRS2,1049467,529,529,1.0
normalized_microarray_donor14380,IRS2,1049468,492,529,0.9300567107750473
normalized_microarray_donor14380,IRS2,1049469,529,529,1.0
normalized_microarray_donor14380,ITGA2B,1054940,363,529,0.6862003780718336
normalized_microarray_donor14380,ITGA2B,1054941,104,529,0.19659735349716445
normalized_microarray_donor14380,ITGA8,1049617,453,529,0.8563327032136105
normalized_microarray_donor14380,ITGA8,1049618,488,529,0.9224952741020794
normalized_microarray_donor14380,ITGAE,1054931,525,529,0.9924385633270322
normalized_microarray_donor14380,ITGAE,1054932,528,529,0.998109640831758
normalized_microarray_donor14380,ITIH1,1054912,16,529,0.030245746691871456
normalized_microarray_donor14380,ITIH1,1054913,529,529,1.0
normalized_microarray_donor14380,ITPKB,1054898,529,529,1.0
normalized_microarray_donor14380,ITPKB,1054899,527,529,0.996219281663516
normalized_microarray_donor14380,KCNIP3,1022417,529,529,1.0
normalized_microarray_donor14380,KCNIP3,1022418,529,529,1.0
normalized_microarray_donor14380,KCNIP3,1022419,360,529,0.6805293005671077
normalized_microarray_donor14380,KCNN3,1027249,525,529,0.9924385633270322
normalized_microarray_donor14380,KCNN3,1027250,505,529,0.9546313799621928
normalized_microarray_donor14380,KCNN3,1027251,493,529,0.9319470699432892
normalized_microarray_donor14380,KCNS3,1054772,527,529,0.996219281663516
normalized_microarray_donor14380,KCNS3,1054773,460,529,0.8695652173913043
normalized_microarray_donor14380,KCNS3,1054774,11,529,0.020793950850661626
normalized_microarray_donor14380,KLHDC1,1035775,526,529,0.994328922495274
normalized_microarray_donor14380,KLHDC1,1035776,529,529,1.0
normalized_microarray_donor14380,KLHL7,1025738,528,529,0.998109640831758
normalized_microarray_donor14380,KLHL7,1025739,529,529,1.0
normalized_microarray_donor14380,KLHL7,1063321,516,529,0.9754253308128544
normalized_microarray_donor14380,KNTC1,1048212,523,529,0.9886578449905482
normalized_microarray_donor14380,KNTC1,1048213,525,529,0.9924385633270322
normalized_microarray_donor14380,KPNA1,1015121,529,529,1.0
normalized_microarray_donor14380,KPNA1,1020579,529,529,1.0
normalized_microarray_donor14380,KPNA3,1054722,529,529,1.0
normalized_microarray_donor14380,KPNA3,1054723,529,529,1.0
normalized_microarray_donor14380,KRTCAP2,1033536,529,529,1.0
normalized_microarray_donor14380,KRTCAP2,1033537,529,529,1.0
normalized_microarray_donor14380,KTN1,1011820,529,529,1.0
normalized_microarray_donor14380,KTN1,1017307,529,529,1.0
normalized_microarray_donor14380,KTN1,1054651,529,529,1.0
normalized_microarray_donor14380,LAMP3,1044682,1,529,0.001890359168241966
normalized_microarray_donor14380,LAMP3,1044683,2,529,0.003780718336483932
normalized_microarray_donor14380,LHFPL2,1047730,529,529,1.0
normalized_microarray_donor14380,LHFPL2,1047731,239,529,0.45179584120982985
normalized_microarray_donor14380,LINC00326,1012240,3,529,0.005671077504725898
normalized_microarray_donor14380,LINC00326,1017951,5,529,0.00945179584120983
normalized_microarray_donor14380,LMNA,1023738,529,529,1.0
normalized_microarray_donor14380,LMNA,1023739,344,529,0.6502835538752363
normalized_microarray_donor14380,LMNA,1054551,529,529,1.0
normalized_microarray_donor14380,LRP1B,1043072,529,529,1.0
normalized_microarray_donor14380,LRP1B,1043073,529,529,1.0
normalized_microarray_donor14380,LRP8,1024086,528,529,0.998109640831758
normalized_microarray_donor14380,LRP8,1050104,529,529,1.0
normalized_microarray_donor14380,LRP8,1050105,528,529,0.998109640831758
normalized_microarray_donor14380,LRRC37A4P,1015072,529,529,1.0
normalized_microarray_donor14380,LRRC37A4P,1015124,529,529,1.0
normalized_microarray_donor14380,LRRC37A4P,1015247,529,529,1.0
normalized_microarray_donor14380,LRRC37A4P,1015252,529,529,1.0
normalized_microarray_donor14380,LRRC37A4P,1020297,529,529,1.0
normalized_microarray_donor14380,LRRC37A4P,1022598,529,529,1.0
normalized_microarray_donor14380,LRRC37A4P,1070359,456,529,0.8620037807183365
normalized_microarray_donor14380,LRRK2,1022614,529,529,1.0
normalized_microarray_donor14380,LRRK2,1022615,529,529,1.0
normalized_microarray_donor14380,LRRK2,1022616,481,529,0.9092627599243857
normalized_microarray_donor14380,LRRN2,1024046,529,529,1.0
normalized_microarray_donor14380,LRRN2,1024047,100,529,0.1890359168241966
normalized_microarray_donor14380,LRRN2,1047393,76,529,0.14366729678638943
normalized_microarray_donor14380,MAP4K4,1030502,529,529,1.0
normalized_microarray_donor14380,MAP4K4,1030503,529,529,1.0
normalized_microarray_donor14380,MAP4K4,1030504,529,529,1.0
normalized_microarray_donor14380,MAP4K4,1030505,529,529,1.0
normalized_microarray_donor14380,MAPT,1010837,527,529,0.996219281663516
normalized_microarray_donor14380,MAPT,1012542,58,529,0.10964083175803403
normalized_microarray_donor14380,MAPT,1014908,525,529,0.9924385633270322
normalized_microarray_donor14380,MAPT,1020634,528,529,0.998109640831758
normalized_microarray_donor14380,MAPT-AS1,1063807,529,529,1.0
normalized_microarray_donor14380,MBNL2,1026724,529,529,1.0
normalized_microarray_donor14380,MBNL2,1026725,529,529,1.0
normalized_microarray_donor14380,MCCC1,1041094,529,529,1.0
normalized_microarray_donor14380,MCCC1,1041095,397,529,0.7504725897920604
normalized_microarray_donor14380,MED12L,1036005,517,529,0.9773156899810964
normalized_microarray_donor14380,MED12L,1036006,484,529,0.9149338374291115
normalized_microarray_donor14380,MED13,1047969,528,529,0.998109640831758
normalized_microarray_donor14380,MED13,1047970,529,529,1.0
normalized_microarray_donor14380,METTL13,1029408,529,529,1.0
normalized_microarray_donor14380,METTL13,1029409,504,529,0.9527410207939508
normalized_microarray_donor14380,MIPOL1,1034741,528,529,0.998109640831758
normalized_microarray_donor14380,MIPOL1,1034742,528,529,0.998109640831758
normalized_microarray_donor14380,MMRN1,1046181,2,529,0.003780718336483932
normalized_microarray_donor14380,MMRN1,1046182,14,529,0.026465028355387523
normalized_microarray_donor14380,MORN1,1038820,293,529,0.553875236294896
normalized_microarray_donor14380,MORN1,1038821,448,529,0.8468809073724007
normalized_microarray_donor14380,MRPL1,1039604,526,529,0.994328922495274
normalized_microarray_donor14380,MRPL1,1039605,529,529,1.0
normalized_microarray_donor14380,MSR1,1023451,58,529,0.10964083175803403
normalized_microarray_donor14380,MSR1,1023452,25,529,0.04725897920604915
normalized_microarray_donor14380,MSR1,1023453,42,529,0.07939508506616257
normalized_microarray_donor14380,MSR1,1054033,58,529,0.10964083175803403
normalized_microarray_donor14380,MTF2,1046288,529,529,1.0
normalized_microarray_donor14380,MTF2,1046289,529,529,1.0
normalized_microarray_donor14380,MUC12,1015514,323,529,0.610586011342155
normalized_microarray_donor14380,MUC12,1025233,0,529,0.0
normalized_microarray_donor14380,MUC12,1025234,1,529,0.001890359168241966
normalized_microarray_donor14380,MUC12,1025235,9,529,0.017013232514177693
normalized_microarray_donor14380,MUC12,1047868,0,529,0.0
normalized_microarray_donor14380,MUC19,1069887,18,529,0.034026465028355386
normalized_microarray_donor14380,MYLK2,1037087,529,529,1.0
normalized_microarray_donor14380,MYLK2,1037088,114,529,0.21550094517958412
normalized_microarray_donor14380,NDUFAF2,1036662,529,529,1.0
normalized_microarray_donor14380,NDUFAF2,1036663,529,529,1.0
normalized_microarray_donor14380,NDUFAF2,1036664,529,529,1.0
normalized_microarray_donor14380,NOD2,1039983,61,529,0.11531190926275993
normalized_microarray_donor14380,NOD2,1039984,0,529,0.0
normalized_microarray_donor14380,NOL4,1049390,526,529,0.994328922495274
normalized_microarray_donor14380,NOL4,1049391,527,529,0.996219281663516
normalized_microarray_donor14380,NRBP1,1044129,526,529,0.994328922495274
normalized_microarray_donor14380,NRBP1,1044130,469,529,0.8865784499054821
normalized_microarray_donor14380,NSF,1053553,529,529,1.0
normalized_microarray_donor14380,NSF,1053554,529,529,1.0
normalized_microarray_donor14380,NUCKS1,1039781,529,529,1.0
normalized_microarray_donor14380,NUCKS1,1039782,529,529,1.0
normalized_microarray_donor14380,NUCKS1,1039783,529,529,1.0
normalized_microarray_donor14380,NUCKS1,1039784,524,529,0.9905482041587902
normalized_microarray_donor14380,NUCKS1,1039785,25,529,0.04725897920604915
normalized_microarray_donor14380,NUCKS1,1039786,529,529,1.0
normalized_microarray_donor14380,NUCKS1,1039787,529,529,1.0
normalized_microarray_donor14380,P2RX5,1029745,481,529,0.9092627599243857
normalized_microarray_donor14380,P2RX5,1029961,461,529,0.8714555765595463
normalized_microarray_donor14380,P2RX5,1029962,388,529,0.7334593572778828
normalized_microarray_donor14380,PAM,1053360,529,529,1.0
normalized_microarray_donor14380,PAM,1053361,166,529,0.31379962192816635
normalized_microarray_donor14380,PAM,1053362,528,529,0.998109640831758
normalized_microarray_donor14380,PAM,1053363,528,529,0.998109640831758
normalized_microarray_donor14380,PARP9,1012605,78,529,0.14744801512287334
normalized_microarray_donor14380,PARP9,1014893,409,529,0.7731568998109641
normalized_microarray_donor14380,PARP9,1017969,371,529,0.7013232514177694
normalized_microarray_donor14380,PARP9,1019052,261,529,0.4933837429111531
normalized_microarray_donor14380,PBXIP1,1040725,527,529,0.996219281663516
normalized_microarray_donor14380,PCGF3,1047531,529,529,1.0
normalized_microarray_donor14380,PCGF3,1047532,351,529,0.6635160680529301
normalized_microarray_donor14380,PCGF3,1047533,517,529,0.9773156899810964
normalized_microarray_donor14380,PCGF3,1047534,527,529,0.996219281663516
normalized_microarray_donor14380,PDE5A,1023660,225,529,0.42533081285444235
normalized_microarray_donor14380,PDE5A,1029314,200,529,0.3780718336483932
normalized_microarray_donor14380,PDE5A,1029315,465,529,0.8790170132325141
normalized_microarray_donor14380,PDGFB,1025515,528,529,0.998109640831758
normalized_microarray_donor14380,PDGFB,1025516,462,529,0.8733459357277883
normalized_microarray_donor14380,PDLIM2,1030473,529,529,1.0
normalized_microarray_donor14380,PDLIM2,1030474,529,529,1.0
normalized_microarray_donor14380,PDLIM2,1030475,529,529,1.0
normalized_microarray_donor14380,PDLIM2,1030506,1,529,0.001890359168241966
normalized_microarray_donor14380,PDLIM2,1030507,490,529,0.9262759924385633
normalized_microarray_donor14380,PDLIM2,1063413,435,529,0.8223062381852552
normalized_microarray_donor14380,PIK3CA,1053064,529,529,1.0
normalized_microarray_donor14380,PIK3CA,1053065,529,529,1.0
normalized_microarray_donor14380,PITPNM2,1040522,203,529,0.3837429111531191
normalized_microarray_donor14380,PITPNM2,1040523,505,529,0.9546313799621928
normalized_microarray_donor14380,PKP2,1028774,461,529,0.8714555765595463
normalized_microarray_donor14380,PKP2,1028775,268,529,0.5066162570888468
normalized_microarray_donor14380,PKP2,1068149,77,529,0.14555765595463138
normalized_microarray_donor14380,PLEKHM1,1014469,204,529,0.3856332703213611
normalized_microarray_donor14380,PLEKHM1,1015773,529,529,1.0
normalized_microarray_donor14380,PLEKHM1,1019528,206,529,0.389413988657845
normalized_microarray_donor14380,PLEKHM1,1020046,529,529,1.0
normalized_microarray_donor14380,PMVK,1047114,529,529,1.0
normalized_microarray_donor14380,PMVK,1047115,526,529,0.994328922495274
normalized_microarray_donor14380,PRDM15,1021358,189,529,0.3572778827977316
normalized_microarray_donor14380,PRDM15,1021359,16,529,0.030245746691871456
normalized_microarray_donor14380,PRDM15,1021360,6,529,0.011342155009451797
normalized_microarray_donor14380,PRDM15,1065382,0,529,0.0
normalized_microarray_donor14380,RAB25,1040843,6,529,0.011342155009451797
normalized_microarray_donor14380,RAB25,1040844,6,529,0.011342155009451797
normalized_microarray_donor14380,RABEP2,1038854,519,529,0.9810964083175804
normalized_microarray_donor14380,RABEP2,1038855,517,529,0.9773156899810964
normalized_microarray_donor14380,RBMS3,1027165,529,529,1.0
normalized_microarray_donor14380,RBMS3,1027166,462,529,0.8733459357277883
normalized_microarray_donor14380,RBMS3,1027167,528,529,0.998109640831758
normalized_microarray_donor14380,RILPL2,1033620,529,529,1.0
normalized_microarray_donor14380,RILPL2,1033621,526,529,0.994328922495274
normalized_microarray_donor14380,RIMS1,1046115,516,529,0.9754253308128544
normalized_microarray_donor14380,RIMS1,1046116,527,529,0.996219281663516
normalized_microarray_donor14380,RIMS2,1013694,526,529,0.994328922495274
normalized_microarray_donor14380,RIMS2,1014746,521,529,0.9848771266540642
normalized_microarray_donor14380,RIMS2,1015006,526,529,0.994328922495274
normalized_microarray_donor14380,RIMS2,1020609,528,529,0.998109640831758
normalized_microarray_donor14380,RIT1,1052172,529,529,1.0
normalized_microarray_donor14380,RIT1,1052174,426,529,0.8052930056710775
normalized_microarray_donor14380,RIT2,1052175,524,529,0.9905482041587902
normalized_microarray_donor14380,RIT2,1052176,528,529,0.998109640831758
normalized_microarray_donor14380,RNF141,1043920,529,529,1.0
normalized_microarray_donor14380,RNF141,1043922,529,529,1.0
normalized_microarray_donor14380,RORA,1024340,529,529,1.0
normalized_microarray_donor14380,RORA,1024341,529,529,1.0
normalized_microarray_donor14380,RPL10,1052085,529,529,1.0
normalized_microarray_donor14380,RPL10,1052086,529,529,1.0
normalized_microarray_donor14380,RPL10,1052087,529,529,1.0
normalized_microarray_donor14380,RPL13AP3,1012847,529,529,1.0
normalized_microarray_donor14380,RPL3,1052118,529,529,1.0
normalized_microarray_donor14380,RPL3,1052119,517,529,0.9773156899810964
normalized_microarray_donor14380,RPS6KL1,1038074,353,529,0.667296786389414
normalized_microarray_donor14380,RPS6KL1,1038075,528,529,0.998109640831758
normalized_microarray_donor14380,SCARB2,1058448,529,529,1.0
normalized_microarray_donor14380,SCARB2,1058449,529,529,1.0
normalized_microarray_donor14380,SCN2A,1022204,523,529,0.9886578449905482
normalized_microarray_donor14380,SCN2A,1022205,527,529,0.996219281663516
normalized_microarray_donor14380,SCN2A,1022206,520,529,0.9829867674858223
normalized_microarray_donor14380,SCN2A,1022207,528,529,0.998109640831758
normalized_microarray_donor14380,SEC23IP,1046486,529,529,1.0
normalized_microarray_donor14380,SEC23IP,1046487,523,529,0.9886578449905482
normalized_microarray_donor14380,SEMA4A,1039940,527,529,0.996219281663516
normalized_microarray_donor14380,SEMA4A,1039941,116,529,0.21928166351606806
normalized_microarray_donor14380,SETD1A,1023898,404,529,0.7637051039697542
normalized_microarray_donor14380,SETD1A,1023899,412,529,0.77882797731569
normalized_microarray_donor14380,SH2B1,1013795,374,529,0.7069943289224953
normalized_microarray_donor14380,SH2B1,1019011,511,529,0.9659735349716446
normalized_microarray_donor14380,SH3GL2,1051629,528,529,0.998109640831758
normalized_microarray_donor14380,SH3GL2,1051630,526,529,0.994328922495274
normalized_microarray_donor14380,SIPA1L2,1040561,529,529,1.0
normalized_microarray_donor14380,SIPA1L2,1040562,529,529,1.0
normalized_microarray_donor14380,SLC25A44,1048289,80,529,0.15122873345935728
normalized_microarray_donor14380,SLC25A44,1048290,491,529,0.9281663516068053
normalized_microarray_donor14380,SLC25A44,1048291,529,529,1.0
normalized_microarray_donor14380,SLC2A13,1036278,529,529,1.0
normalized_microarray_donor14380,SLC2A13,1036279,529,529,1.0
normalized_microarray_donor14380,SLC2A13,1036280,301,529,0.5689981096408318
normalized_microarray_donor14380,SLC38A1,1011006,529,529,1.0
normalized_microarray_donor14380,SLC38A1,1020708,529,529,1.0
normalized_microarray_donor14380,SLC41A1,1032909,529,529,1.0
normalized_microarray_donor14380,SLC41A1,1032910,3,529,0.005671077504725898
normalized_microarray_donor14380,SLC44A4,1038467,5,529,0.00945179584120983
normalized_microarray_donor14380,SLC44A4,1038468,9,529,0.017013232514177693
normalized_microarray_donor14380,SMAD4,1054430,528,529,0.998109640831758
normalized_microarray_donor14380,SMAD4,1054431,396,529,0.7485822306238186
normalized_microarray_donor14380,SNCA,1010655,529,529,1.0
normalized_microarray_donor14380,SNCA,1020182,529,529,1.0
normalized_microarray_donor14380,SORBS2,1029199,529,529,1.0
normalized_microarray_donor14380,SORBS2,1029200,524,529,0.9905482041587902
normalized_microarray_donor14380,SORBS2,1068745,528,529,0.998109640831758
normalized_microarray_donor14380,SPATA19,1033264,13,529,0.024574669187145556
normalized_microarray_donor14380,SPATA19,1033265,2,529,0.003780718336483932
normalized_microarray_donor14380,SPATA6,1042808,527,529,0.996219281663516
normalized_microarray_donor14380,SPATA6,1042809,529,529,1.0
normalized_microarray_donor14380,SPPL2B,1013582,529,529,1.0
normalized_microarray_donor14380,SPPL2B,1019980,529,529,1.0
normalized_microarray_donor14380,SPTSSB,1021818,441,529,0.833648393194707
normalized_microarray_donor14380,SPTSSB,1021819,326,529,0.6162570888468809
normalized_microarray_donor14380,STK39,1044446,529,529,1.0
normalized_microarray_donor14380,STK39,1044447,529,529,1.0
normalized_microarray_donor14380,STX1B,1036371,528,529,0.998109640831758
normalized_microarray_donor14380,STX1B,1036372,528,529,0.998109640831758
normalized_microarray_donor14380,SV2C,1025369,517,529,0.9773156899810964
normalized_microarray_donor14380,SV2C,1025370,464,529,0.8771266540642723
normalized_microarray_donor14380,SV2C,1025371,466,529,0.8809073724007561
normalized_microarray_donor14380,SYT10,1031929,399,529,0.7542533081285444
normalized_microarray_donor14380,SYT10,1031930,345,529,0.6521739130434783
normalized_microarray_donor14380,SYT17,1043121,529,529,1.0
normalized_microarray_donor14380,SYT17,1043122,529,529,1.0
normalized_microarray_donor14380,SYT17,1043123,526,529,0.994328922495274
normalized_microarray_donor14380,SYT4,1051007,528,529,0.998109640831758
normalized_microarray_donor14380,SYT4,1051008,525,529,0.9924385633270322
normalized_microarray_donor14380,SYT4,1051009,526,529,0.994328922495274
normalized_microarray_donor14380,TAC1,1028377,443,529,0.8374291115311909
normalized_microarray_donor14380,TAC1,1029249,504,529,0.9527410207939508
normalized_microarray_donor14380,TAC1,1029250,513,529,0.9697542533081286
normalized_microarray_donor14380,TAC1,1029251,482,529,0.9111531190926276
normalized_microarray_donor14380,TAC1,1029252,453,529,0.8563327032136105
normalized_microarray_donor14380,TAC1,1029253,454,529,0.8582230623818525
normalized_microarray_donor14380,TAC1,1029254,424,529,0.8015122873345936
normalized_microarray_donor14380,TAC1,1029255,468,529,0.8846880907372401
normalized_microarray_donor14380,TAC1,1029256,482,529,0.9111531190926276
normalized_microarray_donor14380,TAC1,1029257,493,529,0.9319470699432892
normalized_microarray_donor14380,TAC1,1029258,438,529,0.8279773156899811
normalized_microarray_donor14380,TAC1,1029261,420,529,0.7939508506616257
normalized_microarray_donor14380,TAC1,1051004,463,529,0.8752362948960303
normalized_microarray_donor14380,TBC1D5,1011556,529,529,1.0
normalized_microarray_donor14380,TBC1D5,1020243,519,529,0.9810964083175804
normalized_microarray_donor14380,TBXAS1,1019912,463,529,0.8752362948960303
normalized_microarray_donor14380,TBXAS1,1028035,526,529,0.994328922495274
normalized_microarray_donor14380,TBXAS1,1028036,0,529,0.0
normalized_microarray_donor14380,TEKT4,1034403,13,529,0.024574669187145556
normalized_microarray_donor14380,TEKT4,1034404,520,529,0.9829867674858223
normalized_microarray_donor14380,TEKT4,1034405,48,529,0.09073724007561437
normalized_microarray_donor14380,TIAL1,1022190,529,529,1.0
normalized_microarray_donor14380,TIAL1,1022191,529,529,1.0
normalized_microarray_donor14380,TIAL1,1022192,529,529,1.0
normalized_microarray_donor14380,TMEM108,1039492,529,529,1.0
normalized_microarray_donor14380,TMEM108,1039493,511,529,0.9659735349716446
normalized_microarray_donor14380,TMEM108,1061880,5,529,0.00945179584120983
normalized_microarray_donor14380,TMEM163,1038292,491,529,0.9281663516068053
normalized_microarray_donor14380,TMEM163,1038293,398,529,0.7523629489603024
normalized_microarray_donor14380,TMEM175,1037692,529,529,1.0
normalized_microarray_donor14380,TMEM175,1037693,529,529,1.0
normalized_microarray_donor14380,TPM1,1029651,529,529,1.0
normalized_microarray_donor14380,TPM1,1029652,529,529,1.0
normalized_microarray_donor14380,TPM1,1029653,529,529,1.0
normalized_microarray_donor14380,TPM1,1029654,522,529,0.9867674858223062
normalized_microarray_donor14380,TPM1,1029722,529,529,1.0
normalized_microarray_donor14380,TPM1,1030777,529,529,1.0
normalized_microarray_donor14380,TPM1,1030778,468,529,0.8846880907372401
normalized_microarray_donor14380,TRIM40,1035144,11,529,0.020793950850661626
normalized_microarray_donor14380,TRIM40,1035145,5,529,0.00945179584120983
normalized_microarray_donor14380,TRIM46,1038649,111,529,0.20982986767485823
normalized_microarray_donor14380,TRIM46,1038650,7,529,0.013232514177693762
normalized_microarray_donor14380,TRIM46,1061310,527,529,0.996219281663516
normalized_microarray_donor14380,TXNDC15,1038974,529,529,1.0
normalized_microarray_donor14380,TXNDC15,1038975,529,529,1.0
normalized_microarray_donor14380,UBAP2,1041521,529,529,1.0
normalized_microarray_donor14380,UBAP2,1041522,310,529,0.5860113421550095
normalized_microarray_donor14380,UBQLN4,1041134,527,529,0.996219281663516
normalized_microarray_donor14380,UBQLN4,1041135,337,529,0.6370510396975425
normalized_microarray_donor14380,UBTF,1011311,498,529,0.941398865784499
normalized_microarray_donor14380,UBTF,1020229,528,529,0.998109640831758
normalized_microarray_donor14380,USP50,1031669,0,529,0.0
normalized_microarray_donor14380,USP50,1031670,4,529,0.007561436672967864
normalized_microarray_donor14380,USP8,1014451,529,529,1.0
normalized_microarray_donor14380,USP8,1019894,529,529,1.0
normalized_microarray_donor14380,VAMP4,1022872,526,529,0.994328922495274
normalized_microarray_donor14380,VAMP4,1022873,529,529,1.0
normalized_microarray_donor14380,VAMP4,1063422,526,529,0.994328922495274
normalized_microarray_donor14380,VN1R10P,1037931,0,529,0.0
normalized_microarray_donor14380,VN1R10P,1037932,7,529,0.013232514177693762
normalized_microarray_donor14380,WDHD1,1024873,446,529,0.8431001890359168
normalized_microarray_donor14380,WDHD1,1024874,518,529,0.9792060491493384
normalized_microarray_donor14380,WDHD1,1067761,8,529,0.015122873345935728
normalized_microarray_donor14380,WDR41,1042082,529,529,1.0
normalized_microarray_donor14380,WDR41,1042083,529,529,1.0
normalized_microarray_donor14380,WNT3,1050353,529,529,1.0
normalized_microarray_donor14380,WNT3,1050354,5,529,0.00945179584120983
normalized_microarray_donor14380,WWOX,1025804,528,529,0.998109640831758
normalized_microarray_donor14380,WWOX,1025805,529,529,1.0
normalized_microarray_donor14380,WWOX,1043133,529,529,1.0
normalized_microarray_donor14380,WWOX,1043134,529,529,1.0
normalized_microarray_donor14380,WWOX,1043135,501,529,0.947069943289225
normalized_microarray_donor14380,WWOX,1043136,529,529,1.0
normalized_microarray_donor14380,XPO1,1050310,197,529,0.3724007561436673
normalized_microarray_donor14380,XPO1,1050311,529,529,1.0
normalized_microarray_donor14380,ZNF322,1039074,490,529,0.9262759924385633
normalized_microarray_donor14380,ZNF322,1039075,529,529,1.0
normalized_microarray_donor14380,ZNF608,1025964,529,529,1.0
normalized_microarray_donor14380,ZNF608,1025965,528,529,0.998109640831758
normalized_microarray_donor15496,APOE,1059132,470,470,1.0
normalized_microarray_donor15496,APOE,1059133,470,470,1.0
normalized_microarray_donor15496,APOE,1067762,470,470,1.0
normalized_microarray_donor15496,ARHGEF2,1019068,462,470,0.9829787234042553
normalized_microarray_donor15496,ARHGEF2,1048871,433,470,0.9212765957446809
normalized_microarray_donor15496,ASH1L,1041471,444,470,0.9446808510638298
normalized_microarray_donor15496,ASH1L,1041472,470,470,1.0
normalized_microarray_donor15496,ASNS,1026103,470,470,1.0
normalized_microarray_donor15496,ASNS,1026104,470,470,1.0
normalized_microarray_donor15496,ASXL3,1015239,340,470,0.723404255319149
normalized_microarray_donor15496,ASXL3,1015423,406,470,0.8638297872340426
normalized_microarray_donor15496,ASXL3,1016305,440,470,0.9361702127659575
normalized_microarray_donor15496,BAG3,1048474,470,470,1.0
normalized_microarray_donor15496,BAG3,1048475,460,470,0.9787234042553191
normalized_microarray_donor15496,BBS9,1022575,470,470,1.0
normalized_microarray_donor15496,BBS9,1022576,455,470,0.9680851063829787
normalized_microarray_donor15496,BCKDK,1011486,470,470,1.0
normalized_microarray_donor15496,BCKDK,1019002,467,470,0.9936170212765958
normalized_microarray_donor15496,BCL9,1058854,470,470,1.0
normalized_microarray_donor15496,BCL9,1058855,436,470,0.9276595744680851
normalized_microarray_donor15496,BIN3,1041427,470,470,1.0
normalized_microarray_donor15496,BIN3,1041428,434,470,0.9234042553191489
normalized_microarray_donor15496,BIN3,1041429,455,470,0.9680851063829787
normalized_microarray_donor15496,BRD3,1050009,470,470,1.0
normalized_microarray_donor15496,BRD3,1050010,470,470,1.0
normalized_microarray_donor15496,BRIP1,1037918,38,470,0.08085106382978724
normalized_microarray_donor15496,BST1,1058746,77,470,0.16382978723404254
normalized_microarray_donor15496,BST1,1058747,79,470,0.16808510638297872
normalized_microarray_donor15496,C5ORF24,1015240,470,470,1.0
normalized_microarray_donor15496,C5ORF24,1020488,470,470,1.0
normalized_microarray_donor15496,CAB39L,1011604,470,470,1.0
normalized_microarray_donor15496,CAB39L,1020073,470,470,1.0
normalized_microarray_donor15496,CAMK2D,1013642,470,470,1.0
normalized_microarray_donor15496,CAMK2D,1017819,470,470,1.0
normalized_microarray_donor15496,CAMK2D,1027100,159,470,0.3382978723404255
normalized_microarray_donor15496,CAMK2D,1027101,470,470,1.0
normalized_microarray_donor15496,CAPN13,1036609,457,470,0.9723404255319149
normalized_microarray_donor15496,CAPN13,1036610,239,470,0.5085106382978724
normalized_microarray_donor15496,CARS2,1039201,470,470,1.0
normalized_microarray_donor15496,CARS2,1039202,461,470,0.9808510638297873
normalized_microarray_donor15496,CC2D2A,1011388,433,470,0.9212765957446809
normalized_microarray_donor15496,CC2D2A,1018275,465,470,0.9893617021276596
normalized_microarray_donor15496,CCDC62,1029581,185,470,0.39361702127659576
normalized_microarray_donor15496,CCDC62,1029582,7,470,0.014893617021276596
normalized_microarray_donor15496,CCDC85A,1014186,462,470,0.9829787234042553
normalized_microarray_donor15496,CCDC85A,1017604,470,470,1.0
normalized_microarray_donor15496,CCT3,1029523,470,470,1.0
normalized_microarray_donor15496,CCT3,1029524,470,470,1.0
normalized_microarray_donor15496,CD19,1058473,308,470,0.6553191489361702
normalized_microarray_donor15496,CD19,1058474,300,470,0.6382978723404256
normalized_microarray_donor15496,CHRNB1,1058196,469,470,0.997872340425532
normalized_microarray_donor15496,CHRNB1,1058197,8,470,0.01702127659574468
normalized_microarray_donor15496,CLCN3,1025182,470,470,1.0
normalized_microarray_donor15496,CLCN3,1025183,470,470,1.0
normalized_microarray_donor15496,CLCN3,1025184,470,470,1.0
normalized_microarray_donor15496,CNOT6L,1033005,455,470,0.9680851063829787
normalized_microarray_donor15496,CNOT6L,1033006,470,470,1.0
normalized_microarray_donor15496,CNOT6L,1033007,470,470,1.0
normalized_microarray_donor15496,CNTN1,1058103,470,470,1.0
normalized_microarray_donor15496,CNTN1,1058104,470,470,1.0
normalized_microarray_donor15496,COL3A1,1058092,7,470,0.014893617021276596
normalized_microarray_donor15496,COL3A1,1058093,233,470,0.4957446808510638
normalized_microarray_donor15496,COL3A1,1058094,4,470,0.00851063829787234
normalized_microarray_donor15496,COL3A1,1058095,8,470,0.01702127659574468
normalized_microarray_donor15496,COMMD1,1034390,470,470,1.0
normalized_microarray_donor15496,COMMD1,1034391,470,470,1.0
normalized_microarray_donor15496,CRLS1,1020322,470,470,1.0
normalized_microarray_donor15496,CTSB,1030215,470,470,1.0
normalized_microarray_donor15496,CTSB,1030216,470,470,1.0
normalized_microarray_donor15496,CTSB,1030217,470,470,1.0
normalized_microarray_donor15496,DCST1,1014309,4,470,0.00851063829787234
normalized_microarray_donor15496,DCST1,1018959,75,470,0.1595744680851064
normalized_microarray_donor15496,DCST1,1034485,5,470,0.010638297872340425
normalized_microarray_donor15496,DCUN1D1,1042987,470,470,1.0
normalized_microarray_donor15496,DCUN1D1,1060966,470,470,1.0
normalized_microarray_donor15496,DDRGK1,1039498,470,470,1.0
normalized_microarray_donor15496,DDRGK1,1039499,470,470,1.0
normalized_microarray_donor15496,DGKQ,1057741,465,470,0.9893617021276596
normalized_microarray_donor15496,DGKQ,1057742,2,470,0.00425531914893617
normalized_microarray_donor15496,DIRC1,1036088,470,470,1.0
normalized_microarray_donor15496,DIRC1,1036089,1,470,0.002127659574468085
normalized_microarray_donor15496,DLG2,1011473,470,470,1.0
normalized_microarray_donor15496,DLG2,1014060,443,470,0.9425531914893617
normalized_microarray_donor15496,DLG2,1015299,470,470,1.0
normalized_microarray_donor15496,DLG2,1020078,469,470,0.997872340425532
normalized_microarray_donor15496,DNAH17,1029339,2,470,0.00425531914893617
normalized_microarray_donor15496,DNAH17,1029340,277,470,0.5893617021276596
normalized_microarray_donor15496,DNASE1L1,1057592,277,470,0.5893617021276596
normalized_microarray_donor15496,DNASE1L1,1057593,470,470,1.0
normalized_microarray_donor15496,DNM1L,1026402,470,470,1.0
normalized_microarray_donor15496,DNM1L,1026403,470,470,1.0
normalized_microarray_donor15496,DNM1L,1026404,470,470,1.0
normalized_microarray_donor15496,DPP6,1021964,470,470,1.0
normalized_microarray_donor15496,DPP6,1021965,470,470,1.0
normalized_microarray_donor15496,DPP6,1021966,453,470,0.9638297872340426
normalized_microarray_donor15496,DPP6,1025983,457,470,0.9723404255319149
normalized_microarray_donor15496,DYRK1A,1026233,470,470,1.0
normalized_microarray_donor15496,DYRK1A,1026234,470,470,1.0
normalized_microarray_donor15496,DYRK1A,1026235,470,470,1.0
normalized_microarray_donor15496,ELOVL7,1014431,470,470,1.0
normalized_microarray_donor15496,ELOVL7,1017481,469,470,0.997872340425532
normalized_microarray_donor15496,FAM171A2,1013916,261,470,0.5553191489361702
normalized_microarray_donor15496,FAM171A2,1017989,389,470,0.8276595744680851
normalized_microarray_donor15496,FAM47E,1011673,466,470,0.9914893617021276
normalized_microarray_donor15496,FAM47E,1015924,470,470,1.0
normalized_microarray_donor15496,FASN,1057064,464,470,0.9872340425531915
normalized_microarray_donor15496,FASN,1057065,205,470,0.43617021276595747
normalized_microarray_donor15496,FBRSL1,1014256,470,470,1.0
normalized_microarray_donor15496,FBRSL1,1015696,470,470,1.0
normalized_microarray_donor15496,FCGR2A,1019379,470,470,1.0
normalized_microarray_donor15496,FCGR2B,1026970,15,470,0.031914893617021274
normalized_microarray_donor15496,FCGR2B,1026971,254,470,0.5404255319148936
normalized_microarray_donor15496,FCGR3B,1057035,364,470,0.774468085106383
normalized_microarray_donor15496,FGD4,1035818,470,470,1.0
normalized_microarray_donor15496,FGD4,1035819,5,470,0.010638297872340425
normalized_microarray_donor15496,FGD4,1064628,347,470,0.7382978723404255
normalized_microarray_donor15496,FYN,1029625,470,470,1.0
normalized_microarray_donor15496,FYN,1029626,470,470,1.0
normalized_microarray_donor15496,FYN,1029627,470,470,1.0
normalized_microarray_donor15496,GAK,1056538,470,470,1.0
normalized_microarray_donor15496,GAK,1056539,470,470,1.0
normalized_microarray_donor15496,GALNT14,1039165,470,470,1.0
normalized_microarray_donor15496,GALNT14,1039166,454,470,0.9659574468085106
normalized_microarray_donor15496,GALNT9,1013164,470,470,1.0
normalized_microarray_donor15496,GALNT9,1013937,346,470,0.7361702127659574
normalized_microarray_donor15496,GALNT9,1018522,462,470,0.9829787234042553
normalized_microarray_donor15496,GALNT9,1063388,150,470,0.3191489361702128
normalized_microarray_donor15496,GBF1,1049375,470,470,1.0
normalized_microarray_donor15496,GBF1,1049376,324,470,0.6893617021276596
normalized_microarray_donor15496,GCH1,1029868,105,470,0.22340425531914893
normalized_microarray_donor15496,GCH1,1029869,61,470,0.12978723404255318
normalized_microarray_donor15496,GCH1,1029901,60,470,0.1276595744680851
normalized_microarray_donor15496,GCH1,1030010,78,470,0.16595744680851063
normalized_microarray_donor15496,GCH1,1056474,20,470,0.0425531914893617
normalized_microarray_donor15496,GJA5,1024400,3,470,0.006382978723404255
normalized_microarray_donor15496,GJA5,1024401,32,470,0.06808510638297872
normalized_microarray_donor15496,GJA5,1056413,11,470,0.023404255319148935
normalized_microarray_donor15496,GPM6B,1023580,470,470,1.0
normalized_microarray_donor15496,GPM6B,1056269,470,470,1.0
normalized_microarray_donor15496,GPM6B,1056270,470,470,1.0
normalized_microarray_donor15496,GPM6B,1056271,470,470,1.0
normalized_microarray_donor15496,GPNMB,1024151,469,470,0.997872340425532
normalized_microarray_donor15496,GPNMB,1024152,69,470,0.14680851063829786
normalized_microarray_donor15496,GPR65,1049669,20,470,0.0425531914893617
normalized_microarray_donor15496,GPR65,1049670,31,470,0.06595744680851064
normalized_microarray_donor15496,GPRIN3,1021672,356,470,0.7574468085106383
normalized_microarray_donor15496,GPRIN3,1021673,336,470,0.7148936170212766
normalized_microarray_donor15496,GUSBP2,1010976,470,470,1.0
normalized_microarray_donor15496,HEATR6,1040127,470,470,1.0
normalized_microarray_donor15496,HEATR6,1040128,442,470,0.9404255319148936
normalized_microarray_donor15496,HIP1R,1049068,470,470,1.0
normalized_microarray_donor15496,HIP1R,1049069,470,470,1.0
normalized_microarray_donor15496,HLA-DQA1,1018703,2,470,0.00425531914893617
normalized_microarray_donor15496,HLA-DQA1,1021190,115,470,0.24468085106382978
normalized_microarray_donor15496,HLA-DQA1,1055658,6,470,0.01276595744680851
normalized_microarray_donor15496,HLA-DQA1,1055659,454,470,0.9659574468085106
normalized_microarray_donor15496,HLA-DQA1,1055660,3,470,0.006382978723404255
normalized_microarray_donor15496,HLA-DQB1,1055654,74,470,0.1574468085106383
normalized_microarray_donor15496,HLA-DQB1,1055655,26,470,0.05531914893617021
normalized_microarray_donor15496,HLA-DRA,1055652,267,470,0.5680851063829787
normalized_microarray_donor15496,HLA-DRA,1055653,470,470,1.0
normalized_microarray_donor15496,HLA-DRB1,1055650,470,470,1.0
normalized_microarray_donor15496,HLA-DRB1,1055651,470,470,1.0
normalized_microarray_donor15496,INPP5F,1046229,470,470,1.0
normalized_microarray_donor15496,INPP5F,1046230,470,470,1.0
normalized_microarray_donor15496,IP6K2,1030752,470,470,1.0
normalized_microarray_donor15496,IP6K2,1030753,470,470,1.0
normalized_microarray_donor15496,IP6K2,1030791,468,470,0.9957446808510638
normalized_microarray_donor15496,IP6K2,1030792,470,470,1.0
normalized_microarray_donor15496,IQCJ,1021047,216,470,0.4595744680851064
normalized_microarray_donor15496,IQCJ,1021142,283,470,0.6021276595744681
normalized_microarray_donor15496,IQCJ,1021143,338,470,0.7191489361702128
normalized_microarray_donor15496,IQCJ,1021144,307,470,0.6531914893617021
normalized_microarray_donor15496,IQCJ-SCHIP1,1044119,470,470,1.0
normalized_microarray_donor15496,IQCJ-SCHIP1,1044120,470,470,1.0
normalized_microarray_donor15496,IRS2,1049467,470,470,1.0
normalized_microarray_donor15496,IRS2,1049468,449,470,0.9553191489361702
normalized_microarray_donor15496,IRS2,1049469,470,470,1.0
normalized_microarray_donor15496,ITGA2B,1054940,338,470,0.7191489361702128
normalized_microarray_donor15496,ITGA2B,1054941,230,470,0.48936170212765956
normalized_microarray_donor15496,ITGA8,1049617,386,470,0.8212765957446808
normalized_microarray_donor15496,ITGA8,1049618,428,470,0.9106382978723404
normalized_microarray_donor15496,ITGAE,1054931,470,470,1.0
normalized_microarray_donor15496,ITGAE,1054932,470,470,1.0
normalized_microarray_donor15496,ITIH1,1054912,52,470,0.11063829787234042
normalized_microarray_donor15496,ITIH1,1054913,470,470,1.0
normalized_microarray_donor15496,ITPKB,1054898,470,470,1.0
normalized_microarray_donor15496,ITPKB,1054899,470,470,1.0
normalized_microarray_donor15496,KCNIP3,1022417,470,470,1.0
normalized_microarray_donor15496,KCNIP3,1022418,470,470,1.0
normalized_microarray_donor15496,KCNIP3,1022419,281,470,0.597872340425532
normalized_microarray_donor15496,KCNN3,1027249,463,470,0.9851063829787234
normalized_microarray_donor15496,KCNN3,1027250,405,470,0.8617021276595744
normalized_microarray_donor15496,KCNN3,1027251,365,470,0.776595744680851
normalized_microarray_donor15496,KCNS3,1054772,469,470,0.997872340425532
normalized_microarray_donor15496,KCNS3,1054773,409,470,0.8702127659574468
normalized_microarray_donor15496,KCNS3,1054774,34,470,0.07234042553191489
normalized_microarray_donor15496,KLHDC1,1035775,470,470,1.0
normalized_microarray_donor15496,KLHDC1,1035776,470,470,1.0
normalized_microarray_donor15496,KLHL7,1025738,470,470,1.0
normalized_microarray_donor15496,KLHL7,1025739,470,470,1.0
normalized_microarray_donor15496,KLHL7,1063321,458,470,0.9744680851063829
normalized_microarray_donor15496,KNTC1,1048212,468,470,0.9957446808510638
normalized_microarray_donor15496,KNTC1,1048213,468,470,0.9957446808510638
normalized_microarray_donor15496,KPNA1,1015121,470,470,1.0
normalized_microarray_donor15496,KPNA1,1020579,470,470,1.0
normalized_microarray_donor15496,KPNA3,1054722,470,470,1.0
normalized_microarray_donor15496,KPNA3,1054723,470,470,1.0
normalized_microarray_donor15496,KRTCAP2,1033536,470,470,1.0
normalized_microarray_donor15496,KRTCAP2,1033537,470,470,1.0
normalized_microarray_donor15496,KTN1,1011820,470,470,1.0
normalized_microarray_donor15496,KTN1,1017307,470,470,1.0
normalized_microarray_donor15496,KTN1,1054651,470,470,1.0
normalized_microarray_donor15496,LAMP3,1044682,0,470,0.0
normalized_microarray_donor15496,LAMP3,1044683,4,470,0.00851063829787234
normalized_microarray_donor15496,LHFPL2,1047730,470,470,1.0
normalized_microarray_donor15496,LHFPL2,1047731,360,470,0.7659574468085106
normalized_microarray_donor15496,LINC00326,1012240,8,470,0.01702127659574468
normalized_microarray_donor15496,LINC00326,1017951,1,470,0.002127659574468085
normalized_microarray_donor15496,LMNA,1023738,470,470,1.0
normalized_microarray_donor15496,LMNA,1023739,273,470,0.5808510638297872
normalized_microarray_donor15496,LMNA,1054551,470,470,1.0
normalized_microarray_donor15496,LRP1B,1043072,470,470,1.0
normalized_microarray_donor15496,LRP1B,1043073,470,470,1.0
normalized_microarray_donor15496,LRP8,1024086,470,470,1.0
normalized_microarray_donor15496,LRP8,1050104,470,470,1.0
normalized_microarray_donor15496,LRP8,1050105,470,470,1.0
normalized_microarray_donor15496,LRRC37A4P,1015072,470,470,1.0
normalized_microarray_donor15496,LRRC37A4P,1015124,470,470,1.0
normalized_microarray_donor15496,LRRC37A4P,1015247,470,470,1.0
normalized_microarray_donor15496,LRRC37A4P,1015252,470,470,1.0
normalized_microarray_donor15496,LRRC37A4P,1020297,470,470,1.0
normalized_microarray_donor15496,LRRC37A4P,1022598,470,470,1.0
normalized_microarray_donor15496,LRRC37A4P,1070359,418,470,0.8893617021276595
normalized_microarray_donor15496,LRRK2,1022614,470,470,1.0
normalized_microarray_donor15496,LRRK2,1022615,470,470,1.0
normalized_microarray_donor15496,LRRK2,1022616,441,470,0.9382978723404255
normalized_microarray_donor15496,LRRN2,1024046,470,470,1.0
normalized_microarray_donor15496,LRRN2,1024047,164,470,0.34893617021276596
normalized_microarray_donor15496,LRRN2,1047393,207,470,0.44042553191489364
normalized_microarray_donor15496,MAP4K4,1030502,470,470,1.0
normalized_microarray_donor15496,MAP4K4,1030503,470,470,1.0
normalized_microarray_donor15496,MAP4K4,1030504,470,470,1.0
normalized_microarray_donor15496,MAP4K4,1030505,470,470,1.0
normalized_microarray_donor15496,MAPT,1010837,470,470,1.0
normalized_microarray_donor15496,MAPT,1012542,119,470,0.2531914893617021
normalized_microarray_donor15496,MAPT,1014908,470,470,1.0
normalized_microarray_donor15496,MAPT,1020634,470,470,1.0
normalized_microarray_donor15496,MAPT-AS1,1063807,470,470,1.0
normalized_microarray_donor15496,MBNL2,1026724,470,470,1.0
normalized_microarray_donor15496,MBNL2,1026725,470,470,1.0
normalized_microarray_donor15496,MCCC1,1041094,470,470,1.0
normalized_microarray_donor15496,MCCC1,1041095,337,470,0.7170212765957447
normalized_microarray_donor15496,MED12L,1036005,460,470,0.9787234042553191
normalized_microarray_donor15496,MED12L,1036006,422,470,0.8978723404255319
normalized_microarray_donor15496,MED13,1047969,468,470,0.9957446808510638
normalized_microarray_donor15496,MED13,1047970,470,470,1.0
normalized_microarray_donor15496,METTL13,1029408,470,470,1.0
normalized_microarray_donor15496,METTL13,1029409,457,470,0.9723404255319149
normalized_microarray_donor15496,MIPOL1,1034741,469,470,0.997872340425532
normalized_microarray_donor15496,MIPOL1,1034742,470,470,1.0
normalized_microarray_donor15496,MMRN1,1046181,5,470,0.010638297872340425
normalized_microarray_donor15496,MMRN1,1046182,8,470,0.01702127659574468
normalized_microarray_donor15496,MORN1,1038820,346,470,0.7361702127659574
normalized_microarray_donor15496,MORN1,1038821,428,470,0.9106382978723404
normalized_microarray_donor15496,MRPL1,1039604,470,470,1.0
normalized_microarray_donor15496,MRPL1,1039605,470,470,1.0
normalized_microarray_donor15496,MSR1,1023451,121,470,0.2574468085106383
normalized_microarray_donor15496,MSR1,1023452,86,470,0.1829787234042553
normalized_microarray_donor15496,MSR1,1023453,88,470,0.18723404255319148
normalized_microarray_donor15496,MSR1,1054033,22,470,0.04680851063829787
normalized_microarray_donor15496,MTF2,1046288,470,470,1.0
normalized_microarray_donor15496,MTF2,1046289,470,470,1.0
normalized_microarray_donor15496,MUC12,1015514,352,470,0.7489361702127659
normalized_microarray_donor15496,MUC12,1025233,6,470,0.01276595744680851
normalized_microarray_donor15496,MUC12,1025234,4,470,0.00851063829787234
normalized_microarray_donor15496,MUC12,1025235,42,470,0.08936170212765958
normalized_microarray_donor15496,MUC12,1047868,3,470,0.006382978723404255
normalized_microarray_donor15496,MUC19,1069887,4,470,0.00851063829787234
normalized_microarray_donor15496,MYLK2,1037087,470,470,1.0
normalized_microarray_donor15496,MYLK2,1037088,85,470,0.18085106382978725
normalized_microarray_donor15496,NDUFAF2,1036662,470,470,1.0
normalized_microarray_donor15496,NDUFAF2,1036663,470,470,1.0
normalized_microarray_donor15496,NDUFAF2,1036664,470,470,1.0
normalized_microarray_donor15496,NOD2,1039983,119,470,0.2531914893617021
normalized_microarray_donor15496,NOD2,1039984,2,470,0.00425531914893617
normalized_microarray_donor15496,NOL4,1049390,468,470,0.9957446808510638
normalized_microarray_donor15496,NOL4,1049391,469,470,0.997872340425532
normalized_microarray_donor15496,NRBP1,1044129,470,470,1.0
normalized_microarray_donor15496,NRBP1,1044130,445,470,0.9468085106382979
normalized_microarray_donor15496,NSF,1053553,470,470,1.0
normalized_microarray_donor15496,NSF,1053554,470,470,1.0
normalized_microarray_donor15496,NUCKS1,1039781,470,470,1.0
normalized_microarray_donor15496,NUCKS1,1039782,470,470,1.0
normalized_microarray_donor15496,NUCKS1,1039783,470,470,1.0
normalized_microarray_donor15496,NUCKS1,1039784,462,470,0.9829787234042553
normalized_microarray_donor15496,NUCKS1,1039785,40,470,0.0851063829787234
normalized_microarray_donor15496,NUCKS1,1039786,470,470,1.0
normalized_microarray_donor15496,NUCKS1,1039787,470,470,1.0
normalized_microarray_donor15496,P2RX5,1029745,453,470,0.9638297872340426
normalized_microarray_donor15496,P2RX5,1029961,448,470,0.9531914893617022
normalized_microarray_donor15496,P2RX5,1029962,412,470,0.8765957446808511
normalized_microarray_donor15496,PAM,1053360,470,470,1.0
normalized_microarray_donor15496,PAM,1053361,214,470,0.4553191489361702
normalized_microarray_donor15496,PAM,1053362,470,470,1.0
normalized_microarray_donor15496,PAM,1053363,470,470,1.0
normalized_microarray_donor15496,PARP9,1012605,87,470,0.1851063829787234
normalized_microarray_donor15496,PARP9,1014893,296,470,0.6297872340425532
normalized_microarray_donor15496,PARP9,1017969,336,470,0.7148936170212766
normalized_microarray_donor15496,PARP9,1019052,252,470,0.5361702127659574
normalized_microarray_donor15496,PBXIP1,1040725,470,470,1.0
normalized_microarray_donor15496,PCGF3,1047531,470,470,1.0
normalized_microarray_donor15496,PCGF3,1047532,360,470,0.7659574468085106
normalized_microarray_donor15496,PCGF3,1047533,375,470,0.7978723404255319
normalized_microarray_donor15496,PCGF3,1047534,469,470,0.997872340425532
normalized_microarray_donor15496,PDE5A,1023660,335,470,0.7127659574468085
normalized_microarray_donor15496,PDE5A,1029314,311,470,0.6617021276595745
normalized_microarray_donor15496,PDE5A,1029315,435,470,0.925531914893617
normalized_microarray_donor15496,PDGFB,1025515,470,470,1.0
normalized_microarray_donor15496,PDGFB,1025516,451,470,0.9595744680851064
normalized_microarray_donor15496,PDLIM2,1030473,470,470,1.0
normalized_microarray_donor15496,PDLIM2,1030474,470,470,1.0
normalized_microarray_donor15496,PDLIM2,1030475,470,470,1.0
normalized_microarray_donor15496,PDLIM2,1030506,3,470,0.006382978723404255
normalized_microarray_donor15496,PDLIM2,1030507,463,470,0.9851063829787234
normalized_microarray_donor15496,PDLIM2,1063413,402,470,0.8553191489361702
normalized_microarray_donor15496,PIK3CA,1053064,470,470,1.0
normalized_microarray_donor15496,PIK3CA,1053065,470,470,1.0
normalized_microarray_donor15496,PITPNM2,1040522,250,470,0.5319148936170213
normalized_microarray_donor15496,PITPNM2,1040523,447,470,0.951063829787234
normalized_microarray_donor15496,PKP2,1028774,407,470,0.8659574468085106
normalized_microarray_donor15496,PKP2,1028775,310,470,0.6595744680851063
normalized_microarray_donor15496,PKP2,1068149,185,470,0.39361702127659576
normalized_microarray_donor15496,PLEKHM1,1014469,287,470,0.6106382978723405
normalized_microarray_donor15496,PLEKHM1,1015773,470,470,1.0
normalized_microarray_donor15496,PLEKHM1,1019528,362,470,0.7702127659574468
normalized_microarray_donor15496,PLEKHM1,1020046,470,470,1.0
normalized_microarray_donor15496,PMVK,1047114,470,470,1.0
normalized_microarray_donor15496,PMVK,1047115,470,470,1.0
normalized_microarray_donor15496,PRDM15,1021358,211,470,0.44893617021276594
normalized_microarray_donor15496,PRDM15,1021359,69,470,0.14680851063829786
normalized_microarray_donor15496,PRDM15,1021360,12,470,0.02553191489361702
normalized_microarray_donor15496,PRDM15,1065382,3,470,0.006382978723404255
normalized_microarray_donor15496,RAB25,1040843,7,470,0.014893617021276596
normalized_microarray_donor15496,RAB25,1040844,4,470,0.00851063829787234
normalized_microarray_donor15496,RABEP2,1038854,470,470,1.0
normalized_microarray_donor15496,RABEP2,1038855,463,470,0.9851063829787234
normalized_microarray_donor15496,RBMS3,1027165,470,470,1.0
normalized_microarray_donor15496,RBMS3,1027166,364,470,0.774468085106383
normalized_microarray_donor15496,RBMS3,1027167,469,470,0.997872340425532
normalized_microarray_donor15496,RILPL2,1033620,470,470,1.0
normalized_microarray_donor15496,RILPL2,1033621,466,470,0.9914893617021276
normalized_microarray_donor15496,RIMS1,1046115,461,470,0.9808510638297873
normalized_microarray_donor15496,RIMS1,1046116,469,470,0.997872340425532
normalized_microarray_donor15496,RIMS2,1013694,470,470,1.0
normalized_microarray_donor15496,RIMS2,1014746,465,470,0.9893617021276596
normalized_microarray_donor15496,RIMS2,1015006,469,470,0.997872340425532
normalized_microarray_donor15496,RIMS2,1020609,470,470,1.0
normalized_microarray_donor15496,RIT1,1052172,470,470,1.0
normalized_microarray_donor15496,RIT1,1052174,364,470,0.774468085106383
normalized_microarray_donor15496,RIT2,1052175,468,470,0.9957446808510638
normalized_microarray_donor15496,RIT2,1052176,470,470,1.0
normalized_microarray_donor15496,RNF141,1043920,470,470,1.0
normalized_microarray_donor15496,RNF141,1043922,470,470,1.0
normalized_microarray_donor15496,RORA,1024340,470,470,1.0
normalized_microarray_donor15496,RORA,1024341,470,470,1.0
normalized_microarray_donor15496,RPL10,1052085,470,470,1.0
normalized_microarray_donor15496,RPL10,1052086,470,470,1.0
normalized_microarray_donor15496,RPL10,1052087,470,470,1.0
normalized_microarray_donor15496,RPL13AP3,1012847,470,470,1.0
normalized_microarray_donor15496,RPL3,1052118,470,470,1.0
normalized_microarray_donor15496,RPL3,1052119,469,470,0.997872340425532
normalized_microarray_donor15496,RPS6KL1,1038074,362,470,0.7702127659574468
normalized_microarray_donor15496,RPS6KL1,1038075,467,470,0.9936170212765958
normalized_microarray_donor15496,SCARB2,1058448,470,470,1.0
normalized_microarray_donor15496,SCARB2,1058449,470,470,1.0
normalized_microarray_donor15496,SCN2A,1022204,466,470,0.9914893617021276
normalized_microarray_donor15496,SCN2A,1022205,470,470,1.0
normalized_microarray_donor15496,SCN2A,1022206,463,470,0.9851063829787234
normalized_microarray_donor15496,SCN2A,1022207,470,470,1.0
normalized_microarray_donor15496,SEC23IP,1046486,470,470,1.0
normalized_microarray_donor15496,SEC23IP,1046487,466,470,0.9914893617021276
normalized_microarray_donor15496,SEMA4A,1039940,468,470,0.9957446808510638
normalized_microarray_donor15496,SEMA4A,1039941,85,470,0.18085106382978725
normalized_microarray_donor15496,SETD1A,1023898,356,470,0.7574468085106383
normalized_microarray_donor15496,SETD1A,1023899,353,470,0.7510638297872341
normalized_microarray_donor15496,SH2B1,1013795,367,470,0.7808510638297872
normalized_microarray_donor15496,SH2B1,1019011,461,470,0.9808510638297873
normalized_microarray_donor15496,SH3GL2,1051629,470,470,1.0
normalized_microarray_donor15496,SH3GL2,1051630,468,470,0.9957446808510638
normalized_microarray_donor15496,SIPA1L2,1040561,470,470,1.0
normalized_microarray_donor15496,SIPA1L2,1040562,470,470,1.0
normalized_microarray_donor15496,SLC25A44,1048289,230,470,0.48936170212765956
normalized_microarray_donor15496,SLC25A44,1048290,431,470,0.9170212765957447
normalized_microarray_donor15496,SLC25A44,1048291,470,470,1.0
normalized_microarray_donor15496,SLC2A13,1036278,470,470,1.0
normalized_microarray_donor15496,SLC2A13,1036279,470,470,1.0
normalized_microarray_donor15496,SLC2A13,1036280,233,470,0.4957446808510638
normalized_microarray_donor15496,SLC38A1,1011006,470,470,1.0
normalized_microarray_donor15496,SLC38A1,1020708,470,470,1.0
normalized_microarray_donor15496,SLC41A1,1032909,470,470,1.0
normalized_microarray_donor15496,SLC41A1,1032910,12,470,0.02553191489361702
normalized_microarray_donor15496,SLC44A4,1038467,0,470,0.0
normalized_microarray_donor15496,SLC44A4,1038468,6,470,0.01276595744680851
normalized_microarray_donor15496,SMAD4,1054430,470,470,1.0
normalized_microarray_donor15496,SMAD4,1054431,366,470,0.7787234042553192
normalized_microarray_donor15496,SNCA,1010655,470,470,1.0
normalized_microarray_donor15496,SNCA,1020182,470,470,1.0
normalized_microarray_donor15496,SORBS2,1029199,470,470,1.0
normalized_microarray_donor15496,SORBS2,1029200,461,470,0.9808510638297873
normalized_microarray_donor15496,SORBS2,1068745,470,470,1.0
normalized_microarray_donor15496,SPATA19,1033264,31,470,0.06595744680851064
normalized_microarray_donor15496,SPATA19,1033265,6,470,0.01276595744680851
normalized_microarray_donor15496,SPATA6,1042808,463,470,0.9851063829787234
normalized_microarray_donor15496,SPATA6,1042809,470,470,1.0
normalized_microarray_donor15496,SPPL2B,1013582,470,470,1.0
normalized_microarray_donor15496,SPPL2B,1019980,470,470,1.0
normalized_microarray_donor15496,SPTSSB,1021818,428,470,0.9106382978723404
normalized_microarray_donor15496,SPTSSB,1021819,367,470,0.7808510638297872
normalized_microarray_donor15496,STK39,1044446,470,470,1.0
normalized_microarray_donor15496,STK39,1044447,470,470,1.0
normalized_microarray_donor15496,STX1B,1036371,470,470,1.0
normalized_microarray_donor15496,STX1B,1036372,470,470,1.0
normalized_microarray_donor15496,SV2C,1025369,462,470,0.9829787234042553
normalized_microarray_donor15496,SV2C,1025370,435,470,0.925531914893617
normalized_microarray_donor15496,SV2C,1025371,437,470,0.9297872340425531
normalized_microarray_donor15496,SYT10,1031929,336,470,0.7148936170212766
normalized_microarray_donor15496,SYT10,1031930,323,470,0.6872340425531915
normalized_microarray_donor15496,SYT17,1043121,470,470,1.0
normalized_microarray_donor15496,SYT17,1043122,469,470,0.997872340425532
normalized_microarray_donor15496,SYT17,1043123,453,470,0.9638297872340426
normalized_microarray_donor15496,SYT4,1051007,469,470,0.997872340425532
normalized_microarray_donor15496,SYT4,1051008,468,470,0.9957446808510638
normalized_microarray_donor15496,SYT4,1051009,469,470,0.997872340425532
normalized_microarray_donor15496,TAC1,1028377,406,470,0.8638297872340426
normalized_microarray_donor15496,TAC1,1029249,439,470,0.9340425531914893
normalized_microarray_donor15496,TAC1,1029250,453,470,0.9638297872340426
normalized_microarray_donor15496,TAC1,1029251,424,470,0.902127659574468
normalized_microarray_donor15496,TAC1,1029252,408,470,0.8680851063829788
normalized_microarray_donor15496,TAC1,1029253,399,470,0.8489361702127659
normalized_microarray_donor15496,TAC1,1029254,372,470,0.7914893617021277
normalized_microarray_donor15496,TAC1,1029255,423,470,0.9
normalized_microarray_donor15496,TAC1,1029256,426,470,0.9063829787234042
normalized_microarray_donor15496,TAC1,1029257,430,470,0.9148936170212766
normalized_microarray_donor15496,TAC1,1029258,390,470,0.8297872340425532
normalized_microarray_donor15496,TAC1,1029261,367,470,0.7808510638297872
normalized_microarray_donor15496,TAC1,1051004,418,470,0.8893617021276595
normalized_microarray_donor15496,TBC1D5,1011556,470,470,1.0
normalized_microarray_donor15496,TBC1D5,1020243,465,470,0.9893617021276596
normalized_microarray_donor15496,TBXAS1,1019912,425,470,0.9042553191489362
normalized_microarray_donor15496,TBXAS1,1028035,470,470,1.0
normalized_microarray_donor15496,TBXAS1,1028036,10,470,0.02127659574468085
normalized_microarray_donor15496,TEKT4,1034403,40,470,0.0851063829787234
normalized_microarray_donor15496,TEKT4,1034404,461,470,0.9808510638297873
normalized_microarray_donor15496,TEKT4,1034405,57,470,0.12127659574468085
normalized_microarray_donor15496,TIAL1,1022190,470,470,1.0
normalized_microarray_donor15496,TIAL1,1022191,470,470,1.0
normalized_microarray_donor15496,TIAL1,1022192,470,470,1.0
normalized_microarray_donor15496,TMEM108,1039492,470,470,1.0
normalized_microarray_donor15496,TMEM108,1039493,463,470,0.9851063829787234
normalized_microarray_donor15496,TMEM108,1061880,3,470,0.006382978723404255
normalized_microarray_donor15496,TMEM163,1038292,452,470,0.9617021276595744
normalized_microarray_donor15496,TMEM163,1038293,412,470,0.8765957446808511
normalized_microarray_donor15496,TMEM175,1037692,470,470,1.0
normalized_microarray_donor15496,TMEM175,1037693,470,470,1.0
normalized_microarray_donor15496,TPM1,1029651,470,470,1.0
normalized_microarray_donor15496,TPM1,1029652,470,470,1.0
normalized_microarray_donor15496,TPM1,1029653,470,470,1.0
normalized_microarray_donor15496,TPM1,1029654,468,470,0.9957446808510638
normalized_microarray_donor15496,TPM1,1029722,470,470,1.0
normalized_microarray_donor15496,TPM1,1030777,470,470,1.0
normalized_microarray_donor15496,TPM1,1030778,450,470,0.9574468085106383
normalized_microarray_donor15496,TRIM40,1035144,2,470,0.00425531914893617
normalized_microarray_donor15496,TRIM40,1035145,20,470,0.0425531914893617
normalized_microarray_donor15496,TRIM46,1038649,257,470,0.5468085106382978
normalized_microarray_donor15496,TRIM46,1038650,3,470,0.006382978723404255
normalized_microarray_donor15496,TRIM46,1061310,470,470,1.0
normalized_microarray_donor15496,TXNDC15,1038974,470,470,1.0
normalized_microarray_donor15496,TXNDC15,1038975,470,470,1.0
normalized_microarray_donor15496,UBAP2,1041521,470,470,1.0
normalized_microarray_donor15496,UBAP2,1041522,332,470,0.7063829787234043
normalized_microarray_donor15496,UBQLN4,1041134,467,470,0.9936170212765958
normalized_microarray_donor15496,UBQLN4,1041135,359,470,0.7638297872340426
normalized_microarray_donor15496,UBTF,1011311,405,470,0.8617021276595744
normalized_microarray_donor15496,UBTF,1020229,469,470,0.997872340425532
normalized_microarray_donor15496,USP50,1031669,4,470,0.00851063829787234
normalized_microarray_donor15496,USP50,1031670,8,470,0.01702127659574468
normalized_microarray_donor15496,USP8,1014451,470,470,1.0
normalized_microarray_donor15496,USP8,1019894,470,470,1.0
normalized_microarray_donor15496,VAMP4,1022872,469,470,0.997872340425532
normalized_microarray_donor15496,VAMP4,1022873,470,470,1.0
normalized_microarray_donor15496,VAMP4,1063422,467,470,0.9936170212765958
normalized_microarray_donor15496,VN1R10P,1037931,7,470,0.014893617021276596
normalized_microarray_donor15496,VN1R10P,1037932,8,470,0.01702127659574468
normalized_microarray_donor15496,WDHD1,1024873,427,470,0.9085106382978724
normalized_microarray_donor15496,WDHD1,1024874,454,470,0.9659574468085106
normalized_microarray_donor15496,WDHD1,1067761,21,470,0.04468085106382979
normalized_microarray_donor15496,WDR41,1042082,470,470,1.0
normalized_microarray_donor15496,WDR41,1042083,470,470,1.0
normalized_microarray_donor15496,WNT3,1050353,470,470,1.0
normalized_microarray_donor15496,WNT3,1050354,11,470,0.023404255319148935
normalized_microarray_donor15496,WWOX,1025804,470,470,1.0
normalized_microarray_donor15496,WWOX,1025805,470,470,1.0
normalized_microarray_donor15496,WWOX,1043133,470,470,1.0
normalized_microarray_donor15496,WWOX,1043134,470,470,1.0
normalized_microarray_donor15496,WWOX,1043135,408,470,0.8680851063829788
normalized_microarray_donor15496,WWOX,1043136,470,470,1.0
normalized_microarray_donor15496,XPO1,1050310,221,470,0.4702127659574468
normalized_microarray_donor15496,XPO1,1050311,470,470,1.0
normalized_microarray_donor15496,ZNF322,1039074,447,470,0.951063829787234
normalized_microarray_donor15496,ZNF322,1039075,470,470,1.0
normalized_microarray_donor15496,ZNF608,1025964,467,470,0.9936170212765958
normalized_microarray_donor15496,ZNF608,1025965,457,470,0.9723404255319149
normalized_microarray_donor15697,APOE,1059132,501,501,1.0
normalized_microarray_donor15697,APOE,1059133,501,501,1.0
normalized_microarray_donor15697,APOE,1067762,501,501,1.0
normalized_microarray_donor15697,ARHGEF2,1019068,499,501,0.9960079840319361
normalized_microarray_donor15697,ARHGEF2,1048871,494,501,0.9860279441117764
normalized_microarray_donor15697,ASH1L,1041471,476,501,0.9500998003992016
normalized_microarray_donor15697,ASH1L,1041472,501,501,1.0
normalized_microarray_donor15697,ASNS,1026103,501,501,1.0
normalized_microarray_donor15697,ASNS,1026104,501,501,1.0
normalized_microarray_donor15697,ASXL3,1015239,353,501,0.7045908183632734
normalized_microarray_donor15697,ASXL3,1015423,408,501,0.8143712574850299
normalized_microarray_donor15697,ASXL3,1016305,456,501,0.9101796407185628
normalized_microarray_donor15697,BAG3,1048474,501,501,1.0
normalized_microarray_donor15697,BAG3,1048475,498,501,0.9940119760479041
normalized_microarray_donor15697,BBS9,1022575,501,501,1.0
normalized_microarray_donor15697,BBS9,1022576,482,501,0.9620758483033932
normalized_microarray_donor15697,BCKDK,1011486,501,501,1.0
normalized_microarray_donor15697,BCKDK,1019002,494,501,0.9860279441117764
normalized_microarray_donor15697,BCL9,1058854,501,501,1.0
normalized_microarray_donor15697,BCL9,1058855,482,501,0.9620758483033932
normalized_microarray_donor15697,BIN3,1041427,501,501,1.0
normalized_microarray_donor15697,BIN3,1041428,487,501,0.9720558882235529
normalized_microarray_donor15697,BIN3,1041429,497,501,0.9920159680638723
normalized_microarray_donor15697,BRD3,1050009,501,501,1.0
normalized_microarray_donor15697,BRD3,1050010,501,501,1.0
normalized_microarray_donor15697,BRIP1,1037918,28,501,0.05588822355289421
normalized_microarray_donor15697,BST1,1058746,231,501,0.46107784431137727
normalized_microarray_donor15697,BST1,1058747,211,501,0.42115768463073855
normalized_microarray_donor15697,C5ORF24,1015240,501,501,1.0
normalized_microarray_donor15697,C5ORF24,1020488,500,501,0.998003992015968
normalized_microarray_donor15697,CAB39L,1011604,501,501,1.0
normalized_microarray_donor15697,CAB39L,1020073,501,501,1.0
normalized_microarray_donor15697,CAMK2D,1013642,501,501,1.0
normalized_microarray_donor15697,CAMK2D,1017819,501,501,1.0
normalized_microarray_donor15697,CAMK2D,1027100,223,501,0.44510978043912175
normalized_microarray_donor15697,CAMK2D,1027101,501,501,1.0
normalized_microarray_donor15697,CAPN13,1036609,500,501,0.998003992015968
normalized_microarray_donor15697,CAPN13,1036610,352,501,0.7025948103792415
normalized_microarray_donor15697,CARS2,1039201,501,501,1.0
normalized_microarray_donor15697,CARS2,1039202,478,501,0.9540918163672655
normalized_microarray_donor15697,CC2D2A,1011388,469,501,0.936127744510978
normalized_microarray_donor15697,CC2D2A,1018275,495,501,0.9880239520958084
normalized_microarray_donor15697,CCDC62,1029581,249,501,0.49700598802395207
normalized_microarray_donor15697,CCDC62,1029582,10,501,0.01996007984031936
normalized_microarray_donor15697,CCDC85A,1014186,499,501,0.9960079840319361
normalized_microarray_donor15697,CCDC85A,1017604,501,501,1.0
normalized_microarray_donor15697,CCT3,1029523,501,501,1.0
normalized_microarray_donor15697,CCT3,1029524,501,501,1.0
normalized_microarray_donor15697,CD19,1058473,461,501,0.9201596806387226
normalized_microarray_donor15697,CD19,1058474,455,501,0.908183632734531
normalized_microarray_donor15697,CHRNB1,1058196,498,501,0.9940119760479041
normalized_microarray_donor15697,CHRNB1,1058197,62,501,0.12375249500998003
normalized_microarray_donor15697,CLCN3,1025182,501,501,1.0
normalized_microarray_donor15697,CLCN3,1025183,501,501,1.0
normalized_microarray_donor15697,CLCN3,1025184,501,501,1.0
normalized_microarray_donor15697,CNOT6L,1033005,489,501,0.9760479041916168
normalized_microarray_donor15697,CNOT6L,1033006,501,501,1.0
normalized_microarray_donor15697,CNOT6L,1033007,501,501,1.0
normalized_microarray_donor15697,CNTN1,1058103,500,501,0.998003992015968
normalized_microarray_donor15697,CNTN1,1058104,500,501,0.998003992015968
normalized_microarray_donor15697,COL3A1,1058092,7,501,0.013972055888223553
normalized_microarray_donor15697,COL3A1,1058093,113,501,0.22554890219560877
normalized_microarray_donor15697,COL3A1,1058094,1,501,0.001996007984031936
normalized_microarray_donor15697,COL3A1,1058095,13,501,0.02594810379241517
normalized_microarray_donor15697,COMMD1,1034390,501,501,1.0
normalized_microarray_donor15697,COMMD1,1034391,501,501,1.0
normalized_microarray_donor15697,CRLS1,1020322,501,501,1.0
normalized_microarray_donor15697,CTSB,1030215,501,501,1.0
normalized_microarray_donor15697,CTSB,1030216,501,501,1.0
normalized_microarray_donor15697,CTSB,1030217,501,501,1.0
normalized_microarray_donor15697,DCST1,1014309,6,501,0.011976047904191617
normalized_microarray_donor15697,DCST1,1018959,188,501,0.37524950099800397
normalized_microarray_donor15697,DCST1,1034485,10,501,0.01996007984031936
normalized_microarray_donor15697,DCUN1D1,1042987,501,501,1.0
normalized_microarray_donor15697,DCUN1D1,1060966,501,501,1.0
normalized_microarray_donor15697,DDRGK1,1039498,501,501,1.0
normalized_microarray_donor15697,DDRGK1,1039499,501,501,1.0
normalized_microarray_donor15697,DGKQ,1057741,500,501,0.998003992015968
normalized_microarray_donor15697,DGKQ,1057742,1,501,0.001996007984031936
normalized_microarray_donor15697,DIRC1,1036088,501,501,1.0
normalized_microarray_donor15697,DIRC1,1036089,2,501,0.003992015968063872
normalized_microarray_donor15697,DLG2,1011473,500,501,0.998003992015968
normalized_microarray_donor15697,DLG2,1014060,493,501,0.9840319361277445
normalized_microarray_donor15697,DLG2,1015299,500,501,0.998003992015968
normalized_microarray_donor15697,DLG2,1020078,498,501,0.9940119760479041
normalized_microarray_donor15697,DNAH17,1029339,10,501,0.01996007984031936
normalized_microarray_donor15697,DNAH17,1029340,448,501,0.8942115768463074
normalized_microarray_donor15697,DNASE1L1,1057592,277,501,0.5528942115768463
normalized_microarray_donor15697,DNASE1L1,1057593,501,501,1.0
normalized_microarray_donor15697,DNM1L,1026402,501,501,1.0
normalized_microarray_donor15697,DNM1L,1026403,501,501,1.0
normalized_microarray_donor15697,DNM1L,1026404,501,501,1.0
normalized_microarray_donor15697,DPP6,1021964,501,501,1.0
normalized_microarray_donor15697,DPP6,1021965,501,501,1.0
normalized_microarray_donor15697,DPP6,1021966,491,501,0.9800399201596807
normalized_microarray_donor15697,DPP6,1025983,487,501,0.9720558882235529
normalized_microarray_donor15697,DYRK1A,1026233,501,501,1.0
normalized_microarray_donor15697,DYRK1A,1026234,500,501,0.998003992015968
normalized_microarray_donor15697,DYRK1A,1026235,501,501,1.0
normalized_microarray_donor15697,ELOVL7,1014431,499,501,0.9960079840319361
normalized_microarray_donor15697,ELOVL7,1017481,501,501,1.0
normalized_microarray_donor15697,FAM171A2,1013916,345,501,0.688622754491018
normalized_microarray_donor15697,FAM171A2,1017989,445,501,0.8882235528942116
normalized_microarray_donor15697,FAM47E,1011673,475,501,0.9481037924151696
normalized_microarray_donor15697,FAM47E,1015924,501,501,1.0
normalized_microarray_donor15697,FASN,1057064,500,501,0.998003992015968
normalized_microarray_donor15697,FASN,1057065,254,501,0.5069860279441117
normalized_microarray_donor15697,FBRSL1,1014256,501,501,1.0
normalized_microarray_donor15697,FBRSL1,1015696,501,501,1.0
normalized_microarray_donor15697,FCGR2A,1019379,495,501,0.9880239520958084
normalized_microarray_donor15697,FCGR2B,1026970,9,501,0.017964071856287425
normalized_microarray_donor15697,FCGR2B,1026971,40,501,0.07984031936127745
normalized_microarray_donor15697,FCGR3B,1057035,250,501,0.499001996007984
normalized_microarray_donor15697,FGD4,1035818,501,501,1.0
normalized_microarray_donor15697,FGD4,1035819,8,501,0.015968063872255488
normalized_microarray_donor15697,FGD4,1064628,439,501,0.8762475049900199
normalized_microarray_donor15697,FYN,1029625,501,501,1.0
normalized_microarray_donor15697,FYN,1029626,501,501,1.0
normalized_microarray_donor15697,FYN,1029627,501,501,1.0
normalized_microarray_donor15697,GAK,1056538,501,501,1.0
normalized_microarray_donor15697,GAK,1056539,501,501,1.0
normalized_microarray_donor15697,GALNT14,1039165,501,501,1.0
normalized_microarray_donor15697,GALNT14,1039166,478,501,0.9540918163672655
normalized_microarray_donor15697,GALNT9,1013164,500,501,0.998003992015968
normalized_microarray_donor15697,GALNT9,1013937,374,501,0.7465069860279441
normalized_microarray_donor15697,GALNT9,1018522,494,501,0.9860279441117764
normalized_microarray_donor15697,GALNT9,1063388,231,501,0.46107784431137727
normalized_microarray_donor15697,GBF1,1049375,501,501,1.0
normalized_microarray_donor15697,GBF1,1049376,388,501,0.7744510978043913
normalized_microarray_donor15697,GCH1,1029868,119,501,0.2375249500998004
normalized_microarray_donor15697,GCH1,1029869,55,501,0.10978043912175649
normalized_microarray_donor15697,GCH1,1029901,398,501,0.7944111776447106
normalized_microarray_donor15697,GCH1,1030010,81,501,0.16167664670658682
normalized_microarray_donor15697,GCH1,1056474,19,501,0.03792415169660679
normalized_microarray_donor15697,GJA5,1024400,6,501,0.011976047904191617
normalized_microarray_donor15697,GJA5,1024401,143,501,0.28542914171656686
normalized_microarray_donor15697,GJA5,1056413,7,501,0.013972055888223553
normalized_microarray_donor15697,GPM6B,1023580,501,501,1.0
normalized_microarray_donor15697,GPM6B,1056269,501,501,1.0
normalized_microarray_donor15697,GPM6B,1056270,501,501,1.0
normalized_microarray_donor15697,GPM6B,1056271,501,501,1.0
normalized_microarray_donor15697,GPNMB,1024151,468,501,0.9341317365269461
normalized_microarray_donor15697,GPNMB,1024152,9,501,0.017964071856287425
normalized_microarray_donor15697,GPR65,1049669,13,501,0.02594810379241517
normalized_microarray_donor15697,GPR65,1049670,27,501,0.05389221556886228
normalized_microarray_donor15697,GPRIN3,1021672,336,501,0.6706586826347305
normalized_microarray_donor15697,GPRIN3,1021673,334,501,0.6666666666666666
normalized_microarray_donor15697,GUSBP2,1010976,501,501,1.0
normalized_microarray_donor15697,HEATR6,1040127,500,501,0.998003992015968
normalized_microarray_donor15697,HEATR6,1040128,495,501,0.9880239520958084
normalized_microarray_donor15697,HIP1R,1049068,501,501,1.0
normalized_microarray_donor15697,HIP1R,1049069,501,501,1.0
normalized_microarray_donor15697,HLA-DQA1,1018703,5,501,0.00998003992015968
normalized_microarray_donor15697,HLA-DQA1,1021190,444,501,0.8862275449101796
normalized_microarray_donor15697,HLA-DQA1,1055658,489,501,0.9760479041916168
normalized_microarray_donor15697,HLA-DQA1,1055659,498,501,0.9940119760479041
normalized_microarray_donor15697,HLA-DQA1,1055660,3,501,0.005988023952095809
normalized_microarray_donor15697,HLA-DQB1,1055654,498,501,0.9940119760479041
normalized_microarray_donor15697,HLA-DQB1,1055655,166,501,0.3313373253493014
normalized_microarray_donor15697,HLA-DRA,1055652,186,501,0.3712574850299401
normalized_microarray_donor15697,HLA-DRA,1055653,496,501,0.9900199600798403
normalized_microarray_donor15697,HLA-DRB1,1055650,501,501,1.0
normalized_microarray_donor15697,HLA-DRB1,1055651,501,501,1.0
normalized_microarray_donor15697,INPP5F,1046229,501,501,1.0
normalized_microarray_donor15697,INPP5F,1046230,501,501,1.0
normalized_microarray_donor15697,IP6K2,1030752,501,501,1.0
normalized_microarray_donor15697,IP6K2,1030753,501,501,1.0
normalized_microarray_donor15697,IP6K2,1030791,500,501,0.998003992015968
normalized_microarray_donor15697,IP6K2,1030792,501,501,1.0
normalized_microarray_donor15697,IQCJ,1021047,215,501,0.4291417165668663
normalized_microarray_donor15697,IQCJ,1021142,295,501,0.5888223552894212
normalized_microarray_donor15697,IQCJ,1021143,369,501,0.7365269461077845
normalized_microarray_donor15697,IQCJ,1021144,299,501,0.5968063872255489
normalized_microarray_donor15697,IQCJ-SCHIP1,1044119,501,501,1.0
normalized_microarray_donor15697,IQCJ-SCHIP1,1044120,501,501,1.0
normalized_microarray_donor15697,IRS2,1049467,500,501,0.998003992015968
normalized_microarray_donor15697,IRS2,1049468,495,501,0.9880239520958084
normalized_microarray_donor15697,IRS2,1049469,501,501,1.0
normalized_microarray_donor15697,ITGA2B,1054940,425,501,0.8483033932135728
normalized_microarray_donor15697,ITGA2B,1054941,395,501,0.7884231536926147
normalized_microarray_donor15697,ITGA8,1049617,432,501,0.8622754491017964
normalized_microarray_donor15697,ITGA8,1049618,461,501,0.9201596806387226
normalized_microarray_donor15697,ITGAE,1054931,494,501,0.9860279441117764
normalized_microarray_donor15697,ITGAE,1054932,500,501,0.998003992015968
normalized_microarray_donor15697,ITIH1,1054912,126,501,0.25149700598802394
normalized_microarray_donor15697,ITIH1,1054913,500,501,0.998003992015968
normalized_microarray_donor15697,ITPKB,1054898,501,501,1.0
normalized_microarray_donor15697,ITPKB,1054899,501,501,1.0
normalized_microarray_donor15697,KCNIP3,1022417,501,501,1.0
normalized_microarray_donor15697,KCNIP3,1022418,501,501,1.0
normalized_microarray_donor15697,KCNIP3,1022419,335,501,0.6686626746506986
normalized_microarray_donor15697,KCNN3,1027249,501,501,1.0
normalized_microarray_donor15697,KCNN3,1027250,471,501,0.9401197604790419
normalized_microarray_donor15697,KCNN3,1027251,448,501,0.8942115768463074
normalized_microarray_donor15697,KCNS3,1054772,501,501,1.0
normalized_microarray_donor15697,KCNS3,1054773,439,501,0.8762475049900199
normalized_microarray_donor15697,KCNS3,1054774,43,501,0.08582834331337326
normalized_microarray_donor15697,KLHDC1,1035775,501,501,1.0
normalized_microarray_donor15697,KLHDC1,1035776,501,501,1.0
normalized_microarray_donor15697,KLHL7,1025738,501,501,1.0
normalized_microarray_donor15697,KLHL7,1025739,501,501,1.0
normalized_microarray_donor15697,KLHL7,1063321,492,501,0.9820359281437125
normalized_microarray_donor15697,KNTC1,1048212,496,501,0.9900199600798403
normalized_microarray_donor15697,KNTC1,1048213,496,501,0.9900199600798403
normalized_microarray_donor15697,KPNA1,1015121,501,501,1.0
normalized_microarray_donor15697,KPNA1,1020579,498,501,0.9940119760479041
normalized_microarray_donor15697,KPNA3,1054722,501,501,1.0
normalized_microarray_donor15697,KPNA3,1054723,500,501,0.998003992015968
normalized_microarray_donor15697,KRTCAP2,1033536,501,501,1.0
normalized_microarray_donor15697,KRTCAP2,1033537,501,501,1.0
normalized_microarray_donor15697,KTN1,1011820,501,501,1.0
normalized_microarray_donor15697,KTN1,1017307,501,501,1.0
normalized_microarray_donor15697,KTN1,1054651,501,501,1.0
normalized_microarray_donor15697,LAMP3,1044682,3,501,0.005988023952095809
normalized_microarray_donor15697,LAMP3,1044683,1,501,0.001996007984031936
normalized_microarray_donor15697,LHFPL2,1047730,501,501,1.0
normalized_microarray_donor15697,LHFPL2,1047731,427,501,0.8522954091816367
normalized_microarray_donor15697,LINC00326,1012240,12,501,0.023952095808383235
normalized_microarray_donor15697,LINC00326,1017951,2,501,0.003992015968063872
normalized_microarray_donor15697,LMNA,1023738,501,501,1.0
normalized_microarray_donor15697,LMNA,1023739,428,501,0.8542914171656687
normalized_microarray_donor15697,LMNA,1054551,501,501,1.0
normalized_microarray_donor15697,LRP1B,1043072,501,501,1.0
normalized_microarray_donor15697,LRP1B,1043073,501,501,1.0
normalized_microarray_donor15697,LRP8,1024086,501,501,1.0
normalized_microarray_donor15697,LRP8,1050104,501,501,1.0
normalized_microarray_donor15697,LRP8,1050105,501,501,1.0
normalized_microarray_donor15697,LRRC37A4P,1015072,501,501,1.0
normalized_microarray_donor15697,LRRC37A4P,1015124,501,501,1.0
normalized_microarray_donor15697,LRRC37A4P,1015247,500,501,0.998003992015968
normalized_microarray_donor15697,LRRC37A4P,1015252,499,501,0.9960079840319361
normalized_microarray_donor15697,LRRC37A4P,1020297,501,501,1.0
normalized_microarray_donor15697,LRRC37A4P,1022598,501,501,1.0
normalized_microarray_donor15697,LRRC37A4P,1070359,378,501,0.7544910179640718
normalized_microarray_donor15697,LRRK2,1022614,501,501,1.0
normalized_microarray_donor15697,LRRK2,1022615,501,501,1.0
normalized_microarray_donor15697,LRRK2,1022616,456,501,0.9101796407185628
normalized_microarray_donor15697,LRRN2,1024046,501,501,1.0
normalized_microarray_donor15697,LRRN2,1024047,169,501,0.3373253493013972
normalized_microarray_donor15697,LRRN2,1047393,231,501,0.46107784431137727
normalized_microarray_donor15697,MAP4K4,1030502,501,501,1.0
normalized_microarray_donor15697,MAP4K4,1030503,501,501,1.0
normalized_microarray_donor15697,MAP4K4,1030504,501,501,1.0
normalized_microarray_donor15697,MAP4K4,1030505,501,501,1.0
normalized_microarray_donor15697,MAPT,1010837,500,501,0.998003992015968
normalized_microarray_donor15697,MAPT,1012542,148,501,0.2954091816367265
normalized_microarray_donor15697,MAPT,1014908,500,501,0.998003992015968
normalized_microarray_donor15697,MAPT,1020634,500,501,0.998003992015968
normalized_microarray_donor15697,MAPT-AS1,1063807,501,501,1.0
normalized_microarray_donor15697,MBNL2,1026724,501,501,1.0
normalized_microarray_donor15697,MBNL2,1026725,501,501,1.0
normalized_microarray_donor15697,MCCC1,1041094,501,501,1.0
normalized_microarray_donor15697,MCCC1,1041095,390,501,0.7784431137724551
normalized_microarray_donor15697,MED12L,1036005,475,501,0.9481037924151696
normalized_microarray_donor15697,MED12L,1036006,466,501,0.9301397205588823
normalized_microarray_donor15697,MED13,1047969,500,501,0.998003992015968
normalized_microarray_donor15697,MED13,1047970,501,501,1.0
normalized_microarray_donor15697,METTL13,1029408,501,501,1.0
normalized_microarray_donor15697,METTL13,1029409,477,501,0.9520958083832335
normalized_microarray_donor15697,MIPOL1,1034741,492,501,0.9820359281437125
normalized_microarray_donor15697,MIPOL1,1034742,499,501,0.9960079840319361
normalized_microarray_donor15697,MMRN1,1046181,2,501,0.003992015968063872
normalized_microarray_donor15697,MMRN1,1046182,12,501,0.023952095808383235
normalized_microarray_donor15697,MORN1,1038820,442,501,0.8822355289421158
normalized_microarray_donor15697,MORN1,1038821,486,501,0.9700598802395209
normalized_microarray_donor15697,MRPL1,1039604,500,501,0.998003992015968
normalized_microarray_donor15697,MRPL1,1039605,501,501,1.0
normalized_microarray_donor15697,MSR1,1023451,232,501,0.4630738522954092
normalized_microarray_donor15697,MSR1,1023452,108,501,0.2155688622754491
normalized_microarray_donor15697,MSR1,1023453,247,501,0.4930139720558882
normalized_microarray_donor15697,MSR1,1054033,133,501,0.2654690618762475
normalized_microarray_donor15697,MTF2,1046288,501,501,1.0
normalized_microarray_donor15697,MTF2,1046289,501,501,1.0
normalized_microarray_donor15697,MUC12,1015514,495,501,0.9880239520958084
normalized_microarray_donor15697,MUC12,1025233,0,501,0.0
normalized_microarray_donor15697,MUC12,1025234,0,501,0.0
normalized_microarray_donor15697,MUC12,1025235,114,501,0.2275449101796407
normalized_microarray_donor15697,MUC12,1047868,4,501,0.007984031936127744
normalized_microarray_donor15697,MUC19,1069887,13,501,0.02594810379241517
normalized_microarray_donor15697,MYLK2,1037087,501,501,1.0
normalized_microarray_donor15697,MYLK2,1037088,136,501,0.2714570858283433
normalized_microarray_donor15697,NDUFAF2,1036662,501,501,1.0
normalized_microarray_donor15697,NDUFAF2,1036663,501,501,1.0
normalized_microarray_donor15697,NDUFAF2,1036664,501,501,1.0
normalized_microarray_donor15697,NOD2,1039983,132,501,0.2634730538922156
normalized_microarray_donor15697,NOD2,1039984,1,501,0.001996007984031936
normalized_microarray_donor15697,NOL4,1049390,499,501,0.9960079840319361
normalized_microarray_donor15697,NOL4,1049391,500,501,0.998003992015968
normalized_microarray_donor15697,NRBP1,1044129,501,501,1.0
normalized_microarray_donor15697,NRBP1,1044130,471,501,0.9401197604790419
normalized_microarray_donor15697,NSF,1053553,501,501,1.0
normalized_microarray_donor15697,NSF,1053554,501,501,1.0
normalized_microarray_donor15697,NUCKS1,1039781,501,501,1.0
normalized_microarray_donor15697,NUCKS1,1039782,501,501,1.0
normalized_microarray_donor15697,NUCKS1,1039783,501,501,1.0
normalized_microarray_donor15697,NUCKS1,1039784,499,501,0.9960079840319361
normalized_microarray_donor15697,NUCKS1,1039785,149,501,0.29740518962075846
normalized_microarray_donor15697,NUCKS1,1039786,501,501,1.0
normalized_microarray_donor15697,NUCKS1,1039787,501,501,1.0
normalized_microarray_donor15697,P2RX5,1029745,477,501,0.9520958083832335
normalized_microarray_donor15697,P2RX5,1029961,473,501,0.9441117764471058
normalized_microarray_donor15697,P2RX5,1029962,462,501,0.9221556886227545
normalized_microarray_donor15697,PAM,1053360,501,501,1.0
normalized_microarray_donor15697,PAM,1053361,191,501,0.3812375249500998
normalized_microarray_donor15697,PAM,1053362,501,501,1.0
normalized_microarray_donor15697,PAM,1053363,501,501,1.0
normalized_microarray_donor15697,PARP9,1012605,98,501,0.19560878243512975
normalized_microarray_donor15697,PARP9,1014893,341,501,0.6806387225548902
normalized_microarray_donor15697,PARP9,1017969,399,501,0.7964071856287425
normalized_microarray_donor15697,PARP9,1019052,276,501,0.5508982035928144
normalized_microarray_donor15697,PBXIP1,1040725,501,501,1.0
normalized_microarray_donor15697,PCGF3,1047531,501,501,1.0
normalized_microarray_donor15697,PCGF3,1047532,403,501,0.8043912175648703
normalized_microarray_donor15697,PCGF3,1047533,483,501,0.9640718562874252
normalized_microarray_donor15697,PCGF3,1047534,501,501,1.0
normalized_microarray_donor15697,PDE5A,1023660,364,501,0.7265469061876247
normalized_microarray_donor15697,PDE5A,1029314,283,501,0.564870259481038
normalized_microarray_donor15697,PDE5A,1029315,447,501,0.8922155688622755
normalized_microarray_donor15697,PDGFB,1025515,501,501,1.0
normalized_microarray_donor15697,PDGFB,1025516,499,501,0.9960079840319361
normalized_microarray_donor15697,PDLIM2,1030473,501,501,1.0
normalized_microarray_donor15697,PDLIM2,1030474,501,501,1.0
normalized_microarray_donor15697,PDLIM2,1030475,501,501,1.0
normalized_microarray_donor15697,PDLIM2,1030506,6,501,0.011976047904191617
normalized_microarray_donor15697,PDLIM2,1030507,491,501,0.9800399201596807
normalized_microarray_donor15697,PDLIM2,1063413,459,501,0.9161676646706587
normalized_microarray_donor15697,PIK3CA,1053064,501,501,1.0
normalized_microarray_donor15697,PIK3CA,1053065,501,501,1.0
normalized_microarray_donor15697,PITPNM2,1040522,286,501,0.5708582834331337
normalized_microarray_donor15697,PITPNM2,1040523,472,501,0.9421157684630739
normalized_microarray_donor15697,PKP2,1028774,472,501,0.9421157684630739
normalized_microarray_donor15697,PKP2,1028775,302,501,0.6027944111776448
normalized_microarray_donor15697,PKP2,1068149,300,501,0.5988023952095808
normalized_microarray_donor15697,PLEKHM1,1014469,378,501,0.7544910179640718
normalized_microarray_donor15697,PLEKHM1,1015773,501,501,1.0
normalized_microarray_donor15697,PLEKHM1,1019528,467,501,0.9321357285429142
normalized_microarray_donor15697,PLEKHM1,1020046,501,501,1.0
normalized_microarray_donor15697,PMVK,1047114,501,501,1.0
normalized_microarray_donor15697,PMVK,1047115,501,501,1.0
normalized_microarray_donor15697,PRDM15,1021358,322,501,0.6427145708582834
normalized_microarray_donor15697,PRDM15,1021359,115,501,0.22954091816367264
normalized_microarray_donor15697,PRDM15,1021360,9,501,0.017964071856287425
normalized_microarray_donor15697,PRDM15,1065382,2,501,0.003992015968063872
normalized_microarray_donor15697,RAB25,1040843,23,501,0.04590818363273453
normalized_microarray_donor15697,RAB25,1040844,7,501,0.013972055888223553
normalized_microarray_donor15697,RABEP2,1038854,501,501,1.0
normalized_microarray_donor15697,RABEP2,1038855,501,501,1.0
normalized_microarray_donor15697,RBMS3,1027165,501,501,1.0
normalized_microarray_donor15697,RBMS3,1027166,416,501,0.8303393213572854
normalized_microarray_donor15697,RBMS3,1027167,501,501,1.0
normalized_microarray_donor15697,RILPL2,1033620,501,501,1.0
normalized_microarray_donor15697,RILPL2,1033621,495,501,0.9880239520958084
normalized_microarray_donor15697,RIMS1,1046115,489,501,0.9760479041916168
normalized_microarray_donor15697,RIMS1,1046116,500,501,0.998003992015968
normalized_microarray_donor15697,RIMS2,1013694,500,501,0.998003992015968
normalized_microarray_donor15697,RIMS2,1014746,493,501,0.9840319361277445
normalized_microarray_donor15697,RIMS2,1015006,497,501,0.9920159680638723
normalized_microarray_donor15697,RIMS2,1020609,500,501,0.998003992015968
normalized_microarray_donor15697,RIT1,1052172,501,501,1.0
normalized_microarray_donor15697,RIT1,1052174,452,501,0.9021956087824351
normalized_microarray_donor15697,RIT2,1052175,495,501,0.9880239520958084
normalized_microarray_donor15697,RIT2,1052176,500,501,0.998003992015968
normalized_microarray_donor15697,RNF141,1043920,501,501,1.0
normalized_microarray_donor15697,RNF141,1043922,501,501,1.0
normalized_microarray_donor15697,RORA,1024340,501,501,1.0
normalized_microarray_donor15697,RORA,1024341,501,501,1.0
normalized_microarray_donor15697,RPL10,1052085,501,501,1.0
normalized_microarray_donor15697,RPL10,1052086,501,501,1.0
normalized_microarray_donor15697,RPL10,1052087,501,501,1.0
normalized_microarray_donor15697,RPL13AP3,1012847,501,501,1.0
normalized_microarray_donor15697,RPL3,1052118,501,501,1.0
normalized_microarray_donor15697,RPL3,1052119,496,501,0.9900199600798403
normalized_microarray_donor15697,RPS6KL1,1038074,442,501,0.8822355289421158
normalized_microarray_donor15697,RPS6KL1,1038075,499,501,0.9960079840319361
normalized_microarray_donor15697,SCARB2,1058448,501,501,1.0
normalized_microarray_donor15697,SCARB2,1058449,501,501,1.0
normalized_microarray_donor15697,SCN2A,1022204,499,501,0.9960079840319361
normalized_microarray_donor15697,SCN2A,1022205,501,501,1.0
normalized_microarray_donor15697,SCN2A,1022206,495,501,0.9880239520958084
normalized_microarray_donor15697,SCN2A,1022207,501,501,1.0
normalized_microarray_donor15697,SEC23IP,1046486,501,501,1.0
normalized_microarray_donor15697,SEC23IP,1046487,496,501,0.9900199600798403
normalized_microarray_donor15697,SEMA4A,1039940,500,501,0.998003992015968
normalized_microarray_donor15697,SEMA4A,1039941,147,501,0.2934131736526946
normalized_microarray_donor15697,SETD1A,1023898,436,501,0.8702594810379242
normalized_microarray_donor15697,SETD1A,1023899,435,501,0.8682634730538922
normalized_microarray_donor15697,SH2B1,1013795,433,501,0.8642714570858283
normalized_microarray_donor15697,SH2B1,1019011,495,501,0.9880239520958084
normalized_microarray_donor15697,SH3GL2,1051629,500,501,0.998003992015968
normalized_microarray_donor15697,SH3GL2,1051630,496,501,0.9900199600798403
normalized_microarray_donor15697,SIPA1L2,1040561,501,501,1.0
normalized_microarray_donor15697,SIPA1L2,1040562,501,501,1.0
normalized_microarray_donor15697,SLC25A44,1048289,278,501,0.5548902195608783
normalized_microarray_donor15697,SLC25A44,1048290,476,501,0.9500998003992016
normalized_microarray_donor15697,SLC25A44,1048291,501,501,1.0
normalized_microarray_donor15697,SLC2A13,1036278,501,501,1.0
normalized_microarray_donor15697,SLC2A13,1036279,501,501,1.0
normalized_microarray_donor15697,SLC2A13,1036280,262,501,0.5229540918163673
normalized_microarray_donor15697,SLC38A1,1011006,501,501,1.0
normalized_microarray_donor15697,SLC38A1,1020708,501,501,1.0
normalized_microarray_donor15697,SLC41A1,1032909,501,501,1.0
normalized_microarray_donor15697,SLC41A1,1032910,38,501,0.07584830339321358
normalized_microarray_donor15697,SLC44A4,1038467,3,501,0.005988023952095809
normalized_microarray_donor15697,SLC44A4,1038468,1,501,0.001996007984031936
normalized_microarray_donor15697,SMAD4,1054430,500,501,0.998003992015968
normalized_microarray_donor15697,SMAD4,1054431,403,501,0.8043912175648703
normalized_microarray_donor15697,SNCA,1010655,501,501,1.0
normalized_microarray_donor15697,SNCA,1020182,501,501,1.0
normalized_microarray_donor15697,SORBS2,1029199,501,501,1.0
normalized_microarray_donor15697,SORBS2,1029200,493,501,0.9840319361277445
normalized_microarray_donor15697,SORBS2,1068745,500,501,0.998003992015968
normalized_microarray_donor15697,SPATA19,1033264,30,501,0.059880239520958084
normalized_microarray_donor15697,SPATA19,1033265,2,501,0.003992015968063872
normalized_microarray_donor15697,SPATA6,1042808,497,501,0.9920159680638723
normalized_microarray_donor15697,SPATA6,1042809,501,501,1.0
normalized_microarray_donor15697,SPPL2B,1013582,501,501,1.0
normalized_microarray_donor15697,SPPL2B,1019980,501,501,1.0
normalized_microarray_donor15697,SPTSSB,1021818,430,501,0.8582834331337326
normalized_microarray_donor15697,SPTSSB,1021819,421,501,0.8403193612774451
normalized_microarray_donor15697,STK39,1044446,501,501,1.0
normalized_microarray_donor15697,STK39,1044447,501,501,1.0
normalized_microarray_donor15697,STX1B,1036371,500,501,0.998003992015968
normalized_microarray_donor15697,STX1B,1036372,500,501,0.998003992015968
normalized_microarray_donor15697,SV2C,1025369,498,501,0.9940119760479041
normalized_microarray_donor15697,SV2C,1025370,469,501,0.936127744510978
normalized_microarray_donor15697,SV2C,1025371,472,501,0.9421157684630739
normalized_microarray_donor15697,SYT10,1031929,375,501,0.7485029940119761
normalized_microarray_donor15697,SYT10,1031930,328,501,0.654690618762475
normalized_microarray_donor15697,SYT17,1043121,501,501,1.0
normalized_microarray_donor15697,SYT17,1043122,501,501,1.0
normalized_microarray_donor15697,SYT17,1043123,494,501,0.9860279441117764
normalized_microarray_donor15697,SYT4,1051007,500,501,0.998003992015968
normalized_microarray_donor15697,SYT4,1051008,497,501,0.9920159680638723
normalized_microarray_donor15697,SYT4,1051009,497,501,0.9920159680638723
normalized_microarray_donor15697,TAC1,1028377,435,501,0.8682634730538922
normalized_microarray_donor15697,TAC1,1029249,475,501,0.9481037924151696
normalized_microarray_donor15697,TAC1,1029250,480,501,0.9580838323353293
normalized_microarray_donor15697,TAC1,1029251,463,501,0.9241516966067864
normalized_microarray_donor15697,TAC1,1029252,437,501,0.872255489021956
normalized_microarray_donor15697,TAC1,1029253,438,501,0.874251497005988
normalized_microarray_donor15697,TAC1,1029254,389,501,0.7764471057884231
normalized_microarray_donor15697,TAC1,1029255,456,501,0.9101796407185628
normalized_microarray_donor15697,TAC1,1029256,462,501,0.9221556886227545
normalized_microarray_donor15697,TAC1,1029257,466,501,0.9301397205588823
normalized_microarray_donor15697,TAC1,1029258,422,501,0.8423153692614771
normalized_microarray_donor15697,TAC1,1029261,386,501,0.7704590818363274
normalized_microarray_donor15697,TAC1,1051004,447,501,0.8922155688622755
normalized_microarray_donor15697,TBC1D5,1011556,501,501,1.0
normalized_microarray_donor15697,TBC1D5,1020243,500,501,0.998003992015968
normalized_microarray_donor15697,TBXAS1,1019912,484,501,0.9660678642714571
normalized_microarray_donor15697,TBXAS1,1028035,501,501,1.0
normalized_microarray_donor15697,TBXAS1,1028036,6,501,0.011976047904191617
normalized_microarray_donor15697,TEKT4,1034403,161,501,0.3213572854291417
normalized_microarray_donor15697,TEKT4,1034404,497,501,0.9920159680638723
normalized_microarray_donor15697,TEKT4,1034405,215,501,0.4291417165668663
normalized_microarray_donor15697,TIAL1,1022190,501,501,1.0
normalized_microarray_donor15697,TIAL1,1022191,501,501,1.0
normalized_microarray_donor15697,TIAL1,1022192,501,501,1.0
normalized_microarray_donor15697,TMEM108,1039492,501,501,1.0
normalized_microarray_donor15697,TMEM108,1039493,491,501,0.9800399201596807
normalized_microarray_donor15697,TMEM108,1061880,5,501,0.00998003992015968
normalized_microarray_donor15697,TMEM163,1038292,471,501,0.9401197604790419
normalized_microarray_donor15697,TMEM163,1038293,426,501,0.8502994011976048
normalized_microarray_donor15697,TMEM175,1037692,501,501,1.0
normalized_microarray_donor15697,TMEM175,1037693,501,501,1.0
normalized_microarray_donor15697,TPM1,1029651,501,501,1.0
normalized_microarray_donor15697,TPM1,1029652,501,501,1.0
normalized_microarray_donor15697,TPM1,1029653,501,501,1.0
normalized_microarray_donor15697,TPM1,1029654,496,501,0.9900199600798403
normalized_microarray_donor15697,TPM1,1029722,500,501,0.998003992015968
normalized_microarray_donor15697,TPM1,1030777,501,501,1.0
normalized_microarray_donor15697,TPM1,1030778,476,501,0.9500998003992016
normalized_microarray_donor15697,TRIM40,1035144,13,501,0.02594810379241517
normalized_microarray_donor15697,TRIM40,1035145,87,501,0.17365269461077845
normalized_microarray_donor15697,TRIM46,1038649,249,501,0.49700598802395207
normalized_microarray_donor15697,TRIM46,1038650,2,501,0.003992015968063872
normalized_microarray_donor15697,TRIM46,1061310,501,501,1.0
normalized_microarray_donor15697,TXNDC15,1038974,501,501,1.0
normalized_microarray_donor15697,TXNDC15,1038975,501,501,1.0
normalized_microarray_donor15697,UBAP2,1041521,501,501,1.0
normalized_microarray_donor15697,UBAP2,1041522,370,501,0.7385229540918163
normalized_microarray_donor15697,UBQLN4,1041134,499,501,0.9960079840319361
normalized_microarray_donor15697,UBQLN4,1041135,420,501,0.8383233532934131
normalized_microarray_donor15697,UBTF,1011311,478,501,0.9540918163672655
normalized_microarray_donor15697,UBTF,1020229,501,501,1.0
normalized_microarray_donor15697,USP50,1031669,6,501,0.011976047904191617
normalized_microarray_donor15697,USP50,1031670,35,501,0.06986027944111776
normalized_microarray_donor15697,USP8,1014451,501,501,1.0
normalized_microarray_donor15697,USP8,1019894,501,501,1.0
normalized_microarray_donor15697,VAMP4,1022872,501,501,1.0
normalized_microarray_donor15697,VAMP4,1022873,500,501,0.998003992015968
normalized_microarray_donor15697,VAMP4,1063422,496,501,0.9900199600798403
normalized_microarray_donor15697,VN1R10P,1037931,32,501,0.06387225548902195
normalized_microarray_donor15697,VN1R10P,1037932,0,501,0.0
normalized_microarray_donor15697,WDHD1,1024873,452,501,0.9021956087824351
normalized_microarray_donor15697,WDHD1,1024874,481,501,0.9600798403193613
normalized_microarray_donor15697,WDHD1,1067761,10,501,0.01996007984031936
normalized_microarray_donor15697,WDR41,1042082,501,501,1.0
normalized_microarray_donor15697,WDR41,1042083,501,501,1.0
normalized_microarray_donor15697,WNT3,1050353,501,501,1.0
normalized_microarray_donor15697,WNT3,1050354,4,501,0.007984031936127744
normalized_microarray_donor15697,WWOX,1025804,500,501,0.998003992015968
normalized_microarray_donor15697,WWOX,1025805,501,501,1.0
normalized_microarray_donor15697,WWOX,1043133,501,501,1.0
normalized_microarray_donor15697,WWOX,1043134,501,501,1.0
normalized_microarray_donor15697,WWOX,1043135,462,501,0.9221556886227545
normalized_microarray_donor15697,WWOX,1043136,501,501,1.0
normalized_microarray_donor15697,XPO1,1050310,283,501,0.564870259481038
normalized_microarray_donor15697,XPO1,1050311,501,501,1.0
normalized_microarray_donor15697,ZNF322,1039074,471,501,0.9401197604790419
normalized_microarray_donor15697,ZNF322,1039075,501,501,1.0
normalized_microarray_donor15697,ZNF608,1025964,500,501,0.998003992015968
normalized_microarray_donor15697,ZNF608,1025965,499,501,0.9960079840319361
normalized_microarray_donor9861,APOE,1059132,946,946,1.0
normalized_microarray_donor9861,APOE,1059133,909,946,0.9608879492600423
normalized_microarray_donor9861,APOE,1067762,946,946,1.0
normalized_microarray_donor9861,ARHGEF2,1019068,787,946,0.8319238900634249
normalized_microarray_donor9861,ARHGEF2,1048871,732,946,0.773784355179704
normalized_microarray_donor9861,ASH1L,1041471,665,946,0.7029598308668076
normalized_microarray_donor9861,ASH1L,1041472,945,946,0.9989429175475687
normalized_microarray_donor9861,ASNS,1026103,946,946,1.0
normalized_microarray_donor9861,ASNS,1026104,945,946,0.9989429175475687
normalized_microarray_donor9861,ASXL3,1015239,529,946,0.5591966173361522
normalized_microarray_donor9861,ASXL3,1015423,632,946,0.6680761099365751
normalized_microarray_donor9861,ASXL3,1016305,799,946,0.8446088794926004
normalized_microarray_donor9861,BAG3,1048474,875,946,0.9249471458773785
normalized_microarray_donor9861,BAG3,1048475,809,946,0.8551797040169133
normalized_microarray_donor9861,BBS9,1022575,945,946,0.9989429175475687
normalized_microarray_donor9861,BBS9,1022576,557,946,0.5887949260042283
normalized_microarray_donor9861,BCKDK,1011486,945,946,0.9989429175475687
normalized_microarray_donor9861,BCKDK,1019002,688,946,0.7272727272727273
normalized_microarray_donor9861,BCL9,1058854,939,946,0.992600422832981
normalized_microarray_donor9861,BCL9,1058855,560,946,0.5919661733615222
normalized_microarray_donor9861,BIN3,1041427,898,946,0.9492600422832981
normalized_microarray_donor9861,BIN3,1041428,577,946,0.6099365750528541
normalized_microarray_donor9861,BIN3,1041429,684,946,0.7230443974630021
normalized_microarray_donor9861,BRD3,1050009,924,946,0.9767441860465116
normalized_microarray_donor9861,BRD3,1050010,946,946,1.0
normalized_microarray_donor9861,BRIP1,1037918,6,946,0.006342494714587738
normalized_microarray_donor9861,BST1,1058746,39,946,0.0412262156448203
normalized_microarray_donor9861,BST1,1058747,49,946,0.05179704016913319
normalized_microarray_donor9861,C5ORF24,1015240,946,946,1.0
normalized_microarray_donor9861,C5ORF24,1020488,864,946,0.9133192389006343
normalized_microarray_donor9861,CAB39L,1011604,936,946,0.9894291754756871
normalized_microarray_donor9861,CAB39L,1020073,943,946,0.9968287526427061
normalized_microarray_donor9861,CAMK2D,1013642,913,946,0.9651162790697675
normalized_microarray_donor9861,CAMK2D,1017819,945,946,0.9989429175475687
normalized_microarray_donor9861,CAMK2D,1027100,36,946,0.03805496828752643
normalized_microarray_donor9861,CAMK2D,1027101,946,946,1.0
normalized_microarray_donor9861,CAPN13,1036609,775,946,0.8192389006342494
normalized_microarray_donor9861,CAPN13,1036610,252,946,0.266384778012685
normalized_microarray_donor9861,CARS2,1039201,946,946,1.0
normalized_microarray_donor9861,CARS2,1039202,680,946,0.718816067653277
normalized_microarray_donor9861,CC2D2A,1011388,514,946,0.5433403805496829
normalized_microarray_donor9861,CC2D2A,1018275,768,946,0.8118393234672304
normalized_microarray_donor9861,CCDC62,1029581,105,946,0.1109936575052854
normalized_microarray_donor9861,CCDC62,1029582,28,946,0.02959830866807611
normalized_microarray_donor9861,CCDC85A,1014186,881,946,0.9312896405919662
normalized_microarray_donor9861,CCDC85A,1017604,907,946,0.9587737843551797
normalized_microarray_donor9861,CCT3,1029523,946,946,1.0
normalized_microarray_donor9861,CCT3,1029524,929,946,0.9820295983086681
normalized_microarray_donor9861,CD19,1058473,263,946,0.27801268498942916
normalized_microarray_donor9861,CD19,1058474,234,946,0.24735729386892177
normalized_microarray_donor9861,CHRNB1,1058196,736,946,0.7780126849894292
normalized_microarray_donor9861,CHRNB1,1058197,12,946,0.012684989429175475
normalized_microarray_donor9861,CLCN3,1025182,940,946,0.9936575052854123
normalized_microarray_donor9861,CLCN3,1025183,940,946,0.9936575052854123
normalized_microarray_donor9861,CLCN3,1025184,945,946,0.9989429175475687
normalized_microarray_donor9861,CNOT6L,1033005,745,946,0.7875264270613108
normalized_microarray_donor9861,CNOT6L,1033006,884,946,0.9344608879492601
normalized_microarray_donor9861,CNOT6L,1033007,944,946,0.9978858350951374
normalized_microarray_donor9861,CNTN1,1058103,943,946,0.9968287526427061
normalized_microarray_donor9861,CNTN1,1058104,945,946,0.9989429175475687
normalized_microarray_donor9861,COL3A1,1058092,11,946,0.011627906976744186
normalized_microarray_donor9861,COL3A1,1058093,212,946,0.22410147991543342
normalized_microarray_donor9861,COL3A1,1058094,1,946,0.0010570824524312897
normalized_microarray_donor9861,COL3A1,1058095,25,946,0.026427061310782242
normalized_microarray_donor9861,COMMD1,1034390,945,946,0.9989429175475687
normalized_microarray_donor9861,COMMD1,1034391,942,946,0.9957716701902748
normalized_microarray_donor9861,CRLS1,1020322,945,946,0.9989429175475687
normalized_microarray_donor9861,CTSB,1030215,946,946,1.0
normalized_microarray_donor9861,CTSB,1030216,945,946,0.9989429175475687
normalized_microarray_donor9861,CTSB,1030217,941,946,0.9947145877378436
normalized_microarray_donor9861,DCST1,1014309,10,946,0.010570824524312896
normalized_microarray_donor9861,DCST1,1018959,59,946,0.06236786469344609
normalized_microarray_donor9861,DCST1,1034485,6,946,0.006342494714587738
normalized_microarray_donor9861,DCUN1D1,1042987,940,946,0.9936575052854123
normalized_microarray_donor9861,DCUN1D1,1060966,934,946,0.9873150105708245
normalized_microarray_donor9861,DDRGK1,1039498,940,946,0.9936575052854123
normalized_microarray_donor9861,DDRGK1,1039499,941,946,0.9947145877378436
normalized_microarray_donor9861,DGKQ,1057741,797,946,0.8424947145877378
normalized_microarray_donor9861,DGKQ,1057742,3,946,0.003171247357293869
normalized_microarray_donor9861,DIRC1,1036088,946,946,1.0
normalized_microarray_donor9861,DIRC1,1036089,1,946,0.0010570824524312897
normalized_microarray_donor9861,DLG2,1011473,940,946,0.9936575052854123
normalized_microarray_donor9861,DLG2,1014060,723,946,0.7642706131078224
normalized_microarray_donor9861,DLG2,1015299,944,946,0.9978858350951374
normalized_microarray_donor9861,DLG2,1020078,842,946,0.8900634249471459
normalized_microarray_donor9861,DNAH17,1029339,2,946,0.0021141649048625794
normalized_microarray_donor9861,DNAH17,1029340,287,946,0.3033826638477801
normalized_microarray_donor9861,DNASE1L1,1057592,152,946,0.160676532769556
normalized_microarray_donor9861,DNASE1L1,1057593,823,946,0.8699788583509513
normalized_microarray_donor9861,DNM1L,1026402,934,946,0.9873150105708245
normalized_microarray_donor9861,DNM1L,1026403,919,946,0.9714587737843552
normalized_microarray_donor9861,DNM1L,1026404,944,946,0.9978858350951374
normalized_microarray_donor9861,DPP6,1021964,946,946,1.0
normalized_microarray_donor9861,DPP6,1021965,942,946,0.9957716701902748
normalized_microarray_donor9861,DPP6,1021966,755,946,0.7980972515856237
normalized_microarray_donor9861,DPP6,1025983,719,946,0.7600422832980972
normalized_microarray_donor9861,DYRK1A,1026233,937,946,0.9904862579281184
normalized_microarray_donor9861,DYRK1A,1026234,898,946,0.9492600422832981
normalized_microarray_donor9861,DYRK1A,1026235,914,946,0.9661733615221987
normalized_microarray_donor9861,ELOVL7,1014431,898,946,0.9492600422832981
normalized_microarray_donor9861,ELOVL7,1017481,876,946,0.9260042283298098
normalized_microarray_donor9861,FAM171A2,1013916,308,946,0.32558139534883723
normalized_microarray_donor9861,FAM171A2,1017989,674,946,0.7124735729386892
normalized_microarray_donor9861,FAM47E,1011673,516,946,0.5454545454545454
normalized_microarray_donor9861,FAM47E,1015924,848,946,0.8964059196617337
normalized_microarray_donor9861,FASN,1057064,777,946,0.821353065539112
normalized_microarray_donor9861,FASN,1057065,140,946,0.14799154334038056
normalized_microarray_donor9861,FBRSL1,1014256,946,946,1.0
normalized_microarray_donor9861,FBRSL1,1015696,946,946,1.0
normalized_microarray_donor9861,FCGR2A,1019379,640,946,0.6765327695560254
normalized_microarray_donor9861,FCGR2B,1026970,12,946,0.012684989429175475
normalized_microarray_donor9861,FCGR2B,1026971,53,946,0.056025369978858354
normalized_microarray_donor9861,FCGR3B,1057035,286,946,0.3023255813953488
normalized_microarray_donor9861,FGD4,1035818,946,946,1.0
normalized_microarray_donor9861,FGD4,1035819,5,946,0.005285412262156448
normalized_microarray_donor9861,FGD4,1064628,211,946,0.22304439746300211
normalized_microarray_donor9861,FYN,1029625,946,946,1.0
normalized_microarray_donor9861,FYN,1029626,946,946,1.0
normalized_microarray_donor9861,FYN,1029627,938,946,0.9915433403805497
normalized_microarray_donor9861,GAK,1056538,935,946,0.9883720930232558
normalized_microarray_donor9861,GAK,1056539,820,946,0.8668076109936576
normalized_microarray_donor9861,GALNT14,1039165,930,946,0.9830866807610994
normalized_microarray_donor9861,GALNT14,1039166,783,946,0.8276955602536998
normalized_microarray_donor9861,GALNT9,1013164,779,946,0.8234672304439746
normalized_microarray_donor9861,GALNT9,1013937,355,946,0.3752642706131078
normalized_microarray_donor9861,GALNT9,1018522,779,946,0.8234672304439746
normalized_microarray_donor9861,GALNT9,1063388,84,946,0.08879492600422834
normalized_microarray_donor9861,GBF1,1049375,946,946,1.0
normalized_microarray_donor9861,GBF1,1049376,271,946,0.2864693446088795
normalized_microarray_donor9861,GCH1,1029868,58,946,0.0613107822410148
normalized_microarray_donor9861,GCH1,1029869,48,946,0.0507399577167019
normalized_microarray_donor9861,GCH1,1029901,138,946,0.14587737843551796
normalized_microarray_donor9861,GCH1,1030010,106,946,0.11205073995771671
normalized_microarray_donor9861,GCH1,1056474,12,946,0.012684989429175475
normalized_microarray_donor9861,GJA5,1024400,3,946,0.003171247357293869
normalized_microarray_donor9861,GJA5,1024401,32,946,0.03382663847780127
normalized_microarray_donor9861,GJA5,1056413,11,946,0.011627906976744186
normalized_microarray_donor9861,GPM6B,1023580,946,946,1.0
normalized_microarray_donor9861,GPM6B,1056269,946,946,1.0
normalized_microarray_donor9861,GPM6B,1056270,946,946,1.0
normalized_microarray_donor9861,GPM6B,1056271,946,946,1.0
normalized_microarray_donor9861,GPNMB,1024151,554,946,0.5856236786469344
normalized_microarray_donor9861,GPNMB,1024152,8,946,0.008456659619450317
normalized_microarray_donor9861,GPR65,1049669,5,946,0.005285412262156448
normalized_microarray_donor9861,GPR65,1049670,16,946,0.016913319238900635
normalized_microarray_donor9861,GPRIN3,1021672,289,946,0.3054968287526427
normalized_microarray_donor9861,GPRIN3,1021673,438,946,0.4630021141649049
normalized_microarray_donor9861,GUSBP2,1010976,946,946,1.0
normalized_microarray_donor9861,HEATR6,1040127,724,946,0.7653276955602537
normalized_microarray_donor9861,HEATR6,1040128,668,946,0.7061310782241015
normalized_microarray_donor9861,HIP1R,1049068,946,946,1.0
normalized_microarray_donor9861,HIP1R,1049069,937,946,0.9904862579281184
normalized_microarray_donor9861,HLA-DQA1,1018703,4,946,0.004228329809725159
normalized_microarray_donor9861,HLA-DQA1,1021190,16,946,0.016913319238900635
normalized_microarray_donor9861,HLA-DQA1,1055658,3,946,0.003171247357293869
normalized_microarray_donor9861,HLA-DQA1,1055659,316,946,0.33403805496828753
normalized_microarray_donor9861,HLA-DQA1,1055660,4,946,0.004228329809725159
normalized_microarray_donor9861,HLA-DQB1,1055654,5,946,0.005285412262156448
normalized_microarray_donor9861,HLA-DQB1,1055655,4,946,0.004228329809725159
normalized_microarray_donor9861,HLA-DRA,1055652,19,946,0.0200845665961945
normalized_microarray_donor9861,HLA-DRA,1055653,419,946,0.4429175475687104
normalized_microarray_donor9861,HLA-DRB1,1055650,946,946,1.0
normalized_microarray_donor9861,HLA-DRB1,1055651,793,946,0.8382663847780126
normalized_microarray_donor9861,INPP5F,1046229,927,946,0.9799154334038055
normalized_microarray_donor9861,INPP5F,1046230,946,946,1.0
normalized_microarray_donor9861,IP6K2,1030752,944,946,0.9978858350951374
normalized_microarray_donor9861,IP6K2,1030753,946,946,1.0
normalized_microarray_donor9861,IP6K2,1030791,871,946,0.9207188160676533
normalized_microarray_donor9861,IP6K2,1030792,936,946,0.9894291754756871
normalized_microarray_donor9861,IQCJ,1021047,237,946,0.25052854122621565
normalized_microarray_donor9861,IQCJ,1021142,469,946,0.49577167019027485
normalized_microarray_donor9861,IQCJ,1021143,576,946,0.6088794926004228
normalized_microarray_donor9861,IQCJ,1021144,552,946,0.5835095137420718
normalized_microarray_donor9861,IQCJ-SCHIP1,1044119,946,946,1.0
normalized_microarray_donor9861,IQCJ-SCHIP1,1044120,946,946,1.0
normalized_microarray_donor9861,IRS2,1049467,943,946,0.9968287526427061
normalized_microarray_donor9861,IRS2,1049468,700,946,0.7399577167019028
normalized_microarray_donor9861,IRS2,1049469,946,946,1.0
normalized_microarray_donor9861,ITGA2B,1054940,333,946,0.35200845665961944
normalized_microarray_donor9861,ITGA2B,1054941,125,946,0.1321353065539112
normalized_microarray_donor9861,ITGA8,1049617,598,946,0.6321353065539113
normalized_microarray_donor9861,ITGA8,1049618,708,946,0.7484143763213531
normalized_microarray_donor9861,ITGAE,1054931,728,946,0.7695560253699789
normalized_microarray_donor9861,ITGAE,1054932,844,946,0.8921775898520085
normalized_microarray_donor9861,ITIH1,1054912,24,946,0.02536997885835095
normalized_microarray_donor9861,ITIH1,1054913,940,946,0.9936575052854123
normalized_microarray_donor9861,ITPKB,1054898,945,946,0.9989429175475687
normalized_microarray_donor9861,ITPKB,1054899,873,946,0.9228329809725159
normalized_microarray_donor9861,KCNIP3,1022417,944,946,0.9978858350951374
normalized_microarray_donor9861,KCNIP3,1022418,911,946,0.9630021141649049
normalized_microarray_donor9861,KCNIP3,1022419,605,946,0.6395348837209303
normalized_microarray_donor9861,KCNN3,1027249,875,946,0.9249471458773785
normalized_microarray_donor9861,KCNN3,1027250,704,946,0.7441860465116279
normalized_microarray_donor9861,KCNN3,1027251,611,946,0.645877378435518
normalized_microarray_donor9861,KCNS3,1054772,907,946,0.9587737843551797
normalized_microarray_donor9861,KCNS3,1054773,637,946,0.6733615221987315
normalized_microarray_donor9861,KCNS3,1054774,20,946,0.021141649048625793
normalized_microarray_donor9861,KLHDC1,1035775,777,946,0.821353065539112
normalized_microarray_donor9861,KLHDC1,1035776,940,946,0.9936575052854123
normalized_microarray_donor9861,KLHL7,1025738,875,946,0.9249471458773785
normalized_microarray_donor9861,KLHL7,1025739,919,946,0.9714587737843552
normalized_microarray_donor9861,KLHL7,1063321,666,946,0.7040169133192389
normalized_microarray_donor9861,KNTC1,1048212,672,946,0.7103594080338267
normalized_microarray_donor9861,KNTC1,1048213,744,946,0.7864693446088795
normalized_microarray_donor9861,KPNA1,1015121,942,946,0.9957716701902748
normalized_microarray_donor9861,KPNA1,1020579,867,946,0.9164904862579282
normalized_microarray_donor9861,KPNA3,1054722,943,946,0.9968287526427061
normalized_microarray_donor9861,KPNA3,1054723,922,946,0.9746300211416491
normalized_microarray_donor9861,KRTCAP2,1033536,946,946,1.0
normalized_microarray_donor9861,KRTCAP2,1033537,945,946,0.9989429175475687
normalized_microarray_donor9861,KTN1,1011820,946,946,1.0
normalized_microarray_donor9861,KTN1,1017307,946,946,1.0
normalized_microarray_donor9861,KTN1,1054651,811,946,0.857293868921776
normalized_microarray_donor9861,LAMP3,1044682,4,946,0.004228329809725159
normalized_microarray_donor9861,LAMP3,1044683,8,946,0.008456659619450317
normalized_microarray_donor9861,LHFPL2,1047730,905,946,0.9566596194503171
normalized_microarray_donor9861,LHFPL2,1047731,251,946,0.2653276955602537
normalized_microarray_donor9861,LINC00326,1012240,11,946,0.011627906976744186
normalized_microarray_donor9861,LINC00326,1017951,3,946,0.003171247357293869
normalized_microarray_donor9861,LMNA,1023738,915,946,0.96723044397463
normalized_microarray_donor9861,LMNA,1023739,113,946,0.11945031712473574
normalized_microarray_donor9861,LMNA,1054551,946,946,1.0
normalized_microarray_donor9861,LRP1B,1043072,922,946,0.9746300211416491
normalized_microarray_donor9861,LRP1B,1043073,923,946,0.9756871035940803
normalized_microarray_donor9861,LRP8,1024086,924,946,0.9767441860465116
normalized_microarray_donor9861,LRP8,1050104,943,946,0.9968287526427061
normalized_microarray_donor9861,LRP8,1050105,895,946,0.9460887949260042
normalized_microarray_donor9861,LRRC37A4P,1015072,882,946,0.9323467230443975
normalized_microarray_donor9861,LRRC37A4P,1015124,946,946,1.0
normalized_microarray_donor9861,LRRC37A4P,1015247,935,946,0.9883720930232558
normalized_microarray_donor9861,LRRC37A4P,1015252,906,946,0.9577167019027484
normalized_microarray_donor9861,LRRC37A4P,1020297,946,946,1.0
normalized_microarray_donor9861,LRRC37A4P,1022598,920,946,0.9725158562367865
normalized_microarray_donor9861,LRRC37A4P,1070359,631,946,0.6670190274841438
normalized_microarray_donor9861,LRRK2,1022614,945,946,0.9989429175475687
normalized_microarray_donor9861,LRRK2,1022615,888,946,0.9386892177589852
normalized_microarray_donor9861,LRRK2,1022616,682,946,0.7209302325581395
normalized_microarray_donor9861,LRRN2,1024046,946,946,1.0
normalized_microarray_donor9861,LRRN2,1024047,542,946,0.572938689217759
normalized_microarray_donor9861,LRRN2,1047393,100,946,0.10570824524312897
normalized_microarray_donor9861,MAP4K4,1030502,942,946,0.9957716701902748
normalized_microarray_donor9861,MAP4K4,1030503,938,946,0.9915433403805497
normalized_microarray_donor9861,MAP4K4,1030504,946,946,1.0
normalized_microarray_donor9861,MAP4K4,1030505,945,946,0.9989429175475687
normalized_microarray_donor9861,MAPT,1010837,938,946,0.9915433403805497
normalized_microarray_donor9861,MAPT,1012542,11,946,0.011627906976744186
normalized_microarray_donor9861,MAPT,1014908,868,946,0.9175475687103594
normalized_microarray_donor9861,MAPT,1020634,946,946,1.0
normalized_microarray_donor9861,MAPT-AS1,1063807,946,946,1.0
normalized_microarray_donor9861,MBNL2,1026724,946,946,1.0
normalized_microarray_donor9861,MBNL2,1026725,937,946,0.9904862579281184
normalized_microarray_donor9861,MCCC1,1041094,941,946,0.9947145877378436
normalized_microarray_donor9861,MCCC1,1041095,300,946,0.3171247357293869
normalized_microarray_donor9861,MED12L,1036005,725,946,0.766384778012685
normalized_microarray_donor9861,MED12L,1036006,749,946,0.7917547568710359
normalized_microarray_donor9861,MED13,1047969,859,946,0.9080338266384778
normalized_microarray_donor9861,MED13,1047970,946,946,1.0
normalized_microarray_donor9861,METTL13,1029408,946,946,1.0
normalized_microarray_donor9861,METTL13,1029409,629,946,0.6649048625792812
normalized_microarray_donor9861,MIPOL1,1034741,899,946,0.9503171247357294
normalized_microarray_donor9861,MIPOL1,1034742,867,946,0.9164904862579282
normalized_microarray_donor9861,MMRN1,1046181,8,946,0.008456659619450317
normalized_microarray_donor9861,MMRN1,1046182,17,946,0.017970401691331923
normalized_microarray_donor9861,MORN1,1038820,556,946,0.587737843551797
normalized_microarray_donor9861,MORN1,1038821,503,946,0.5317124735729387
normalized_microarray_donor9861,MRPL1,1039604,872,946,0.9217758985200846
normalized_microarray_donor9861,MRPL1,1039605,946,946,1.0
normalized_microarray_donor9861,MSR1,1023451,7,946,0.007399577167019027
normalized_microarray_donor9861,MSR1,1023452,5,946,0.005285412262156448
normalized_microarray_donor9861,MSR1,1023453,36,946,0.03805496828752643
normalized_microarray_donor9861,MSR1,1054033,4,946,0.004228329809725159
normalized_microarray_donor9861,MTF2,1046288,945,946,0.9989429175475687
normalized_microarray_donor9861,MTF2,1046289,946,946,1.0
normalized_microarray_donor9861,MUC12,1015514,381,946,0.40274841437632136
normalized_microarray_donor9861,MUC12,1025233,5,946,0.005285412262156448
normalized_microarray_donor9861,MUC12,1025234,6,946,0.006342494714587738
normalized_microarray_donor9861,MUC12,1025235,42,946,0.04439746300211417
normalized_microarray_donor9861,MUC12,1047868,1,946,0.0010570824524312897
normalized_microarray_donor9861,MUC19,1069887,3,946,0.003171247357293869
normalized_microarray_donor9861,MYLK2,1037087,920,946,0.9725158562367865
normalized_microarray_donor9861,MYLK2,1037088,25,946,0.026427061310782242
normalized_microarray_donor9861,NDUFAF2,1036662,946,946,1.0
normalized_microarray_donor9861,NDUFAF2,1036663,946,946,1.0
normalized_microarray_donor9861,NDUFAF2,1036664,946,946,1.0
normalized_microarray_donor9861,NOD2,1039983,73,946,0.07716701902748414
normalized_microarray_donor9861,NOD2,1039984,0,946,0.0
normalized_microarray_donor9861,NOL4,1049390,889,946,0.9397463002114165
normalized_microarray_donor9861,NOL4,1049391,932,946,0.985200845665962
normalized_microarray_donor9861,NRBP1,1044129,789,946,0.8340380549682875
normalized_microarray_donor9861,NRBP1,1044130,416,946,0.4397463002114165
normalized_microarray_donor9861,NSF,1053553,946,946,1.0
normalized_microarray_donor9861,NSF,1053554,946,946,1.0
normalized_microarray_donor9861,NUCKS1,1039781,945,946,0.9989429175475687
normalized_microarray_donor9861,NUCKS1,1039782,941,946,0.9947145877378436
normalized_microarray_donor9861,NUCKS1,1039783,946,946,1.0
normalized_microarray_donor9861,NUCKS1,1039784,818,946,0.864693446088795
normalized_microarray_donor9861,NUCKS1,1039785,28,946,0.02959830866807611
normalized_microarray_donor9861,NUCKS1,1039786,946,946,1.0
normalized_microarray_donor9861,NUCKS1,1039787,946,946,1.0
normalized_microarray_donor9861,P2RX5,1029745,634,946,0.6701902748414377
normalized_microarray_donor9861,P2RX5,1029961,773,946,0.8171247357293869
normalized_microarray_donor9861,P2RX5,1029962,705,946,0.7452431289640592
normalized_microarray_donor9861,PAM,1053360,946,946,1.0
normalized_microarray_donor9861,PAM,1053361,46,946,0.048625792811839326
normalized_microarray_donor9861,PAM,1053362,895,946,0.9460887949260042
normalized_microarray_donor9861,PAM,1053363,928,946,0.9809725158562368
normalized_microarray_donor9861,PARP9,1012605,99,946,0.10465116279069768
normalized_microarray_donor9861,PARP9,1014893,123,946,0.13002114164904863
normalized_microarray_donor9861,PARP9,1017969,281,946,0.29704016913319237
normalized_microarray_donor9861,PARP9,1019052,138,946,0.14587737843551796
normalized_microarray_donor9861,PBXIP1,1040725,910,946,0.9619450317124736
normalized_microarray_donor9861,PCGF3,1047531,939,946,0.992600422832981
normalized_microarray_donor9861,PCGF3,1047532,216,946,0.22832980972515857
normalized_microarray_donor9861,PCGF3,1047533,581,946,0.6141649048625792
normalized_microarray_donor9861,PCGF3,1047534,813,946,0.8594080338266384
normalized_microarray_donor9861,PDE5A,1023660,427,946,0.4513742071881607
normalized_microarray_donor9861,PDE5A,1029314,305,946,0.3224101479915433
normalized_microarray_donor9861,PDE5A,1029315,541,946,0.5718816067653277
normalized_microarray_donor9861,PDGFB,1025515,855,946,0.9038054968287527
normalized_microarray_donor9861,PDGFB,1025516,682,946,0.7209302325581395
normalized_microarray_donor9861,PDLIM2,1030473,946,946,1.0
normalized_microarray_donor9861,PDLIM2,1030474,934,946,0.9873150105708245
normalized_microarray_donor9861,PDLIM2,1030475,943,946,0.9968287526427061
normalized_microarray_donor9861,PDLIM2,1030506,11,946,0.011627906976744186
normalized_microarray_donor9861,PDLIM2,1030507,670,946,0.7082452431289641
normalized_microarray_donor9861,PDLIM2,1063413,584,946,0.6173361522198731
normalized_microarray_donor9861,PIK3CA,1053064,912,946,0.9640591966173362
normalized_microarray_donor9861,PIK3CA,1053065,944,946,0.9978858350951374
normalized_microarray_donor9861,PITPNM2,1040522,275,946,0.29069767441860467
normalized_microarray_donor9861,PITPNM2,1040523,712,946,0.7526427061310782
normalized_microarray_donor9861,PKP2,1028774,662,946,0.6997885835095138
normalized_microarray_donor9861,PKP2,1028775,353,946,0.37315010570824525
normalized_microarray_donor9861,PKP2,1068149,96,946,0.1014799154334038
normalized_microarray_donor9861,PLEKHM1,1014469,284,946,0.30021141649048627
normalized_microarray_donor9861,PLEKHM1,1015773,946,946,1.0
normalized_microarray_donor9861,PLEKHM1,1019528,473,946,0.5
normalized_microarray_donor9861,PLEKHM1,1020046,946,946,1.0
normalized_microarray_donor9861,PMVK,1047114,946,946,1.0
normalized_microarray_donor9861,PMVK,1047115,853,946,0.9016913319238901
normalized_microarray_donor9861,PRDM15,1021358,126,946,0.1331923890063425
normalized_microarray_donor9861,PRDM15,1021359,126,946,0.1331923890063425
normalized_microarray_donor9861,PRDM15,1021360,10,946,0.010570824524312896
normalized_microarray_donor9861,PRDM15,1065382,3,946,0.003171247357293869
normalized_microarray_donor9861,RAB25,1040843,2,946,0.0021141649048625794
normalized_microarray_donor9861,RAB25,1040844,8,946,0.008456659619450317
normalized_microarray_donor9861,RABEP2,1038854,779,946,0.8234672304439746
normalized_microarray_donor9861,RABEP2,1038855,773,946,0.8171247357293869
normalized_microarray_donor9861,RBMS3,1027165,945,946,0.9989429175475687
normalized_microarray_donor9861,RBMS3,1027166,582,946,0.6152219873150105
normalized_microarray_donor9861,RBMS3,1027167,924,946,0.9767441860465116
normalized_microarray_donor9861,RILPL2,1033620,926,946,0.9788583509513742
normalized_microarray_donor9861,RILPL2,1033621,776,946,0.8202959830866807
normalized_microarray_donor9861,RIMS1,1046115,785,946,0.8298097251585623
normalized_microarray_donor9861,RIMS1,1046116,942,946,0.9957716701902748
normalized_microarray_donor9861,RIMS2,1013694,939,946,0.992600422832981
normalized_microarray_donor9861,RIMS2,1014746,776,946,0.8202959830866807
normalized_microarray_donor9861,RIMS2,1015006,887,946,0.9376321353065539
normalized_microarray_donor9861,RIMS2,1020609,945,946,0.9989429175475687
normalized_microarray_donor9861,RIT1,1052172,918,946,0.9704016913319239
normalized_microarray_donor9861,RIT1,1052174,342,946,0.36152219873150104
normalized_microarray_donor9861,RIT2,1052175,886,946,0.9365750528541226
normalized_microarray_donor9861,RIT2,1052176,927,946,0.9799154334038055
normalized_microarray_donor9861,RNF141,1043920,946,946,1.0
normalized_microarray_donor9861,RNF141,1043922,945,946,0.9989429175475687
normalized_microarray_donor9861,RORA,1024340,945,946,0.9989429175475687
normalized_microarray_donor9861,RORA,1024341,943,946,0.9968287526427061
normalized_microarray_donor9861,RPL10,1052085,946,946,1.0
normalized_microarray_donor9861,RPL10,1052086,946,946,1.0
normalized_microarray_donor9861,RPL10,1052087,923,946,0.9756871035940803
normalized_microarray_donor9861,RPL13AP3,1012847,946,946,1.0
normalized_microarray_donor9861,RPL3,1052118,946,946,1.0
normalized_microarray_donor9861,RPL3,1052119,698,946,0.7378435517970402
normalized_microarray_donor9861,RPS6KL1,1038074,302,946,0.3192389006342495
normalized_microarray_donor9861,RPS6KL1,1038075,825,946,0.872093023255814
normalized_microarray_donor9861,SCARB2,1058448,945,946,0.9989429175475687
normalized_microarray_donor9861,SCARB2,1058449,932,946,0.985200845665962
normalized_microarray_donor9861,SCN2A,1022204,901,946,0.952431289640592
normalized_microarray_donor9861,SCN2A,1022205,942,946,0.9957716701902748
normalized_microarray_donor9861,SCN2A,1022206,890,946,0.9408033826638478
normalized_microarray_donor9861,SCN2A,1022207,943,946,0.9968287526427061
normalized_microarray_donor9861,SEC23IP,1046486,935,946,0.9883720930232558
normalized_microarray_donor9861,SEC23IP,1046487,713,946,0.7536997885835095
normalized_microarray_donor9861,SEMA4A,1039940,806,946,0.8520084566596194
normalized_microarray_donor9861,SEMA4A,1039941,102,946,0.10782241014799154
normalized_microarray_donor9861,SETD1A,1023898,440,946,0.46511627906976744
normalized_microarray_donor9861,SETD1A,1023899,493,946,0.5211416490486258
normalized_microarray_donor9861,SH2B1,1013795,392,946,0.4143763213530655
normalized_microarray_donor9861,SH2B1,1019011,679,946,0.7177589852008457
normalized_microarray_donor9861,SH3GL2,1051629,936,946,0.9894291754756871
normalized_microarray_donor9861,SH3GL2,1051630,923,946,0.9756871035940803
normalized_microarray_donor9861,SIPA1L2,1040561,942,946,0.9957716701902748
normalized_microarray_donor9861,SIPA1L2,1040562,943,946,0.9968287526427061
normalized_microarray_donor9861,SLC25A44,1048289,367,946,0.3879492600422833
normalized_microarray_donor9861,SLC25A44,1048290,656,946,0.693446088794926
normalized_microarray_donor9861,SLC25A44,1048291,930,946,0.9830866807610994
normalized_microarray_donor9861,SLC2A13,1036278,941,946,0.9947145877378436
normalized_microarray_donor9861,SLC2A13,1036279,945,946,0.9989429175475687
normalized_microarray_donor9861,SLC2A13,1036280,181,946,0.19133192389006343
normalized_microarray_donor9861,SLC38A1,1011006,945,946,0.9989429175475687
normalized_microarray_donor9861,SLC38A1,1020708,944,946,0.9978858350951374
normalized_microarray_donor9861,SLC41A1,1032909,941,946,0.9947145877378436
normalized_microarray_donor9861,SLC41A1,1032910,14,946,0.014799154334038054
normalized_microarray_donor9861,SLC44A4,1038467,10,946,0.010570824524312896
normalized_microarray_donor9861,SLC44A4,1038468,7,946,0.007399577167019027
normalized_microarray_donor9861,SMAD4,1054430,847,946,0.8953488372093024
normalized_microarray_donor9861,SMAD4,1054431,570,946,0.6025369978858351
normalized_microarray_donor9861,SNCA,1010655,946,946,1.0
normalized_microarray_donor9861,SNCA,1020182,943,946,0.9968287526427061
normalized_microarray_donor9861,SORBS2,1029199,923,946,0.9756871035940803
normalized_microarray_donor9861,SORBS2,1029200,762,946,0.8054968287526427
normalized_microarray_donor9861,SORBS2,1068745,864,946,0.9133192389006343
normalized_microarray_donor9861,SPATA19,1033264,62,946,0.06553911205073996
normalized_microarray_donor9861,SPATA19,1033265,2,946,0.0021141649048625794
normalized_microarray_donor9861,SPATA6,1042808,854,946,0.9027484143763214
normalized_microarray_donor9861,SPATA6,1042809,902,946,0.9534883720930233
normalized_microarray_donor9861,SPPL2B,1013582,934,946,0.9873150105708245
normalized_microarray_donor9861,SPPL2B,1019980,946,946,1.0
normalized_microarray_donor9861,SPTSSB,1021818,589,946,0.6226215644820295
normalized_microarray_donor9861,SPTSSB,1021819,360,946,0.38054968287526425
normalized_microarray_donor9861,STK39,1044446,945,946,0.9989429175475687
normalized_microarray_donor9861,STK39,1044447,936,946,0.9894291754756871
normalized_microarray_donor9861,STX1B,1036371,945,946,0.9989429175475687
normalized_microarray_donor9861,STX1B,1036372,944,946,0.9978858350951374
normalized_microarray_donor9861,SV2C,1025369,903,946,0.9545454545454546
normalized_microarray_donor9861,SV2C,1025370,820,946,0.8668076109936576
normalized_microarray_donor9861,SV2C,1025371,804,946,0.8498942917547568
normalized_microarray_donor9861,SYT10,1031929,676,946,0.7145877378435518
normalized_microarray_donor9861,SYT10,1031930,596,946,0.6300211416490487
normalized_microarray_donor9861,SYT17,1043121,936,946,0.9894291754756871
normalized_microarray_donor9861,SYT17,1043122,925,946,0.9778012684989429
normalized_microarray_donor9861,SYT17,1043123,883,946,0.9334038054968288
normalized_microarray_donor9861,SYT4,1051007,943,946,0.9968287526427061
normalized_microarray_donor9861,SYT4,1051008,933,946,0.9862579281183932
normalized_microarray_donor9861,SYT4,1051009,945,946,0.9989429175475687
normalized_microarray_donor9861,TAC1,1028377,805,946,0.8509513742071881
normalized_microarray_donor9861,TAC1,1029249,887,946,0.9376321353065539
normalized_microarray_donor9861,TAC1,1029250,892,946,0.9429175475687104
normalized_microarray_donor9861,TAC1,1029251,839,946,0.8868921775898521
normalized_microarray_donor9861,TAC1,1029252,791,946,0.8361522198731501
normalized_microarray_donor9861,TAC1,1029253,783,946,0.8276955602536998
normalized_microarray_donor9861,TAC1,1029254,716,946,0.7568710359408034
normalized_microarray_donor9861,TAC1,1029255,796,946,0.8414376321353065
normalized_microarray_donor9861,TAC1,1029256,818,946,0.864693446088795
normalized_microarray_donor9861,TAC1,1029257,837,946,0.8847780126849895
normalized_microarray_donor9861,TAC1,1029258,745,946,0.7875264270613108
normalized_microarray_donor9861,TAC1,1029261,765,946,0.8086680761099366
normalized_microarray_donor9861,TAC1,1051004,834,946,0.8816067653276956
normalized_microarray_donor9861,TBC1D5,1011556,940,946,0.9936575052854123
normalized_microarray_donor9861,TBC1D5,1020243,696,946,0.7357293868921776
normalized_microarray_donor9861,TBXAS1,1019912,661,946,0.6987315010570825
normalized_microarray_donor9861,TBXAS1,1028035,901,946,0.952431289640592
normalized_microarray_donor9861,TBXAS1,1028036,1,946,0.0010570824524312897
normalized_microarray_donor9861,TEKT4,1034403,49,946,0.05179704016913319
normalized_microarray_donor9861,TEKT4,1034404,349,946,0.3689217758985201
normalized_microarray_donor9861,TEKT4,1034405,98,946,0.10359408033826638
normalized_microarray_donor9861,TIAL1,1022190,935,946,0.9883720930232558
normalized_microarray_donor9861,TIAL1,1022191,928,946,0.9809725158562368
normalized_microarray_donor9861,TIAL1,1022192,919,946,0.9714587737843552
normalized_microarray_donor9861,TMEM108,1039492,938,946,0.9915433403805497
normalized_microarray_donor9861,TMEM108,1039493,771,946,0.8150105708245243
normalized_microarray_donor9861,TMEM108,1061880,4,946,0.004228329809725159
normalized_microarray_donor9861,TMEM163,1038292,522,946,0.5517970401691332
normalized_microarray_donor9861,TMEM163,1038293,283,946,0.29915433403805497
normalized_microarray_donor9861,TMEM175,1037692,946,946,1.0
normalized_microarray_donor9861,TMEM175,1037693,946,946,1.0
normalized_microarray_donor9861,TPM1,1029651,908,946,0.959830866807611
normalized_microarray_donor9861,TPM1,1029652,945,946,0.9989429175475687
normalized_microarray_donor9861,TPM1,1029653,925,946,0.9778012684989429
normalized_microarray_donor9861,TPM1,1029654,811,946,0.857293868921776
normalized_microarray_donor9861,TPM1,1029722,933,946,0.9862579281183932
normalized_microarray_donor9861,TPM1,1030777,940,946,0.9936575052854123
normalized_microarray_donor9861,TPM1,1030778,686,946,0.7251585623678647
normalized_microarray_donor9861,TRIM40,1035144,24,946,0.02536997885835095
normalized_microarray_donor9861,TRIM40,1035145,18,946,0.019027484143763214
normalized_microarray_donor9861,TRIM46,1038649,168,946,0.17758985200845667
normalized_microarray_donor9861,TRIM46,1038650,8,946,0.008456659619450317
normalized_microarray_donor9861,TRIM46,1061310,867,946,0.9164904862579282
normalized_microarray_donor9861,TXNDC15,1038974,946,946,1.0
normalized_microarray_donor9861,TXNDC15,1038975,934,946,0.9873150105708245
normalized_microarray_donor9861,UBAP2,1041521,936,946,0.9894291754756871
normalized_microarray_donor9861,UBAP2,1041522,155,946,0.1638477801268499
normalized_microarray_donor9861,UBQLN4,1041134,801,946,0.846723044397463
normalized_microarray_donor9861,UBQLN4,1041135,438,946,0.4630021141649049
normalized_microarray_donor9861,UBTF,1011311,635,946,0.671247357293869
normalized_microarray_donor9861,UBTF,1020229,848,946,0.8964059196617337
normalized_microarray_donor9861,USP50,1031669,1,946,0.0010570824524312897
normalized_microarray_donor9861,USP50,1031670,2,946,0.0021141649048625794
normalized_microarray_donor9861,USP8,1014451,935,946,0.9883720930232558
normalized_microarray_donor9861,USP8,1019894,843,946,0.8911205073995772
normalized_microarray_donor9861,VAMP4,1022872,785,946,0.8298097251585623
normalized_microarray_donor9861,VAMP4,1022873,914,946,0.9661733615221987
normalized_microarray_donor9861,VAMP4,1063422,633,946,0.6691331923890064
normalized_microarray_donor9861,VN1R10P,1037931,7,946,0.007399577167019027
normalized_microarray_donor9861,VN1R10P,1037932,6,946,0.006342494714587738
normalized_microarray_donor9861,WDHD1,1024873,523,946,0.5528541226215645
normalized_microarray_donor9861,WDHD1,1024874,675,946,0.7135306553911205
normalized_microarray_donor9861,WDHD1,1067761,3,946,0.003171247357293869
normalized_microarray_donor9861,WDR41,1042082,921,946,0.9735729386892178
normalized_microarray_donor9861,WDR41,1042083,914,946,0.9661733615221987
normalized_microarray_donor9861,WNT3,1050353,945,946,0.9989429175475687
normalized_microarray_donor9861,WNT3,1050354,9,946,0.009513742071881607
normalized_microarray_donor9861,WWOX,1025804,898,946,0.9492600422832981
normalized_microarray_donor9861,WWOX,1025805,946,946,1.0
normalized_microarray_donor9861,WWOX,1043133,946,946,1.0
normalized_microarray_donor9861,WWOX,1043134,943,946,0.9968287526427061
normalized_microarray_donor9861,WWOX,1043135,677,946,0.7156448202959831
normalized_microarray_donor9861,WWOX,1043136,945,946,0.9989429175475687
normalized_microarray_donor9861,XPO1,1050310,205,946,0.2167019027484144
normalized_microarray_donor9861,XPO1,1050311,933,946,0.9862579281183932
normalized_microarray_donor9861,ZNF322,1039074,659,946,0.6966173361522199
normalized_microarray_donor9861,ZNF322,1039075,946,946,1.0
normalized_microarray_donor9861,ZNF608,1025964,921,946,0.9735729386892178
normalized_microarray_donor9861,ZNF608,1025965,787,946,0.8319238900634249
